# Blender 4.3.2
# www.blender.org
o crossbow
v 0.600332 0.339921 0.067834
v 0.606866 0.374171 0.072338
v 0.592315 0.343612 0.067834
v 0.600821 0.377728 0.060191
v 0.606866 0.374171 0.048045
v 0.592315 0.343612 0.052549
v 0.618953 0.367059 0.048045
v 0.600332 0.339921 0.052549
v 0.624998 0.363503 0.060191
v 0.604339 0.338077 0.060191
v 0.599551 0.308655 0.060191
v 0.606404 0.311884 0.055818
v 0.618953 0.367059 0.072338
v 0.598019 0.322245 0.067906
v 0.595748 0.330959 0.067870
v 0.583572 0.332881 0.060191
v 0.586294 0.318081 0.060191
v 0.587630 0.332240 0.052512
v 0.598019 0.322245 0.052477
v 0.599806 0.330318 0.060191
v 0.606404 0.311884 0.064564
v -0.598792 0.339921 0.067834
v -0.590776 0.343611 0.067834
v -0.617415 0.367059 0.072338
v -0.599283 0.377727 0.060191
v -0.590776 0.343611 0.052549
v -0.605327 0.374171 0.048045
v -0.598792 0.339921 0.052549
v -0.617415 0.367059 0.048045
v -0.602801 0.338076 0.060191
v -0.623459 0.363503 0.060191
v -0.601400 0.309886 0.055818
v -0.605327 0.374171 0.072338
v -0.597157 0.322260 0.067906
v -0.586092 0.332240 0.067870
v -0.585580 0.317696 0.060191
v -0.582032 0.332881 0.060191
v -0.586092 0.332240 0.052512
v -0.597157 0.322260 0.052477
v -0.598268 0.330318 0.060191
v -0.601400 0.309886 0.064564
v -0.608136 0.313349 0.060191
v -0.684408 0.368445 0.044883
v -0.648252 0.358701 0.046623
v -0.689572 0.356839 0.041930
v -0.694683 0.347391 0.044845
v -0.685945 0.368492 0.072603
v -0.648252 0.358759 0.068734
v -0.653186 0.336326 0.069287
v 0.684408 0.368359 0.072649
v 0.645448 0.347533 0.067217
v 0.685945 0.368406 0.044930
v 0.694737 0.345165 0.072649
v 0.649838 0.327641 0.067217
v 0.694642 0.347363 0.044883
v 0.645448 0.347449 0.048140
v 0.649704 0.328404 0.047664
v -0.620808 0.359464 0.082407
v -0.615769 0.331472 0.082385
v 0.622281 0.359148 0.033934
v -0.450729 0.505750 0.065352
v -0.331512 0.663721 0.064410
v -0.212733 0.743883 0.057554
v -0.100387 0.807596 0.041812
v -0.001521 0.817530 0.039938
v -0.427544 0.487133 0.064031
v -0.308197 0.615853 0.066990
v -0.205593 0.681556 0.059982
v -0.100123 0.722127 0.042626
v -0.001510 0.732518 0.041123
v -0.427544 0.486922 0.027291
v -0.308197 0.616065 0.000256
v -0.212733 0.743883 -0.017947
v -0.100387 0.807596 -0.008083
v -0.450729 0.505632 0.028970
v -0.330858 0.661858 -0.000322
v -0.545655 0.402879 0.036508
v -0.595803 0.372913 0.027014
v 0.451873 0.507769 0.030850
v 0.334038 0.661606 -0.000028
v 0.215581 0.743200 -0.017972
v 0.103108 0.805657 -0.009321
v 0.433297 0.484454 0.029320
v -0.001510 0.732518 -0.008700
v 0.208445 0.680816 0.059948
v 0.102801 0.721709 0.042598
v 0.432456 0.483753 0.066755
v 0.310729 0.613494 0.065381
v 0.537028 0.374973 0.073713
v 0.588770 0.345147 0.084331
v 0.215581 0.743200 0.057529
v 0.103065 0.807164 0.041783
v 0.451873 0.507825 0.067314
v 0.334694 0.663423 0.064675
v 0.548217 0.404382 0.073095
v 0.598542 0.373338 0.083172
v 0.597746 0.372610 0.027042
v 0.547438 0.403217 0.036525
v 0.537028 0.374973 0.036455
v 0.617578 0.332470 0.083485
v 0.622281 0.359078 0.082422
v -0.595803 0.372691 0.084321
v -0.545655 0.402879 0.073846
v -0.586817 0.345187 0.084300
v -0.534483 0.375312 0.073679
v -0.616106 0.332917 0.029453
v -0.620808 0.359767 0.030547
v -0.694642 0.347446 0.072649
v -0.690295 0.357968 0.077612
v 0.102935 0.737507 0.047058
v -0.001521 0.747280 0.043978
v 0.690294 0.357884 0.042947
v 0.690289 0.357889 0.077669
v -0.001521 0.814969 -0.007515
v 0.102935 0.737507 -0.020097
v 0.102759 0.723205 -0.008584
v -0.540070 0.389095 0.080518
v -0.591310 0.358939 0.088746
v -0.591310 0.359051 0.019097
v -0.540070 0.389095 0.031701
v -0.534483 0.375312 0.036421
v -0.586817 0.345187 0.026990
v 0.542233 0.389094 0.031735
v 0.593258 0.358897 0.019136
v 0.588770 0.345183 0.027021
v 0.593258 0.358756 0.088787
v 0.542233 0.389094 0.080563
v 0.619754 0.345475 0.022387
v 0.647649 0.337425 0.046619
v 0.617578 0.332640 0.029468
v 0.647649 0.337499 0.072435
v 0.619754 0.345226 0.087653
v -0.618281 0.345551 0.087634
v -0.650801 0.347014 0.074556
v -0.653186 0.336267 0.046071
v -0.650801 0.346961 0.044497
v -0.618281 0.345798 0.022369
v -0.100257 0.737942 0.047093
v -0.100257 0.737942 -0.020061
v -0.100078 0.723637 -0.008556
v -0.209040 0.711159 0.066085
v -0.209040 0.711169 -0.034349
v -0.205593 0.681556 -0.019447
v 0.211888 0.710459 -0.034379
v 0.208445 0.680816 -0.019474
v 0.211888 0.710459 0.066050
v 0.326457 0.641228 -0.015615
v 0.442160 0.495602 0.022589
v 0.311377 0.615854 0.000240
v 0.442160 0.495687 0.077112
v 0.326457 0.640951 0.075290
v -0.323277 0.641259 0.075143
v -0.439131 0.496341 0.073983
v -0.439131 0.496202 0.019419
v -0.323277 0.641458 -0.015800
v 0.267231 0.684345 -0.026873
v 0.258976 0.656409 -0.011588
v 0.258976 0.656282 0.062750
v 0.267231 0.684234 0.069746
v 0.272908 0.712867 0.060387
v 0.272908 0.712986 -0.010164
v -0.255994 0.656852 0.062785
v -0.255994 0.656937 -0.011566
v -0.264251 0.684862 -0.026930
v -0.269927 0.713471 -0.010272
v -0.269508 0.710704 0.062052
v -0.001515 0.773743 -0.008108
v -0.590119 0.330559 0.068184
v -0.591827 0.337541 0.070326
v -0.577482 0.337541 0.070386
v -0.579127 0.330559 0.068230
v -0.597476 0.330559 0.063721
v -0.600098 0.337541 0.065724
v -0.597653 0.330559 0.057685
v -0.600026 0.337541 0.056950
v -0.589909 0.330559 0.052696
v -0.591554 0.337541 0.050651
v -0.578917 0.330559 0.055429
v -0.577209 0.337541 0.053397
v -0.567147 0.337541 0.060465
v -0.571293 0.330559 0.062593
v -0.567260 0.337541 0.063785
v -0.571206 0.330559 0.059404
v -0.595243 0.337541 0.074610
v -0.596951 0.330559 0.076752
v -0.572551 0.330559 0.076854
v -0.574195 0.337541 0.074699
v -0.604624 0.337541 0.067322
v -0.607199 0.330559 0.068328
v -0.605144 0.337541 0.054860
v -0.607704 0.330559 0.053815
v -0.594842 0.337541 0.046560
v -0.596485 0.330559 0.044515
v -0.573794 0.337541 0.049334
v -0.572085 0.330559 0.047301
v -0.595243 0.323577 0.074610
v -0.574195 0.323577 0.074699
v -0.604624 0.323577 0.067322
v -0.605144 0.323577 0.054860
v -0.594842 0.323577 0.046560
v -0.573794 0.323577 0.049334
v -0.560777 0.323299 0.060889
v -0.560863 0.323299 0.069007
v -0.591827 0.323577 0.070326
v -0.577482 0.323577 0.070386
v -0.600098 0.323577 0.065724
v -0.600026 0.323577 0.056950
v -0.591554 0.323577 0.050651
v -0.577209 0.323577 0.053397
v -0.567147 0.323577 0.060465
v -0.567260 0.323577 0.063637
v -0.559695 0.330560 0.073671
v 0.561621 0.323299 0.069007
v 0.560454 0.330560 0.073671
v -0.560777 0.337821 0.060889
v -0.560863 0.337821 0.069007
v 0.561536 0.337821 0.060889
v -0.559547 0.330560 0.056609
v 0.560306 0.330560 0.056609
v 0.561536 0.323299 0.060889
v 0.590878 0.330559 0.068184
v 0.579887 0.330559 0.068230
v 0.578242 0.337541 0.070386
v 0.592586 0.337541 0.070326
v 0.598235 0.330559 0.063721
v 0.600857 0.337541 0.065724
v 0.598412 0.330559 0.057685
v 0.600785 0.337541 0.056950
v 0.590669 0.330559 0.052696
v 0.592313 0.337541 0.050651
v 0.579676 0.330559 0.055429
v 0.577969 0.337541 0.053397
v 0.571966 0.330559 0.059404
v 0.572053 0.330559 0.062593
v 0.567906 0.337541 0.060465
v 0.568020 0.337541 0.063785
v 0.574955 0.337541 0.074699
v 0.605383 0.337541 0.067322
v 0.595601 0.337541 0.046560
v 0.574553 0.337541 0.049334
v 0.596003 0.337541 0.074610
v 0.573310 0.330559 0.076854
v 0.597710 0.330559 0.076752
v 0.607959 0.330559 0.068328
v 0.605903 0.337541 0.054860
v 0.608462 0.330559 0.053815
v 0.597245 0.330559 0.044515
v 0.572845 0.330559 0.047301
v 0.561621 0.337821 0.069007
v 0.574955 0.323577 0.074699
v 0.596003 0.323577 0.074610
v 0.605383 0.323577 0.067322
v 0.605903 0.323577 0.054860
v 0.595601 0.323577 0.046560
v 0.574553 0.323577 0.049334
v 0.578242 0.323577 0.070386
v 0.592586 0.323577 0.070326
v 0.600857 0.323577 0.065724
v 0.600785 0.323577 0.056950
v 0.592313 0.323577 0.050651
v 0.577969 0.323577 0.053397
v 0.567906 0.323577 0.060465
v 0.568020 0.323577 0.063637
v 0.019092 0.199445 -0.088787
v 0.020472 0.177557 -0.083102
v 0.018535 0.177017 -0.084939
v -0.019251 0.202019 -0.087761
v 0.019132 0.202019 -0.087761
v 0.019270 0.213716 -0.072060
v -0.018660 0.177017 -0.084939
v -0.020591 0.177557 -0.083097
v -0.021343 0.212560 -0.070498
v 0.020981 0.199034 -0.035395
v 0.019270 0.214096 -0.069309
v -0.019389 0.213716 -0.072060
v -0.019390 0.214096 -0.069309
v -0.021100 0.199034 -0.035395
v 0.007077 -0.188244 -0.074392
v 0.009329 -0.121885 -0.064838
v 0.007404 -0.122157 -0.062942
v 0.007228 -0.190170 -0.076475
v -0.007198 -0.188244 -0.074392
v -0.007192 -0.190173 -0.076632
v 0.007072 -0.190256 -0.080457
v 0.008994 -0.188331 -0.080172
v -0.007525 -0.122157 -0.062942
v -0.009449 -0.121885 -0.064838
v -0.009114 -0.188331 -0.080172
v -0.007021 -0.190252 -0.080286
v 0.007076 -0.188395 -0.082116
v 0.007400 -0.122419 -0.073321
v 0.009317 -0.122618 -0.071412
v -0.007194 -0.188395 -0.082116
v -0.009437 -0.122618 -0.071413
v -0.007520 -0.122419 -0.073321
v 0.009301 -0.062450 -0.068762
v 0.011214 -0.062646 -0.066850
v -0.011334 -0.062646 -0.066850
v -0.009421 -0.062450 -0.068762
v 0.020750 0.186245 -0.067269
v 0.020390 0.170699 -0.034589
v 0.018445 0.168565 -0.034528
v 0.018779 0.182937 -0.064770
v 0.017412 0.123817 -0.054816
v 0.019327 0.123583 -0.056727
v 0.015629 0.061123 -0.049911
v 0.017544 0.061047 -0.051833
v -0.020870 0.186245 -0.067269
v -0.020510 0.170699 -0.034589
v -0.018899 0.182937 -0.064770
v -0.019446 0.123583 -0.056725
v -0.017533 0.123817 -0.054816
v -0.015749 0.061123 -0.049911
v -0.017339 0.116814 -0.074101
v -0.019262 0.117069 -0.072201
v 0.019142 0.117069 -0.072201
v 0.017219 0.116814 -0.074101
v 0.013778 0.015267 -0.065728
v 0.015701 0.015299 -0.063806
v 0.015498 0.058110 -0.068851
v 0.017420 0.058198 -0.066939
v -0.015820 0.015299 -0.063806
v -0.013898 0.015267 -0.065728
v -0.017538 0.058198 -0.066939
v -0.015617 0.058110 -0.068851
v -0.015859 0.015749 -0.051768
v -0.013938 0.015675 -0.049849
v -0.009444 -0.062124 -0.056052
v 0.013819 0.015675 -0.049849
v 0.009325 -0.062124 -0.056052
v -0.017665 0.061047 -0.051833
v -0.021182 0.200236 -0.087028
v -0.019212 0.199445 -0.088787
v 0.021063 0.200236 -0.087028
v -0.019207 0.201132 -0.035454
v 0.019088 0.201132 -0.035454
v -0.018564 0.168565 -0.034528
v 0.021224 0.212560 -0.070498
v -0.011367 -0.062024 -0.057964
v 0.011247 -0.062024 -0.057964
v 0.015740 0.015749 -0.051768
v -0.009114 -0.188250 -0.076338
v 0.008994 -0.188250 -0.076338
v -0.074879 0.777745 0.006222
v -0.041460 0.755197 0.006222
v -0.041460 0.755197 0.027201
v -0.074879 0.777745 0.027201
v 0.083256 0.777745 0.027201
v 0.049839 0.755197 0.027201
v 0.049839 0.755197 0.006222
v 0.083256 0.777745 0.006222
v -0.064333 0.781853 0.027201
v -0.035372 0.762313 0.027201
v -0.035372 0.762313 0.006222
v -0.064333 0.781853 0.006222
v 0.072711 0.781853 0.027201
v 0.072711 0.781853 0.006222
v 0.043751 0.762313 0.006222
v 0.043751 0.762313 0.027201
v -0.008735 0.218908 0.047983
v 0.008684 0.224456 0.030554
v -0.008735 0.224456 0.030554
v -0.007511 0.207531 0.047440
v 0.007466 0.207531 0.047440
v 0.008684 0.209178 0.047744
v 0.019507 0.181960 0.070718
v 0.021127 0.180634 0.069569
v 0.019469 0.168403 0.059794
v 0.021127 0.169851 0.058894
v -0.018690 0.195143 0.046415
v -0.020348 0.169851 0.058894
v -0.018690 0.168403 0.059794
v 0.019469 0.163880 0.046415
v -0.020348 0.165549 0.046171
v -0.018690 0.163880 0.046415
v 0.021127 0.166225 0.027520
v -0.020348 0.209770 0.045961
v -0.020348 0.202821 0.067442
v -0.018690 0.224456 0.030554
v -0.020348 0.222805 0.030271
v -0.020348 0.216892 0.048850
v -0.018690 0.218442 0.049450
v -0.020348 0.209531 0.065070
v 0.021127 0.222805 0.030271
v 0.019469 0.224456 0.030554
v 0.019469 0.218442 0.049450
v 0.008684 0.209531 0.065070
v 0.008684 0.216819 0.049151
v 0.008684 0.218908 0.047983
v -0.010395 0.218442 0.049450
v -0.008735 0.209531 0.065070
v 0.010391 0.211248 0.065128
v 0.019422 0.209495 0.066787
v 0.019422 0.211248 0.065128
v 0.010391 0.209495 0.066787
v 0.010203 0.200636 0.068187
v 0.019608 0.200636 0.068187
v -0.018643 0.209495 0.066787
v -0.008735 0.209178 0.047744
v -0.010254 0.200636 0.068188
v -0.010441 0.209495 0.066787
v -0.010441 0.211247 0.065128
v -0.018643 0.211247 0.065128
v -0.018728 0.181960 0.070718
v 0.019507 0.179692 0.071049
v -0.018728 0.179692 0.071049
v -0.020348 0.194202 0.044673
v -0.020348 0.180634 0.069569
v 0.021127 0.165549 0.046171
v 0.021127 0.194202 0.044673
v -0.020348 0.199498 0.027520
v -0.020348 0.166225 0.027520
v -0.018690 0.164565 0.027520
v 0.019469 0.164565 0.027520
v 0.021127 0.199498 0.027520
v -0.020348 0.212767 0.028545
v 0.010203 0.202197 0.069664
v 0.021127 0.209770 0.045961
v 0.021127 0.212767 0.028545
v 0.021127 0.216892 0.048850
v 0.010345 0.218442 0.049450
v -0.018830 0.202197 0.069664
v 0.019469 0.195143 0.046415
v 0.009553 0.206666 0.047369
v -0.009577 0.206633 0.047366
v -0.018690 0.207531 0.047440
v 0.010345 0.207531 0.047440
v 0.019469 0.207531 0.047440
v 0.021127 0.209531 0.065070
v -0.010395 0.207531 0.047440
v -0.008735 0.202821 0.067442
v -0.008735 0.216819 0.049151
v 0.008684 0.202821 0.067442
v 0.019608 0.202197 0.069664
v 0.021127 0.202821 0.067442
v -0.018830 0.200636 0.068188
v -0.010254 0.202197 0.069664
v 0.033052 0.778600 0.053023
v 0.033853 0.778771 0.036023
v 0.017493 0.779408 0.052261
v 0.017763 0.778580 0.053023
v 0.016720 0.778585 0.052512
v 0.014087 0.778639 0.049121
v 0.017763 0.223517 0.048243
v 0.017493 0.222702 0.047466
v 0.016720 0.223522 0.047732
v -0.015088 0.778580 0.053023
v -0.031234 0.778601 0.053023
v -0.032035 0.778608 0.052221
v -0.031233 0.223496 0.048243
v -0.031233 0.222702 0.047434
v -0.015088 0.223518 0.048243
v -0.014035 0.223522 0.047749
v -0.014035 0.778584 0.052529
v -0.011578 0.779449 0.048327
v -0.014805 0.779408 0.052263
v -0.032035 0.223668 0.031243
v -0.032035 0.223503 0.047441
v 0.033853 0.223503 0.047441
v 0.033853 0.778608 0.052221
v 0.033053 0.223495 0.048243
v 0.014087 0.223536 0.044341
v -0.011202 0.223536 0.044341
v -0.011202 0.778639 0.049121
v 0.014479 0.779449 0.048327
v -0.014806 0.222702 0.047468
v -0.031467 0.779573 0.036030
v 0.033286 0.222865 0.031236
v 0.014480 0.222742 0.043533
v -0.011578 0.222742 0.043532
v -0.031467 0.222865 0.031236
v 0.033052 0.779410 0.052228
v 0.033053 0.222702 0.047435
v 0.033286 0.779573 0.036030
v -0.032035 0.778771 0.036023
v -0.031234 0.779410 0.052229
v 0.033853 0.223668 0.031243
v 0.031124 -0.475148 -0.008934
v 0.027976 -0.565644 0.001365
v 0.041342 -0.286161 -0.050296
v 0.041217 -0.288892 -0.050322
v 0.046609 -0.172711 -0.022695
v 0.048476 -0.172924 -0.020811
v -0.030069 -0.474860 -0.007087
v -0.025042 -0.565644 0.001365
v -0.038281 -0.288892 -0.050322
v -0.038405 -0.286161 -0.050296
v -0.045541 -0.172923 -0.020819
v -0.043673 -0.172711 -0.022695
v 0.042948 0.372051 0.042738
v 0.059682 0.133487 0.040867
v 0.051569 0.046494 0.040874
v -0.056745 0.133487 0.040867
v -0.041885 0.372045 0.040867
v -0.048634 0.046494 0.040874
v -0.046773 0.046769 0.042738
v -0.046539 0.231034 -0.055543
v -0.054852 0.133487 -0.040484
v -0.056745 0.133487 -0.038597
v 0.048017 0.232283 -0.056237
v 0.047961 0.296421 -0.018054
v 0.042950 0.372045 -0.004073
v 0.044820 0.372045 -0.002192
v 0.055509 0.658419 0.044731
v -0.052572 0.658419 0.044731
v -0.054456 0.658419 0.042855
v -0.052577 0.658262 -0.012262
v 0.055509 0.658261 -0.012262
v 0.057392 0.658419 -0.010394
v 0.048736 0.693686 -0.013218
v 0.049960 0.693132 -0.010639
v 0.049695 0.039208 -0.043247
v 0.051573 0.039411 -0.041375
v 0.048092 -0.018435 -0.028797
v 0.059682 0.133487 -0.038597
v -0.047052 -0.009234 0.039276
v -0.045116 -0.011032 0.039966
v -0.045149 -0.008551 0.041077
v 0.048050 -0.011032 0.039966
v 0.048084 -0.008551 0.041077
v 0.049987 -0.009233 0.039275
v 0.049960 -0.060400 -0.022263
v -0.047025 -0.060400 -0.022263
v -0.025042 -0.565644 0.034170
v -0.023070 -0.565644 0.036089
v -0.040284 -0.287498 0.040867
v -0.045551 -0.172711 0.040867
v 0.032988 -0.475148 0.036547
v 0.027976 -0.565644 0.034170
v 0.043220 -0.287498 0.040867
v 0.041351 -0.287426 0.042738
v 0.048486 -0.172711 0.040867
v -0.045075 -0.074171 0.042738
v -0.045157 -0.018435 -0.028797
v 0.048090 -0.060516 -0.024132
v 0.049960 0.693132 0.040768
v -0.047026 0.693132 0.040768
v -0.045093 -0.071619 0.041786
v 0.048011 -0.074171 0.042738
v 0.048086 -0.060516 0.032168
v 0.049951 -0.061214 0.030293
v 0.048090 -0.018435 0.032168
v 0.048028 -0.071619 0.041786
v 0.062434 0.783719 0.045623
v 0.062434 0.781849 0.047494
v 0.062476 0.696903 0.047494
v 0.064305 0.697114 0.045751
v -0.061369 0.781849 -0.028071
v -0.059540 0.696903 0.047494
v -0.061369 0.697097 -0.013223
v 0.062234 0.694883 0.045733
v -0.059656 0.695104 -0.012973
v -0.059523 0.696704 -0.014905
v 0.062459 0.696704 -0.014905
v -0.059312 0.781693 -0.029942
v 0.062591 0.695104 -0.012973
v 0.062434 0.781878 -0.029975
v 0.064305 0.781849 -0.028071
v 0.057802 0.133481 0.042738
v -0.054867 0.133481 0.042738
v 0.049709 0.046769 0.042738
v -0.046758 0.039208 -0.043247
v 0.057789 0.133487 -0.040484
v -0.048638 0.039411 -0.041375
v -0.040013 0.372051 0.042738
v -0.045158 0.230907 0.042738
v 0.048093 0.230907 0.042738
v -0.041885 0.372045 -0.002195
v -0.047026 0.294856 -0.016599
v -0.047025 0.231035 0.040867
v -0.045027 0.296421 -0.018054
v -0.040015 0.372045 -0.004073
v 0.049960 0.231035 0.040867
v 0.049474 0.231034 -0.055543
v 0.049960 0.295012 -0.016744
v -0.045015 0.693132 0.042738
v -0.047026 0.693132 -0.010639
v -0.054456 0.658419 -0.010394
v -0.044958 0.693691 -0.012869
v 0.057392 0.658419 0.042855
v -0.040282 -0.287538 -0.048807
v 0.046616 -0.172653 0.042738
v -0.043681 -0.172653 0.042738
v -0.038415 -0.287426 0.042738
v 0.043217 -0.287538 -0.048807
v -0.028188 -0.475148 -0.008934
v -0.030053 -0.475148 0.036547
v -0.028182 -0.475148 0.038418
v 0.031117 -0.475148 0.038418
v 0.033004 -0.474860 -0.007087
v -0.047012 -0.073383 0.040951
v -0.045154 -0.018435 0.032168
v -0.045225 0.229601 -0.056739
v -0.059498 0.781849 0.047494
v -0.061369 0.697114 0.045751
v 0.064305 0.781849 0.045623
v -0.045081 0.232283 -0.056237
v 0.044820 0.372045 0.040867
v 0.026007 -0.565644 0.036089
v 0.026086 -0.565644 -0.000527
v -0.023150 -0.565644 -0.000527
v -0.045149 -0.060516 0.032168
v 0.049947 -0.073383 0.040951
v -0.045154 -0.060516 -0.024132
v -0.047029 -0.018103 -0.026954
v -0.047025 -0.017632 0.030297
v -0.047016 -0.061214 0.030293
v 0.049960 -0.017632 0.030297
v 0.049963 -0.018103 -0.026954
v 0.047949 0.693132 0.042738
v -0.059297 0.694883 0.045733
v -0.061369 0.781849 0.045623
v -0.059498 0.783719 0.045623
v -0.059312 0.783719 -0.028243
v 0.064305 0.697097 -0.013223
v 0.062434 0.783719 -0.028431
v 0.048161 0.229601 -0.056739
vn -0.1906 -0.1908 0.9629
vn -0.2463 -0.2055 0.9471
vn -0.2382 -0.1999 0.9504
vn 0.2185 -0.1889 0.9574
vn 0.2228 -0.1856 0.9570
vn 0.2194 -0.2380 0.9462
vn -0.5858 -0.5563 0.5894
vn -0.6762 -0.5475 0.4930
vn -0.5971 -0.5558 0.5784
vn -0.1268 -0.4627 -0.8774
vn -0.2412 -0.4231 -0.8734
vn -0.2586 -0.4004 -0.8791
vn 0.5071 0.8619 -0.0000
vn -0.7659 0.6428 -0.0089
vn -0.7684 0.6399 -0.0095
vn -0.6267 0.7792 -0.0005
vn -0.6227 0.7825 0.0004
vn -0.3566 0.3353 0.8720
vn -0.3053 0.3068 0.9015
vn -0.2858 0.3309 0.8994
vn -0.3581 0.3376 0.8705
vn -0.3527 -0.2997 0.8865
vn -0.3406 -0.2909 0.8941
vn 0.4883 -0.6897 0.5347
vn 0.5678 -0.5107 0.6456
vn 0.5549 -0.5467 0.6271
vn 0.4116 -0.3665 -0.8344
vn 0.5057 -0.3629 -0.7827
vn 0.5415 -0.3603 -0.7596
vn -0.4995 -0.5560 0.6643
vn -0.4995 -0.5560 -0.6643
vn -0.5971 -0.5558 -0.5784
vn -0.5858 -0.5563 -0.5894
vn 0.7666 0.6419 -0.0178
vn 0.6321 0.7744 -0.0296
vn 0.6292 0.7768 -0.0249
vn 0.7690 0.6390 -0.0177
vn -0.0972 -0.0625 0.9933
vn -0.0909 0.0251 0.9955
vn -0.0316 0.1772 0.9837
vn -0.0495 0.0951 0.9942
vn 0.6412 0.4512 -0.6207
vn 0.5937 0.4833 -0.6433
vn 0.7158 0.3931 -0.5772
vn -0.0635 -0.1182 0.9910
vn -0.0402 -0.0747 0.9964
vn -0.0332 -0.0615 0.9976
vn -0.0635 -0.1182 -0.9910
vn -0.0403 -0.0749 -0.9964
vn -0.0315 -0.0584 -0.9978
vn 0.3024 0.9527 -0.0311
vn 0.0046 0.9991 -0.0424
vn 0.3068 0.9515 -0.0234
vn -0.5071 0.8619 -0.0000
vn 0.5565 0.8308 -0.0063
vn 0.5471 0.8370 -0.0055
vn 0.4796 0.8775 -0.0028
vn 0.4799 0.8773 0.0004
vn -0.5235 -0.8518 -0.0208
vn -0.5226 -0.8525 -0.0085
vn -0.6717 -0.7404 -0.0236
vn -0.6797 -0.7331 -0.0226
vn -0.5033 0.5604 -0.6578
vn -0.6289 0.3680 -0.6849
vn -0.5931 0.4305 -0.6803
vn 0.2044 -0.4168 0.8857
vn 0.2378 -0.3978 0.8861
vn 0.1001 -0.3246 0.9406
vn 0.1700 -0.3349 0.9268
vn 0.0009 -0.0764 0.9971
vn 0.0009 -0.2326 0.9726
vn -0.1473 -0.2431 0.9587
vn -0.8140 0.3175 -0.4864
vn -0.8197 0.3392 -0.4615
vn -0.8172 0.3287 -0.4734
vn -0.6377 0.4850 0.5984
vn -0.5033 0.5604 0.6578
vn -0.6076 0.5040 0.6139
vn 0.1172 -0.2785 -0.9532
vn 0.1426 -0.3847 -0.9120
vn 0.1354 -0.3565 -0.9244
vn 0.2346 -0.2285 -0.9449
vn -0.7250 0.4216 0.5447
vn -0.5363 -0.1253 0.8347
vn -0.5360 -0.1245 0.8350
vn -0.5441 -0.1452 0.8264
vn 0.0465 -0.0220 -0.9987
vn 0.0404 -0.0431 -0.9983
vn 0.1031 0.1788 -0.9785
vn 0.8800 0.3147 0.3557
vn 0.8685 0.2282 0.4400
vn 0.8809 0.3350 0.3344
vn -0.2590 -0.9659 0.0023
vn -0.1770 -0.9842 -0.0087
vn -0.1798 -0.9837 -0.0084
vn -0.0098 -0.2140 -0.9768
vn 0.6721 -0.7405 -0.0045
vn 0.7186 -0.6896 -0.0895
vn 0.6154 -0.7882 -0.0025
vn 0.5100 0.5325 -0.6755
vn 0.1281 0.2952 0.9468
vn 0.2422 0.3301 0.9124
vn 0.1073 0.2800 0.9540
vn -0.4625 0.2824 -0.8404
vn -0.4685 0.2764 -0.8391
vn -0.2006 0.2563 -0.9455
vn -0.1246 -0.4502 -0.8842
vn -0.1566 -0.4325 -0.8879
vn -0.1118 -0.4478 -0.8871
vn 0.1290 -0.4513 -0.8830
vn 0.1156 -0.4485 -0.8863
vn 0.1476 -0.4438 -0.8839
vn -0.1809 0.4333 -0.8829
vn -0.3981 0.3989 -0.8261
vn -0.3761 0.3991 -0.8362
vn -0.1278 0.3922 -0.9109
vn 0.1352 0.3200 0.9377
vn 0.3722 0.2613 0.8906
vn 0.3604 0.2935 0.8854
vn 0.1194 0.3319 0.9357
vn 0.6460 0.3618 -0.6722
vn 0.5186 0.4195 -0.7450
vn 0.5300 0.4150 -0.7396
vn -0.4641 -0.2794 0.8406
vn -0.4379 -0.3145 0.8422
vn 0.6099 -0.3531 -0.7095
vn -0.1906 -0.2616 0.9462
vn -0.3474 -0.2945 0.8903
vn 0.8798 0.3820 0.2829
vn 0.0982 -0.0626 0.9932
vn 0.1480 -0.2432 0.9586
vn 0.0006 -0.9999 -0.0148
vn -0.2411 -0.9703 -0.0211
vn -0.2455 -0.9691 -0.0240
vn 0.0007 -0.9999 -0.0148
vn 0.9211 0.3873 0.0393
vn 0.9162 0.4006 -0.0126
vn 0.9151 0.4029 -0.0143
vn 0.2145 -0.2595 0.9416
vn 0.1928 -0.2599 0.9462
vn 0.3465 -0.2902 0.8920
vn 0.2493 -0.4026 -0.8808
vn 0.2815 -0.4046 -0.8701
vn 0.2248 -0.2482 -0.9422
vn -0.2844 -0.2278 -0.9312
vn -0.2572 -0.2234 -0.9402
vn -0.1999 -0.2478 0.9480
vn -0.7166 0.6974 -0.0065
vn -0.7096 0.7046 -0.0057
vn 0.4990 -0.4212 -0.7574
vn 0.4905 -0.4832 -0.7252
vn 0.5039 -0.0855 -0.8595
vn 0.4940 0.0119 -0.8694
vn -0.1103 -0.9937 -0.0176
vn -0.6762 -0.5475 -0.4930
vn -0.3925 -0.4932 -0.7763
vn -0.5625 0.0038 -0.8268
vn -0.5405 0.1352 -0.8304
vn -0.4274 0.3588 -0.8298
vn 0.0403 -0.0749 -0.9964
vn 0.0635 -0.1182 -0.9910
vn 0.0315 -0.0584 -0.9978
vn -0.6094 -0.7929 0.0018
vn -0.6128 -0.7902 -0.0023
vn -0.4494 -0.8933 -0.0010
vn -0.4482 -0.8939 -0.0011
vn -0.2990 0.2974 0.9067
vn -0.1145 0.3013 0.9466
vn -0.0799 0.2976 0.9514
vn -0.3206 0.2638 0.9097
vn 0.1635 -0.4282 -0.8888
vn 0.1100 -0.1059 -0.9883
vn 0.2238 -0.4232 -0.8780
vn -0.1858 -0.4110 -0.8925
vn -0.1271 -0.1372 -0.9824
vn -0.1831 -0.4363 -0.8810
vn 0.2422 -0.9701 -0.0160
vn 0.2407 -0.9704 -0.0213
vn -0.2420 -0.3733 -0.8956
vn -0.2459 -0.3615 -0.8994
vn -0.1929 -0.4264 -0.8837
vn -0.1808 -0.4329 -0.8831
vn -0.7269 -0.6861 -0.0295
vn -0.7219 -0.6783 0.1370
vn 0.4055 -0.3655 0.8378
vn 0.3564 -0.2992 0.8851
vn 0.4135 -0.3716 0.8312
vn -0.5563 -0.0336 0.8303
vn -0.4650 0.8852 -0.0160
vn -0.6847 0.2514 -0.6841
vn 0.4073 -0.9132 -0.0132
vn 0.4525 -0.8917 -0.0068
vn 0.4519 -0.8920 -0.0069
vn -0.1932 -0.3966 0.8974
vn -0.2136 -0.3972 0.8925
vn -0.0394 -0.4170 0.9081
vn -0.0206 -0.1302 -0.9913
vn -0.0773 -0.0168 -0.9969
vn -0.0705 -0.0187 -0.9973
vn 0.0132 -0.1757 -0.9843
vn 0.7142 0.6997 -0.0145
vn 0.7221 0.6916 -0.0147
vn 0.6786 -0.7345 -0.0015
vn 0.7277 -0.6859 0.0037
vn -0.5605 0.8281 0.0107
vn -0.5514 0.8342 0.0115
vn -0.1206 -0.3511 0.9285
vn -0.1440 -0.3515 0.9251
vn -0.3084 0.9513 0.0038
vn -0.2992 0.9542 0.0045
vn -0.4903 0.8715 0.0040
vn 0.2684 0.4591 -0.8469
vn 0.2487 0.4688 -0.8476
vn -0.2915 0.3730 0.8809
vn -0.2819 0.3010 0.9110
vn -0.2792 0.2831 0.9176
vn 0.4024 -0.9155 -0.0003
vn 0.4006 -0.9162 -0.0038
vn 0.6762 -0.5475 -0.4929
vn 0.5971 -0.5558 -0.5784
vn 0.5858 -0.5563 -0.5893
vn 0.0072 0.9985 -0.0539
vn -0.3049 0.9524 -0.0076
vn 0.3771 -0.9242 -0.0597
vn -0.2963 -0.9551 -0.0061
vn -0.3012 -0.9535 -0.0059
vn 0.8140 0.3175 0.4864
vn 0.8197 0.3391 0.4616
vn 0.8172 0.3287 0.4735
vn 0.0946 0.0220 0.9953
vn 0.0385 0.1744 0.9839
vn -0.0821 0.2487 0.9651
vn -0.3174 -0.4950 0.8089
vn -0.3960 -0.9178 -0.0278
vn 0.3979 0.3998 -0.8258
vn 0.3762 0.3996 -0.8359
vn 0.5261 0.3715 -0.7650
vn -0.5214 0.3729 -0.7675
vn 0.0505 0.0950 0.9942
vn -0.4236 0.3783 -0.8231
vn -0.4958 0.2578 -0.8293
vn -0.1768 0.4412 -0.8798
vn -0.1437 0.2906 -0.9460
vn -0.2108 0.4453 -0.8702
vn -0.5509 0.3648 -0.7506
vn 0.1201 -0.4621 -0.8786
vn -0.0397 0.1482 -0.9882
vn 0.2302 0.4216 -0.8771
vn 0.2196 0.3843 -0.8967
vn 0.6762 -0.5475 0.4929
vn 0.7268 -0.4857 0.4856
vn 0.7243 -0.4890 0.4861
vn 0.4352 0.2366 -0.8687
vn 0.4379 0.2503 -0.8635
vn 0.5573 0.3636 -0.7465
vn 0.1710 0.2736 -0.9465
vn 0.0954 0.2929 -0.9514
vn 0.6359 0.4612 0.6188
vn 0.6056 0.3912 0.6930
vn 0.0315 -0.0584 0.9978
vn 0.0635 -0.1182 0.9910
vn 0.0403 -0.0749 0.9964
vn 0.2178 0.3622 0.9063
vn 0.1654 0.3723 0.9133
vn 0.3891 0.3612 0.8475
vn 0.2877 0.3209 0.9024
vn -0.1422 0.1222 -0.9823
vn 0.6088 -0.7933 -0.0000
vn 0.4006 0.3596 0.8427
vn 0.1764 0.3716 0.9115
vn 0.1719 0.3646 0.9152
vn -0.0648 0.4503 0.8905
vn 0.7730 -0.4204 0.4751
vn -0.5040 -0.4044 -0.7632
vn -0.4538 -0.4327 -0.7790
vn -0.3274 -0.4941 -0.8054
vn 0.4486 0.8937 -0.0004
vn 0.4527 0.8917 -0.0039
vn 0.4870 0.8733 -0.0117
vn -0.2021 0.3533 0.9134
vn -0.1687 0.3732 0.9123
vn 0.6099 -0.3531 0.7095
vn -0.0776 0.4272 0.9008
vn -0.2880 -0.4971 0.8185
vn -0.9026 0.4295 -0.0281
vn -0.9171 0.3980 -0.0223
vn -0.9208 0.3887 -0.0315
vn 0.8172 0.3287 -0.4735
vn 0.8197 0.3391 -0.4616
vn 0.8140 0.3175 -0.4864
vn -0.1390 -0.9902 -0.0123
vn 0.0985 0.9951 0.0045
vn 0.0938 0.9956 0.0044
vn 0.2552 0.9669 0.0058
vn 0.4995 -0.5560 -0.6643
vn -0.6212 -0.3274 -0.7119
vn -0.4893 0.8721 0.0094
vn -0.4896 0.8719 0.0087
vn 0.5346 -0.8451 -0.0014
vn 0.5219 -0.8530 -0.0010
vn -0.3692 -0.6891 0.6236
vn -0.1816 -0.1805 0.9667
vn -0.1793 -0.1861 0.9660
vn 0.1776 -0.1788 0.9677
vn -0.4572 -0.8894 -0.0000
vn 0.4263 -0.9046 -0.0000
vn -0.0372 -0.4137 0.9096
vn -0.8110 0.3130 -0.4944
vn -0.8105 0.3130 -0.4950
vn -0.8127 0.3128 0.4916
vn -0.8105 0.3130 0.4950
vn -0.8110 0.3130 0.4944
vn -0.8131 0.3127 0.4911
vn 0.0022 -0.1926 -0.9813
vn -0.0007 -0.0095 -1.0000
vn 0.0196 0.1349 -0.9907
vn -0.0022 0.1081 -0.9941
vn 0.0012 0.0027 -1.0000
vn 0.9220 0.3861 0.0274
vn 0.9263 0.3731 0.0520
vn 0.8919 0.3971 -0.2165
vn -0.0012 0.0027 1.0000
vn 0.0528 -0.3505 0.9351
vn 0.0553 -0.3657 0.9291
vn -0.4896 0.8719 0.0028
vn -0.2934 0.3896 0.8730
vn -0.3118 0.9501 -0.0000
vn 0.8110 0.3130 0.4943
vn 0.8106 0.3130 0.4950
vn -0.0012 0.0027 -1.0000
vn 0.0006 0.0574 0.9984
vn 0.5139 0.8578 -0.0079
vn 0.4884 0.8726 0.0013
vn -0.9076 0.4168 -0.0510
vn -0.8795 0.4759 0.0004
vn -0.9242 0.3819 -0.0002
vn 0.8106 0.3130 -0.4950
vn 0.8110 0.3130 -0.4943
vn 0.0015 0.0033 1.0000
vn 0.5016 0.8582 -0.1091
vn 0.0040 0.2942 -0.9557
vn 0.2212 0.3436 -0.9127
vn 0.2579 0.3405 -0.9042
vn 0.4747 0.4028 -0.7826
vn 0.4651 0.3836 -0.7978
vn 0.9418 0.3360 -0.0083
vn 0.9473 0.3190 -0.0278
vn 0.9417 0.3365 -0.0077
vn 0.9368 0.3497 0.0077
vn 0.5484 0.3052 0.7785
vn 0.5073 0.3501 0.7874
vn 0.5361 0.3191 0.7815
vn 0.5734 0.2762 0.7713
vn -0.1960 0.2617 0.9450
vn -0.3536 -0.0065 0.9354
vn -0.3926 0.3307 0.8582
vn -0.1827 0.2365 0.9543
vn -0.4961 -0.0648 0.8659
vn -0.5002 0.2440 0.8308
vn -0.8635 0.5037 -0.0251
vn -0.8639 0.5031 -0.0236
vn -0.8626 0.5051 -0.0279
vn -0.8622 0.5057 -0.0293
vn -0.5117 0.3970 -0.7620
vn -0.5445 0.3619 -0.7566
vn -0.5231 0.3851 -0.7603
vn -0.4934 0.4155 -0.7641
vn -0.0000 1.0000 -0.0000
vn -0.0063 1.0000 -0.0040
vn -0.0070 1.0000 -0.0002
vn -0.0074 1.0000 -0.0063
vn -0.0464 0.9980 0.0428
vn -0.0239 0.9997 0.0054
vn -0.0331 0.9994 -0.0072
vn -0.0198 0.9998 -0.0058
vn 0.1654 0.3263 0.9307
vn -0.0040 0.2942 0.9557
vn 0.1745 0.3718 0.9118
vn -0.5880 0.3513 0.7286
vn -0.5809 0.3219 0.7477
vn -0.5849 0.3381 0.7373
vn -0.5912 0.3652 0.7191
vn -0.9374 0.3466 0.0345
vn -0.9401 0.3387 0.0393
vn -0.9387 0.3427 0.0369
vn -0.9362 0.3499 0.0326
vn -0.5981 0.3361 -0.7275
vn -0.5873 0.3517 -0.7290
vn -0.5923 0.3446 -0.7283
vn -0.6026 0.3296 -0.7268
vn 0.1122 0.2641 -0.9579
vn 0.3442 0.3599 -0.8672
vn 0.3661 0.3367 -0.8676
vn 0.1097 0.2556 -0.9605
vn 0.5745 0.4857 -0.6588
vn 0.5715 0.4540 -0.6836
vn 0.1304 0.5191 0.8447
vn 0.0965 0.5489 0.8303
vn 0.1259 -0.3196 0.9391
vn -0.0040 -0.2942 0.9557
vn 0.1192 -0.3551 0.9272
vn -0.5816 -0.3516 0.7336
vn -0.6002 -0.3265 0.7301
vn -0.5911 -0.3390 0.7319
vn -0.5711 -0.3652 0.7351
vn -0.9372 -0.3468 0.0368
vn -0.9400 -0.3396 0.0327
vn -0.9387 -0.3429 0.0346
vn -0.9357 -0.3507 0.0391
vn -0.5944 -0.3357 -0.7307
vn -0.5975 -0.3517 -0.7207
vn -0.5961 -0.3444 -0.7253
vn -0.5928 -0.3274 -0.7358
vn 0.1222 -0.2632 -0.9570
vn 0.1082 -0.3021 -0.9471
vn 0.1113 -0.2935 -0.9495
vn 0.1264 -0.2513 -0.9596
vn 0.5899 -0.3971 -0.7031
vn 0.5169 -0.4980 -0.6963
vn 0.5486 -0.4566 -0.7005
vn 0.6163 -0.3554 -0.7028
vn 0.1422 -0.5210 0.8416
vn 0.1633 -0.5516 0.8180
vn -0.0105 -0.9999 0.0080
vn -0.0000 -1.0000 -0.0000
vn -0.0068 -1.0000 -0.0007
vn -0.0055 -1.0000 0.0033
vn -0.0259 -0.9997 0.0043
vn -0.0401 -0.9991 0.0137
vn -0.0164 -0.9999 -0.0054
vn -0.0324 -0.9994 -0.0137
vn 0.0040 -0.2942 -0.9557
vn 0.2659 -0.3515 -0.8977
vn 0.2314 -0.3366 -0.9128
vn 0.4461 -0.3976 -0.8018
vn 0.4621 -0.3828 -0.7999
vn 0.9411 -0.3381 -0.0074
vn 0.9465 -0.3225 0.0078
vn 0.9409 -0.3387 -0.0080
vn 0.9332 -0.3584 -0.0274
vn 0.5394 -0.3029 0.7857
vn 0.5585 -0.3516 0.7513
vn 0.5455 -0.3181 0.7754
vn 0.5225 -0.2630 0.8110
vn -0.2136 -0.2583 0.9422
vn -0.3499 -0.3040 0.8861
vn -0.2353 -0.2218 0.9463
vn -0.5625 -0.2053 0.8009
vn -0.8633 -0.5038 -0.0291
vn -0.8635 -0.5034 -0.0308
vn -0.8629 -0.5047 -0.0252
vn -0.8627 -0.5051 -0.0235
vn -0.5236 -0.3926 -0.7561
vn -0.5137 -0.3613 -0.7781
vn -0.5202 -0.3814 -0.7642
vn -0.5309 -0.4170 -0.7377
vn -0.1422 -0.5210 0.8416
vn -0.1633 -0.5516 0.8180
vn -0.1304 0.5191 0.8447
vn -0.0965 0.5489 0.8303
vn 0.0239 0.9997 0.0054
vn 0.0198 0.9998 -0.0058
vn -0.0000 0.5079 -0.8614
vn -0.0000 -0.5078 -0.8615
vn 0.0164 -0.9999 -0.0054
vn 0.0259 -0.9997 0.0043
vn -0.2579 0.3404 -0.9042
vn -0.2212 0.3436 -0.9127
vn -0.0040 0.2942 -0.9557
vn -0.4651 0.3836 -0.7979
vn -0.4747 0.4027 -0.7826
vn -0.9417 0.3364 -0.0077
vn -0.9473 0.3190 -0.0277
vn -0.9419 0.3359 -0.0083
vn -0.9369 0.3496 0.0077
vn -0.5361 0.3191 0.7815
vn -0.5074 0.3501 0.7874
vn -0.5485 0.3052 0.7785
vn -0.5735 0.2762 0.7713
vn 0.3925 0.3306 0.8582
vn 0.3536 -0.0065 0.9354
vn 0.1960 0.2617 0.9450
vn 0.1827 0.2365 0.9543
vn 0.5002 0.2440 0.8308
vn 0.4961 -0.0648 0.8659
vn 0.8626 0.5051 -0.0280
vn 0.8639 0.5031 -0.0236
vn 0.8635 0.5037 -0.0251
vn 0.8622 0.5057 -0.0294
vn 0.5231 0.3851 -0.7603
vn 0.5445 0.3619 -0.7566
vn 0.5117 0.3970 -0.7620
vn 0.4934 0.4155 -0.7641
vn 0.0063 1.0000 -0.0040
vn 0.0074 1.0000 -0.0063
vn 0.0070 1.0000 -0.0002
vn 0.0464 0.9980 0.0428
vn 0.0331 0.9994 -0.0072
vn 0.0040 0.2942 0.9557
vn -0.1653 0.3263 0.9307
vn -0.1745 0.3718 0.9118
vn 0.5849 0.3381 0.7373
vn 0.5809 0.3220 0.7476
vn 0.5880 0.3513 0.7286
vn 0.5911 0.3652 0.7192
vn 0.9387 0.3427 0.0369
vn 0.9401 0.3387 0.0393
vn 0.9373 0.3468 0.0345
vn 0.9361 0.3501 0.0324
vn 0.5923 0.3447 -0.7283
vn 0.5872 0.3519 -0.7289
vn 0.5981 0.3362 -0.7275
vn 0.6026 0.3296 -0.7268
vn -0.3660 0.3366 -0.8676
vn -0.3442 0.3599 -0.8672
vn -0.1122 0.2641 -0.9579
vn -0.1097 0.2555 -0.9606
vn -0.5715 0.4540 -0.6836
vn -0.5745 0.4858 -0.6588
vn 0.0040 -0.2942 0.9557
vn -0.1259 -0.3196 0.9391
vn -0.1192 -0.3551 0.9272
vn 0.5910 -0.3391 0.7319
vn 0.6002 -0.3266 0.7302
vn 0.5816 -0.3516 0.7336
vn 0.5712 -0.3652 0.7351
vn 0.9387 -0.3430 0.0345
vn 0.9400 -0.3397 0.0326
vn 0.9372 -0.3470 0.0368
vn 0.9356 -0.3509 0.0391
vn 0.5961 -0.3445 -0.7252
vn 0.5975 -0.3518 -0.7206
vn 0.5944 -0.3357 -0.7307
vn 0.5928 -0.3274 -0.7358
vn -0.1113 -0.2935 -0.9495
vn -0.1082 -0.3021 -0.9471
vn -0.1222 -0.2632 -0.9570
vn -0.1264 -0.2513 -0.9596
vn -0.5485 -0.4565 -0.7005
vn -0.5169 -0.4980 -0.6963
vn -0.5899 -0.3970 -0.7031
vn -0.6163 -0.3553 -0.7028
vn 0.0105 -0.9999 0.0080
vn 0.0068 -1.0000 -0.0007
vn 0.0055 -1.0000 0.0033
vn 0.0401 -0.9991 0.0137
vn 0.0323 -0.9994 -0.0137
vn -0.2315 -0.3366 -0.9128
vn -0.2659 -0.3514 -0.8977
vn -0.0040 -0.2942 -0.9557
vn -0.4622 -0.3828 -0.7999
vn -0.4461 -0.3975 -0.8018
vn -0.9409 -0.3387 -0.0080
vn -0.9465 -0.3225 0.0078
vn -0.9411 -0.3381 -0.0074
vn -0.9332 -0.3583 -0.0273
vn -0.5456 -0.3181 0.7754
vn -0.5586 -0.3516 0.7513
vn -0.5394 -0.3029 0.7857
vn -0.5226 -0.2631 0.8110
vn 0.3499 -0.3040 0.8861
vn 0.2136 -0.2583 0.9422
vn 0.2353 -0.2218 0.9463
vn 0.5625 -0.2053 0.8009
vn 0.8629 -0.5047 -0.0252
vn 0.8635 -0.5034 -0.0308
vn 0.8633 -0.5038 -0.0292
vn 0.8627 -0.5051 -0.0236
vn 0.5202 -0.3814 -0.7641
vn 0.5138 -0.3613 -0.7781
vn 0.5236 -0.3926 -0.7561
vn 0.5309 -0.4170 -0.7377
vn 0.7010 -0.1402 -0.6992
vn 0.6605 0.0227 -0.7504
vn 0.7003 0.2572 -0.6659
vn 0.7015 -0.1401 -0.6987
vn -0.0000 0.3702 -0.9289
vn -0.0000 0.3703 -0.9289
vn 0.6926 0.7146 -0.0981
vn 0.6621 0.4817 -0.5741
vn 0.6597 0.6784 -0.3233
vn -0.7030 -0.1390 -0.6975
vn -0.7003 0.2568 -0.6661
vn -0.6615 0.0217 -0.7496
vn -0.7035 -0.1391 -0.6969
vn -0.6601 0.6779 -0.3237
vn -0.6625 0.4818 -0.5736
vn -0.6928 0.7142 -0.0994
vn 0.7131 0.6534 0.2542
vn 0.6605 0.7399 0.1275
vn 0.7144 0.6521 0.2536
vn -0.0000 0.9935 0.1136
vn -0.0000 0.9935 0.1135
vn -0.0000 0.9256 -0.3786
vn -0.0000 0.9256 -0.3785
vn -0.7131 0.6526 0.2563
vn -0.6596 0.7409 0.1262
vn -0.7140 0.6516 0.2560
vn 0.7051 -0.1139 0.6999
vn 0.6798 -0.2975 0.6704
vn 0.6719 -0.3306 0.6628
vn 0.7051 -0.1137 0.6999
vn -0.0009 -0.7548 0.6559
vn -0.0072 -0.7344 0.6787
vn -0.0063 -0.7374 0.6755
vn -0.0000 -0.7577 0.6526
vn 0.7186 -0.6954 -0.0028
vn 0.7356 -0.6773 0.0143
vn 0.7253 -0.6884 0.0038
vn 0.7085 -0.7056 -0.0127
vn -0.7053 -0.1137 0.6997
vn -0.7068 -0.1243 0.6964
vn -0.7067 -0.1243 0.6965
vn -0.7053 -0.1139 0.6997
vn -0.6888 -0.7249 0.0024
vn -0.7085 -0.7055 -0.0179
vn -0.6947 -0.7193 -0.0036
vn -0.6756 -0.7371 0.0156
vn 0.7075 0.0605 -0.7042
vn 0.7075 0.0900 -0.7010
vn 0.7075 0.0610 -0.7041
vn -0.0078 -0.6983 -0.7158
vn -0.0000 -0.6656 -0.7463
vn -0.0010 -0.6699 -0.7425
vn -0.0088 -0.7024 -0.7117
vn -0.7074 0.0609 -0.7042
vn -0.7071 0.0900 -0.7013
vn -0.7074 0.0604 -0.7043
vn 0.7072 0.0091 -0.7070
vn 0.7072 0.0091 -0.7069
vn -0.7071 0.0091 -0.7071
vn -0.7071 0.0091 -0.7070
vn 0.7009 -0.6471 -0.3000
vn 0.7036 -0.6448 -0.2986
vn 0.7033 -0.6451 -0.2988
vn 0.7008 -0.6472 -0.3001
vn 0.7088 0.0685 0.7021
vn 0.7119 0.1008 0.6950
vn 0.7118 0.1008 0.6951
vn 0.7088 0.0677 0.7022
vn 0.7084 0.0044 0.7058
vn 0.7084 0.0034 0.7058
vn -0.7008 -0.6473 -0.2999
vn -0.7033 -0.6449 -0.2990
vn -0.7032 -0.6450 -0.2991
vn -0.7007 -0.6474 -0.2999
vn -0.7090 0.0678 0.7019
vn -0.7121 0.1006 0.6949
vn -0.7119 0.1006 0.6951
vn -0.7090 0.0686 0.7019
vn -0.7084 0.0034 0.7058
vn -0.7084 0.0043 0.7058
vn -0.7059 -0.1124 -0.6993
vn -0.7060 -0.1118 -0.6994
vn 0.7059 -0.1119 -0.6994
vn 0.7060 -0.1125 -0.6993
vn 0.7067 -0.0457 -0.7061
vn 0.7066 -0.0472 -0.7060
vn 0.7050 -0.0816 -0.7045
vn -0.7067 -0.0471 -0.7059
vn -0.7068 -0.0457 -0.7060
vn -0.7052 -0.0817 -0.7043
vn -0.7067 -0.0612 0.7049
vn -0.7067 -0.0628 0.7047
vn -0.7040 -0.0999 0.7031
vn 0.7067 -0.0627 0.7048
vn 0.7067 -0.0612 0.7048
vn 0.7042 -0.1000 0.7029
vn -0.0000 0.8019 -0.5974
vn -0.0000 0.0406 0.9992
vn -0.0000 0.1229 0.9924
vn -0.0000 -0.9998 0.0215
vn -0.0001 -0.9998 0.0214
vn -0.0000 -0.9998 0.0216
vn -0.0000 -0.9998 0.0217
vn -0.0000 -0.1340 -0.9910
vn -0.0000 -0.0811 -0.9967
vn -0.9994 -0.0341 -0.0017
vn -0.9997 -0.0250 -0.0016
vn -0.9997 -0.0260 -0.0012
vn -0.9994 -0.0350 -0.0018
vn 0.9997 -0.0256 -0.0014
vn 0.9994 -0.0338 -0.0019
vn 0.9994 -0.0348 -0.0014
vn 0.9996 -0.0266 -0.0010
vn -0.9998 -0.0200 0.0008
vn -0.9997 -0.0246 0.0086
vn -0.9997 -0.0225 -0.0029
vn -0.9998 -0.0200 -0.0036
vn -0.0000 -0.1691 -0.9856
vn -0.0000 -0.1731 -0.9849
vn 0.9998 -0.0206 0.0012
vn 0.9998 -0.0193 -0.0026
vn 0.9997 -0.0222 -0.0033
vn 0.9997 -0.0246 0.0086
vn -0.0000 0.9339 0.3576
vn -0.9998 -0.0197 0.0007
vn -0.9998 -0.0208 0.0011
vn -0.0000 -0.9032 -0.4292
vn 0.9998 -0.0197 0.0003
vn 0.9998 -0.0209 -0.0011
vn -0.0000 -0.0186 -0.9998
vn -0.0000 0.0569 -0.9984
vn -0.9989 -0.0460 -0.0006
vn -0.9988 -0.0484 -0.0013
vn -0.9988 -0.0490 -0.0014
vn -0.9990 -0.0436 -0.0005
vn -0.0000 -0.0963 0.9954
vn -0.0000 -0.0378 0.9993
vn 0.9988 -0.0482 -0.0014
vn 0.9989 -0.0460 -0.0004
vn 0.9991 -0.0435 -0.0007
vn 0.9988 -0.0488 -0.0013
vn -0.0000 0.1660 0.9861
vn -0.0000 0.1037 -0.9946
vn -0.9998 -0.0205 0.0004
vn -0.9999 -0.0165 0.0001
vn -0.0000 -0.1421 0.9899
vn 0.9998 -0.0208 0.0004
vn 0.9999 -0.0166 -0.0001
vn -0.0000 0.1321 -0.9912
vn -1.0000 -0.0049 -0.0000
vn -1.0000 -0.0049 0.0001
vn -0.0000 -0.1707 0.9853
vn 1.0000 -0.0049 -0.0000
vn 1.0000 -0.0049 0.0001
vn 0.5817 -0.5757 0.5746
vn -0.5504 -0.6332 0.5441
vn 0.6141 -0.5261 -0.5884
vn -0.5796 -0.5989 -0.5526
vn -0.5593 -0.8290 -0.0000
vn 0.5593 -0.8289 -0.0000
vn 0.5593 0.8290 -0.0000
vn -0.5593 0.8289 -0.0000
vn -0.0000 0.9529 0.3033
vn 0.0001 0.9529 0.3032
vn -0.0005 0.9529 0.3033
vn -0.0000 -0.1812 0.9834
vn -0.0000 -0.1812 0.9835
vn 0.0017 -0.1694 0.9855
vn 0.0071 -0.1332 0.9911
vn -0.0000 -0.1319 0.9913
vn 0.7085 0.6197 0.3376
vn 0.7267 0.6044 0.3267
vn 0.7257 0.6052 0.3273
vn 0.7077 0.6204 0.3381
vn -0.0000 0.1444 0.9895
vn 0.7177 -0.5917 0.3671
vn 0.7270 -0.4830 0.4880
vn 0.7250 -0.4848 0.4892
vn 0.7169 -0.5925 0.3675
vn -0.7082 0.6210 0.3359
vn -0.7267 0.6032 0.3287
vn -0.7256 0.6043 0.3292
vn -0.7067 0.6224 0.3365
vn -0.7177 -0.5909 0.3684
vn -0.7264 -0.4865 0.4855
vn -0.7247 -0.4875 0.4870
vn -0.7167 -0.5915 0.3695
vn 0.7130 -0.6938 0.1012
vn -0.7128 -0.6940 0.1013
vn 0.7074 -0.7063 -0.0256
vn -0.7072 -0.7066 -0.0256
vn -0.7072 -0.7065 -0.0256
vn 0.7073 -0.0583 0.7045
vn -0.7071 -0.0583 0.7047
vn -0.7660 -0.6086 -0.2068
vn -0.7107 -0.6693 -0.2165
vn -0.7138 -0.6662 -0.2160
vn -0.7691 -0.6050 -0.2062
vn -0.7079 0.6584 0.2558
vn -0.7072 0.6737 0.2144
vn -0.7068 0.6594 0.2560
vn -0.6544 0.6343 0.4116
vn -0.6795 0.5077 0.5296
vn 0.7668 -0.6105 -0.1985
vn 0.7046 -0.6720 -0.2280
vn 0.7130 -0.6643 -0.2243
vn 0.7728 -0.6038 -0.1953
vn 0.7081 0.6591 0.2534
vn 0.7074 0.6735 0.2144
vn 0.7070 0.6600 0.2541
vn 0.6773 0.4979 0.5416
vn 0.6526 0.6341 0.4147
vn -0.6533 0.6343 0.4133
vn -0.6936 0.6540 0.3022
vn -0.6925 0.6549 0.3024
vn -0.6791 0.5073 0.5306
vn -0.0000 0.4882 0.8727
vn 0.6765 0.4985 0.5421
vn 0.6940 0.6546 0.2997
vn 0.6927 0.6557 0.3004
vn 0.6522 0.6344 0.4149
vn -0.0000 0.8130 0.5822
vn -0.0000 0.5355 0.8445
vn -0.0000 0.5356 0.8445
vn -0.7546 0.2289 0.6149
vn -0.6491 0.3890 0.6537
vn -0.7789 0.2090 0.5912
vn -0.7659 -0.6088 -0.2069
vn -0.7072 -0.6728 -0.2171
vn -0.7117 -0.6683 -0.2164
vn -0.7691 -0.6050 -0.2063
vn -0.0000 -0.6874 0.7262
vn 0.6676 0.3642 0.6494
vn 0.7639 0.2535 0.5935
vn 0.7517 0.2519 0.6095
vn -0.7547 0.2288 0.6149
vn -0.6494 0.3889 0.6535
vn -0.0000 -0.6874 0.7263
vn 0.7666 -0.6108 -0.1982
vn 0.7066 -0.6701 -0.2275
vn 0.7117 -0.6654 -0.2251
vn 0.7730 -0.6038 -0.1948
vn 0.6673 0.3644 0.6495
vn 0.7639 0.2536 0.5935
vn 0.7516 0.2520 0.6096
vn -0.0000 0.5357 0.8444
vn -0.0000 0.8131 0.5821
vn -0.0000 0.8790 0.4768
vn -0.0000 -0.8490 0.5283
vn -0.0000 -0.7060 0.7082
vn -0.0000 -0.9895 0.1444
vn -1.0000 -0.0000 -0.0000
vn 1.0000 -0.0000 -0.0000
vn -0.0000 -0.9993 -0.0362
vn -0.0000 0.3668 0.9303
vn -0.0001 0.9371 0.3489
vn -0.0000 0.9326 0.3608
vn -0.0044 -0.1005 0.9949
vn -0.0000 -0.0825 0.9966
vn -0.0000 -0.0824 0.9966
vn -0.0217 -0.1018 0.9946
vn -0.0000 -0.9490 -0.3153
vn -0.0000 0.9373 0.3485
vn -0.0000 -0.1022 0.9948
vn 0.6343 0.1116 0.7650
vn -0.6340 0.1117 0.7652
vn -0.5355 0.4123 0.7371
vn 0.5356 0.4123 0.7370
vn -0.8025 -0.4101 0.4333
vn 0.8025 -0.4101 0.4333
vn -0.8026 -0.4101 0.4333
vn 0.8026 -0.4101 0.4333
vn 0.7076 -0.0061 0.7066
vn 0.8122 0.5834 0.0063
vn 0.7078 0.7062 0.0173
vn 0.7124 0.7016 0.0169
vn 0.8165 0.5773 0.0058
vn -0.1335 0.6475 0.7503
vn -0.0009 0.7002 0.7139
vn -0.0008 0.6992 0.7150
vn -0.3203 0.6758 0.6639
vn -0.2256 -0.0084 0.9742
vn -0.6314 -0.0067 0.7754
vn -0.6312 -0.0067 0.7756
vn -0.5638 0.6987 0.4404
vn -0.5043 0.6478 0.5710
vn -0.5622 0.7015 0.4380
vn 0.8124 -0.5831 0.0054
vn 0.7075 -0.7067 -0.0072
vn 0.7121 -0.7020 -0.0067
vn 0.8168 -0.5769 0.0060
vn -0.3243 -0.6868 0.6505
vn 0.0014 -0.7135 0.7007
vn 0.0013 -0.7124 0.7018
vn -0.1354 -0.6593 0.7396
vn -0.5608 -0.7072 0.4306
vn -0.5064 -0.6606 0.5542
vn -0.5563 -0.7117 0.4290
vn -0.7122 0.7019 0.0075
vn -0.8160 0.5778 0.0176
vn -0.8117 0.5839 0.0171
vn -0.7076 0.7066 0.0071
vn 0.3138 0.6730 0.6698
vn -0.0014 0.7003 0.7139
vn -0.0013 0.6992 0.7149
vn 0.1296 0.6460 0.7522
vn -0.7069 -0.0061 0.7073
vn -0.7074 -0.0061 0.7068
vn 0.1284 -0.6598 0.7404
vn 0.0010 -0.7134 0.7007
vn 0.0009 -0.7124 0.7018
vn 0.3105 -0.6851 0.6590
vn -0.8120 -0.5836 -0.0055
vn -0.7068 -0.7074 0.0031
vn -0.7114 -0.7028 0.0027
vn -0.8164 -0.5775 -0.0059
vn -0.0000 -0.7135 0.7007
vn -0.0000 -0.7134 0.7008
vn 0.5480 -0.7100 0.4423
vn 0.5496 -0.7070 0.4450
vn 0.4907 -0.6571 0.5723
vn 0.2175 -0.0084 0.9760
vn 0.6117 -0.0068 0.7911
vn 0.6118 -0.0068 0.7910
vn -0.0000 0.6999 0.7142
vn 0.4911 0.6503 0.5796
vn 0.5410 0.7033 0.4612
vn 0.5453 0.6989 0.4628
vn -0.0001 0.9999 0.0102
vn -0.0000 0.9999 0.0101
vn 0.0001 0.9999 0.0100
vn -0.0000 -0.0086 1.0000
vn -0.0000 -0.9999 -0.0101
vn -0.7898 -0.0053 0.6133
vn -0.7899 -0.0053 0.6132
vn 0.7689 -0.0055 0.6393
vn 0.7690 -0.0055 0.6392
vn 0.0001 0.9999 0.0102
vn -0.0001 0.9999 0.0100
vn 0.5778 0.5715 0.5827
vn 0.5782 -0.5822 0.5717
vn -0.5781 0.5714 0.5825
vn -0.5770 -0.5827 0.5723
vn 0.7037 -0.1044 -0.7028
vn 0.7044 -0.1468 -0.6944
vn 0.7045 -0.1489 -0.6939
vn 0.6644 -0.0209 -0.7471
vn 0.6549 -0.1355 -0.7435
vn -0.0000 0.1270 -0.9919
vn -0.0000 -0.1008 -0.9949
vn 0.7120 0.0574 -0.6999
vn 0.6574 0.0849 -0.7487
vn 0.7122 0.0593 -0.6994
vn -0.7035 -0.1045 -0.7030
vn -0.7042 -0.1486 -0.6943
vn -0.7043 -0.1465 -0.6946
vn -0.6551 -0.1358 -0.7433
vn -0.6644 -0.0214 -0.7471
vn -0.7106 0.0601 -0.7010
vn -0.6568 0.0844 -0.7493
vn -0.7108 0.0580 -0.7010
vn 0.7069 -0.0051 0.7073
vn 0.7053 0.0480 0.7073
vn 0.7053 0.0479 0.7073
vn 0.7069 -0.0050 0.7073
vn 0.7054 0.0023 0.7088
vn 0.7029 -0.0523 0.7094
vn 0.7024 -0.0535 0.7098
vn -0.7056 0.0022 0.7086
vn -0.7053 0.0480 0.7073
vn -0.7053 0.0479 0.7073
vn -0.7068 -0.0050 0.7074
vn -0.7068 -0.0051 0.7074
vn -0.7026 -0.0542 0.7095
vn -0.7023 -0.0531 0.7099
vn -0.7052 -0.0443 -0.7076
vn -0.6386 0.1864 -0.7466
vn -0.6631 0.0161 -0.7483
vn -0.7052 -0.0446 -0.7076
vn -0.7066 0.0662 -0.7045
vn -0.6900 0.2518 -0.6786
vn -0.7021 0.2926 -0.6492
vn -0.7073 0.0593 -0.7045
vn 0.6626 0.3048 -0.6841
vn 0.6383 0.1871 -0.7467
vn 0.6194 0.3250 -0.7146
vn 0.6524 0.2633 -0.7106
vn 0.7073 0.0586 -0.7045
vn 0.7077 0.0654 -0.7035
vn 0.7034 0.0809 0.7062
vn 0.7036 0.0749 0.7067
vn -0.7036 0.0746 0.7067
vn -0.7031 0.0806 0.7065
vn -0.7026 0.0439 -0.7102
vn -0.7042 0.0427 -0.7088
vn -0.7406 0.1535 -0.6542
vn -0.7434 0.1545 -0.6507
vn 0.7017 0.0453 -0.7110
vn 0.7079 0.0475 -0.7047
vn 0.8984 0.1620 -0.4081
vn 0.9045 0.1623 -0.3943
vn 0.7071 -0.1343 -0.6942
vn 0.7074 -0.1181 -0.6969
vn 0.7076 -0.1142 -0.6973
vn 0.7072 -0.1350 -0.6940
vn 0.7054 -0.0443 -0.7075
vn 0.7053 -0.0446 -0.7075
vn -0.7071 -0.1350 -0.6941
vn -0.7072 -0.1143 -0.6978
vn -0.7071 -0.1181 -0.6972
vn -0.7072 -0.1343 -0.6942
vn -0.6507 -0.1517 0.7440
vn -0.6712 -0.3088 0.6739
vn -0.7020 -0.5204 0.4862
vn -0.6488 -0.4684 0.5997
vn -0.7055 -0.5186 0.4831
vn -0.0000 -0.2211 0.9752
vn -0.0000 -0.2212 0.9752
vn -0.0000 -0.5775 0.8164
vn 0.6706 -0.3124 0.6728
vn 0.6499 -0.1528 0.7445
vn 0.7025 -0.5154 0.4907
vn 0.6528 -0.4700 0.5940
vn 0.7077 -0.5106 0.4884
vn 0.7076 -0.0483 -0.7050
vn 0.7075 -0.0481 -0.7050
vn -0.7074 -0.0481 -0.7052
vn -0.7073 -0.0483 -0.7052
vn -0.6965 -0.0574 0.7152
vn -0.7059 -0.0564 0.7061
vn -0.7058 -0.0564 0.7061
vn -0.6964 -0.0574 0.7154
vn -0.7059 -0.0436 0.7070
vn -0.7068 -0.0217 0.7071
vn -0.7066 -0.0217 0.7073
vn 0.6968 -0.0577 0.7150
vn 0.7060 -0.0562 0.7060
vn 0.7059 -0.0562 0.7060
vn 0.6966 -0.0577 0.7151
vn 0.7059 -0.0436 0.7070
vn 0.7069 -0.0212 0.7070
vn 0.7067 -0.0212 0.7072
vn -0.6726 0.2564 0.6942
vn -0.6538 0.0950 0.7507
vn 0.6545 0.0944 0.7502
vn 0.6731 0.2538 0.6946
vn 0.0258 -0.9118 0.4098
vn 0.1206 -0.9914 0.0514
vn 0.0631 -0.8842 0.4628
vn 0.6871 0.1893 0.7015
vn 0.6873 0.1894 0.7012
vn -0.1219 -0.9913 0.0502
vn -0.0258 -0.9118 0.4098
vn -0.0626 -0.8847 0.4620
vn -0.6872 0.1899 0.7013
vn -0.6874 0.1899 0.7010
vn -0.6566 0.4115 0.6321
vn -0.7311 0.2372 0.6397
vn -0.7296 0.2381 0.6411
vn -0.7071 -0.0001 0.7071
vn -0.7070 -0.0001 0.7072
vn -0.0000 0.5106 0.8598
vn -0.0000 0.1786 0.9839
vn 0.7073 -0.0002 0.7069
vn 0.7303 0.2408 0.6393
vn 0.7315 0.2396 0.6384
vn 0.7072 -0.0002 0.7070
vn 0.6538 0.4100 0.6359
vn 0.7070 0.7072 -0.0000
vn -0.0000 0.7072 0.7070
vn 0.6901 0.0004 0.7237
vn 0.7071 0.0011 0.7071
vn 0.7068 0.0011 0.7074
vn 0.6898 0.0003 0.7240
vn -0.6734 0.7393 -0.0017
vn -0.7068 0.7074 -0.0000
vn -0.7060 0.7082 -0.0000
vn -0.6726 0.7400 -0.0017
vn -0.6900 0.0011 0.7238
vn -0.7069 0.0004 0.7073
vn -0.7066 0.0004 0.7076
vn -0.6896 0.0011 0.7241
vn -0.7575 -0.6528 0.0002
vn -0.7327 -0.6805 0.0019
vn -0.7335 -0.6797 0.0019
vn -0.7583 -0.6519 0.0002
vn -0.0000 -0.6570 0.7539
vn 0.7574 -0.6529 0.0021
vn 0.7329 -0.6803 0.0002
vn 0.7337 -0.6795 0.0003
vn 0.7583 -0.6519 0.0022
vn -0.0217 -0.7970 -0.6036
vn -0.1403 -0.9219 -0.3610
vn -0.1289 -0.9131 -0.3868
vn -0.0024 -0.7701 -0.6379
vn -0.0000 -0.4890 -0.8723
vn -0.0031 -0.5701 -0.8215
vn -0.0004 -0.2286 -0.9735
vn -0.0000 -0.2183 -0.9759
vn -0.6729 -0.1276 -0.7287
vn -0.6732 -0.3302 -0.6616
vn -0.6749 -0.3150 -0.6673
vn -0.6727 -0.1277 -0.7288
vn -0.0012 0.6427 -0.7661
vn -0.0012 0.6425 -0.7662
vn 0.0276 -0.8047 -0.5930
vn 0.0024 -0.7701 -0.6379
vn 0.1567 -0.9335 -0.3226
vn 0.1724 -0.9431 -0.2845
vn 0.7067 -0.1230 -0.6967
vn 0.6750 -0.3153 -0.6671
vn 0.6735 -0.3306 -0.6612
vn 0.7072 -0.1230 -0.6963
vn -0.0000 -0.0144 0.9999
vn -0.0000 -0.0000 1.0000
vn -0.0000 -0.0686 -0.9976
vn -0.0000 -0.1031 -0.9947
vn -0.9981 -0.0607 0.0034
vn -1.0000 0.0044 -0.0012
vn -0.9999 0.0114 0.0017
vn -0.9984 -0.0570 0.0049
vn 1.0000 0.0051 0.0018
vn 0.9980 -0.0628 0.0054
vn 0.9982 -0.0592 0.0036
vn 0.9999 0.0117 -0.0013
vn -0.0000 -0.0035 1.0000
vn -0.9982 0.0595 0.0047
vn -1.0000 -0.0038 -0.0000
vn -1.0000 0.0008 0.0088
vn -0.9988 0.0332 0.0369
vn -0.0000 0.0777 -0.9970
vn -0.0000 0.3558 -0.9346
vn 0.9983 0.0581 0.0067
vn 0.9983 0.0577 -0.0050
vn 0.9995 0.0254 0.0186
vn -0.0000 0.0233 0.9997
vn -0.0000 0.0573 0.9984
vn -0.9967 0.0813 -0.0000
vn -0.9778 0.2093 -0.0000
vn -0.9964 0.0849 -0.0000
vn -0.0007 -0.0249 -0.9997
vn -0.0000 -0.0278 -0.9996
vn -0.0013 -0.0241 -0.9997
vn -0.0037 -0.0163 -0.9999
vn 0.9778 0.2093 -0.0000
vn 0.9967 0.0813 -0.0000
vn 0.9964 0.0849 -0.0000
vn -0.0000 0.1103 -0.9939
vn -0.9987 -0.0501 -0.0000
vn -0.9995 -0.0302 -0.0001
vn -0.9995 -0.0311 -0.0005
vn -0.9987 -0.0502 -0.0000
vn -0.0000 -0.0111 0.9999
vn 0.9995 -0.0302 -0.0001
vn 0.9987 -0.0501 -0.0000
vn 0.9987 -0.0502 -0.0000
vn 0.9995 -0.0309 -0.0004
vn -0.0000 -0.1572 -0.9876
vn -0.9985 -0.0549 -0.0000
vn -0.9985 -0.0548 -0.0000
vn -0.0000 -0.0243 0.9997
vn 0.9985 -0.0549 -0.0000
vn 0.9985 -0.0548 -0.0000
vn -0.9999 -0.0101 -0.0012
vn -0.0000 -0.1776 -0.9841
vn 0.9998 -0.0215 0.0021
vn -0.9984 0.0567 -0.0038
vn -0.0000 0.0002 -1.0000
vn -0.0000 -0.1742 -0.9847
vn -0.0000 0.3503 -0.9366
vn 1.0000 0.0051 0.0082
vn 0.9999 0.0140 -0.0000
vn -0.0000 -0.0257 0.9997
vn -0.9985 -0.0553 -0.0000
vn -0.0000 -0.0925 -0.9957
vn 0.9985 -0.0553 -0.0000
vn -0.0000 0.6547 0.7559
vn -0.0000 -0.7252 0.6885
vn 0.9999 -0.0101 -0.0075
vn 1.0000 -0.0067 -0.0028
vn 1.0000 -0.0063 -0.0000
vn -0.0000 -0.0618 -0.9981
vn -0.9999 -0.0112 0.0048
vn -0.9998 -0.0209 0.0071
vn -0.9999 -0.0155 0.0002
vn -1.0000 -0.0002 0.0001
vn -1.0000 -0.0056 -0.0009
vn 1.0000 -0.0020 0.0001
vn 0.9999 -0.0141 0.0017
vn -0.1523 -0.9883 -0.0005
vn -0.1542 -0.9880 -0.0000
vn 0.1522 -0.9884 -0.0024
vn 0.1537 -0.9881 -0.0028
vn 0.5773 0.5774 0.5773
vn -0.5771 0.5776 0.5774
vn -0.6026 -0.5642 0.5644
vn 0.6027 -0.5641 0.5644
vn -0.5438 0.5392 -0.6430
vn 0.6088 -0.5901 -0.5303
vn 0.6199 0.5043 -0.6012
vn -0.6185 0.3245 -0.7157
vn 0.6632 0.0162 -0.7482
vn -0.6088 -0.5900 -0.5303
vt 0.684980 0.236829
vt 0.722142 0.206315
vt 0.733447 0.226010
vt 0.268419 0.224817
vt 0.279180 0.206659
vt 0.316407 0.236117
vt 0.096761 0.075156
vt 0.113604 0.072268
vt 0.117325 0.080920
vt 0.099301 0.080605
vt 0.056408 0.081162
vt 0.058015 0.071928
vt 0.078638 0.080844
vt 0.075370 0.090716
vt 0.888619 0.068808
vt 0.897445 0.068815
vt 0.901642 0.077501
vt 0.292355 0.016704
vt 0.293310 0.042699
vt 0.227696 0.036297
vt 0.226718 0.009616
vt 0.185804 0.120833
vt 0.262360 0.240871
vt 0.177390 0.127537
vt 0.884719 0.036080
vt 0.816594 0.122283
vt 0.907719 0.002813
vt 0.914950 0.003759
vt 0.918670 0.008877
vt 0.909250 0.008877
vt 0.255116 0.166043
vt 0.263380 0.170509
vt 0.258792 0.178063
vt 0.075162 0.050699
vt 0.082058 0.058780
vt 0.081228 0.061907
vt 0.075223 0.059604
vt 0.269173 0.170556
vt 0.275177 0.168249
vt 0.276045 0.171390
vt 0.269154 0.179475
vt 0.836974 0.359896
vt 0.830695 0.288285
vt 0.856797 0.289204
vt 0.863044 0.360285
vt 0.572951 0.294621
vt 0.651196 0.275508
vt 0.653675 0.298947
vt 0.572835 0.344478
vt 0.068227 0.110346
vt 0.062756 0.116247
vt 0.066094 0.103628
vt 0.916564 0.157279
vt 0.907046 0.160464
vt 0.901350 0.136892
vt 0.907511 0.135498
vt 0.789302 0.071012
vt 0.798821 0.074196
vt 0.789770 0.095999
vt 0.783609 0.094606
vt 0.683117 0.066090
vt 0.606743 0.033904
vt 0.681712 0.029622
vt 0.129559 0.084634
vt 0.134047 0.093314
vt 0.130063 0.101997
vt 0.804897 0.008955
vt 0.806742 0.059374
vt 0.765241 0.067389
vt 0.763265 0.013436
vt 0.399806 0.639351
vt 0.398378 0.586165
vt 0.441007 0.593855
vt 0.442115 0.640492
vt 0.965492 0.002441
vt 0.963960 0.009496
vt 0.944144 0.014976
vt 0.942569 0.005838
vt 0.498136 0.301387
vt 0.498145 0.290818
vt 0.572841 0.283309
vt 0.782020 0.103263
vt 0.779003 0.103479
vt 0.069393 0.059670
vt 0.814629 0.186254
vt 0.731693 0.290732
vt 0.721021 0.272505
vt 0.882742 0.099375
vt 0.064379 0.068539
vt 0.896742 0.128058
vt 0.905633 0.128542
vt 0.966009 0.078727
vt 0.993753 0.085710
vt 0.990125 0.094013
vt 0.964241 0.087125
vt 0.057144 0.116408
vt 0.057192 0.110382
vt 0.758394 0.371196
vt 0.758415 0.391095
vt 0.727733 0.390183
vt 0.727741 0.373568
vt 0.967705 0.071058
vt 0.997420 0.078917
vt 0.949457 0.300429
vt 0.946170 0.196906
vt 0.953277 0.109017
vt 0.790750 0.102862
vt 0.790779 0.108719
vt 0.690903 0.256859
vt 0.739178 0.242106
vt 0.694802 0.277361
vt 0.823069 0.192919
vt 0.890814 0.119076
vt 0.315067 0.302955
vt 0.351205 0.320335
vt 0.309054 0.323059
vt 0.683631 0.301966
vt 0.689435 0.322019
vt 0.647533 0.319766
vt 0.649905 0.341037
vt 0.693774 0.342387
vt 0.652833 0.364350
vt 0.925163 0.024604
vt 0.945865 0.024894
vt 0.928852 0.035050
vt 0.038331 0.082496
vt 0.036710 0.075336
vt 0.054775 0.090889
vt 0.900846 0.118098
vt 0.908518 0.122778
vt 0.269110 0.182319
vt 0.921932 0.014850
vt 0.888488 0.046204
vt 0.059840 0.103648
vt 0.427523 0.294490
vt 0.427605 0.283168
vt 0.205025 0.593070
vt 0.279515 0.591048
vt 0.280722 0.627677
vt 0.205970 0.628716
vt 0.990505 0.062153
vt 0.981849 0.041317
vt 0.997539 0.040465
vt 0.077348 0.022159
vt 0.080545 0.012323
vt 0.117821 0.033993
vt 0.920003 0.077727
vt 0.923162 0.087683
vt 0.886722 0.109252
vt 0.115863 0.101976
vt 0.112121 0.112124
vt 0.373847 0.019608
vt 0.376054 0.065787
vt 0.035227 0.068878
vt 0.701227 0.402123
vt 0.700791 0.364223
vt 0.113539 0.089654
vt 0.096721 0.086096
vt 0.942468 0.078107
vt 0.940960 0.068853
vt 0.297381 0.161422
vt 0.301011 0.170780
vt 0.277727 0.177478
vt 0.634184 0.643620
vt 0.633478 0.616964
vt 0.673749 0.609370
vt 0.674841 0.650373
vt 0.058061 0.012517
vt 0.074054 0.031990
vt 0.056166 0.022467
vt 0.572292 0.360409
vt 0.572262 0.350105
vt 0.427090 0.350334
vt 0.426867 0.360637
vt 0.348645 0.341646
vt 0.138211 0.631935
vt 0.137062 0.595303
vt 0.183927 0.188146
vt 0.190320 0.180105
vt 0.277593 0.273999
vt 0.266681 0.292290
vt 0.545353 0.613157
vt 0.545570 0.639963
vt 0.113867 0.043851
vt 0.194010 0.114261
vt 0.061148 0.064136
vt 0.831482 0.189958
vt 0.851321 0.189157
vt 0.847881 0.217554
vt 0.834243 0.217352
vt 0.258324 0.161629
vt 0.682354 0.404095
vt 0.682354 0.363078
vt 0.032900 0.005826
vt 0.034641 0.013485
vt 0.006384 0.021242
vt 0.006202 0.090114
vt 0.003084 0.082584
vt 0.198681 0.268209
vt 0.224750 0.268926
vt 0.239964 0.369785
vt 0.193683 0.369785
vt 0.902586 0.291430
vt 0.920321 0.192181
vt 0.417118 0.021290
vt 0.418646 0.073075
vt 0.059833 0.002441
vt 0.850135 0.002709
vt 0.851403 0.048902
vt 0.175150 0.041017
vt 0.173799 0.003948
vt 0.191311 0.002390
vt 0.072289 0.100499
vt 0.962306 0.016671
vt 0.994491 0.024187
vt 0.990204 0.031666
vt 0.070120 0.646879
vt 0.068614 0.590052
vt 0.071979 0.143842
vt 0.063474 0.141806
vt 0.062884 0.122118
vt 0.068229 0.123104
vt 0.608046 0.067730
vt 0.537554 0.070370
vt 0.719812 0.636992
vt 0.719242 0.622998
vt 0.748109 0.619919
vt 0.749007 0.639800
vt 0.696805 0.649266
vt 0.695757 0.610618
vt 0.212189 0.099040
vt 0.212353 0.091310
vt 0.217960 0.092091
vt 0.349929 0.275094
vt 0.347122 0.298505
vt 0.306609 0.274635
vt 0.911529 0.113467
vt 0.359374 0.581385
vt 0.305268 0.343480
vt 0.261497 0.306808
vt 0.737358 0.305226
vt 0.427220 0.344345
vt 0.944412 0.088052
vt 0.926510 0.097548
vt 0.427058 0.409356
vt 0.346287 0.364998
vt 0.054605 0.143899
vt 0.057298 0.123140
vt 0.177107 0.196833
vt 0.108492 0.122219
vt 0.083736 0.052690
vt 0.107003 0.059379
vt 0.103380 0.068740
vt 0.892656 0.057155
vt 0.009367 0.097623
vt 0.649765 0.371149
vt 0.649765 0.397815
vt 0.823413 0.130986
vt 0.009420 0.028781
vt 0.783108 0.113438
vt 0.798155 0.114754
vt 0.793791 0.118068
vt 0.858136 0.234575
vt 0.109766 0.053701
vt 0.064837 0.052105
vt 0.075153 0.047840
vt 0.036377 0.021894
vt 0.915892 0.116758
vt 0.125761 0.034510
vt 0.121555 0.012374
vt 0.127273 0.012885
vt 0.223337 0.091333
vt 0.223121 0.099063
vt 0.154554 0.014383
vt 0.155134 0.030181
vt 0.129098 0.032653
vt 0.792770 0.096757
vt 0.457035 0.024178
vt 0.459012 0.078131
vt 0.900760 0.324879
vt 0.953002 0.334799
vt 0.360880 0.638207
vt 0.648730 0.254279
vt 0.352395 0.253908
vt 0.897009 0.086180
vt 0.888182 0.086174
vt 0.883986 0.077488
vt 0.920335 0.002372
vt 0.926399 0.002372
vt 0.923195 0.007749
vt 0.274137 0.005031
vt 0.269020 0.008636
vt 0.269020 0.003295
vt 0.121590 0.102001
vt 0.117101 0.093321
vt 0.121086 0.084637
vt 0.003242 0.013698
vt 0.784414 0.069516
vt 0.902158 0.162022
vt 0.501739 0.356724
vt 0.501864 0.386229
vt 0.572720 0.410197
vt 0.501988 0.415734
vt 0.997539 0.060374
vt 0.983251 0.061138
vt 0.988560 0.037396
vt 0.997647 0.015086
vt 0.927092 0.104076
vt 0.192806 0.043349
vt 0.038214 0.650135
vt 0.036792 0.596939
vt 0.536248 0.034715
vt 0.217247 0.122671
vt 0.208400 0.119655
vt 0.497938 0.351669
vt 0.823100 0.251390
vt 0.823464 0.234054
vt 0.122255 0.032242
vt 0.124283 0.009066
vt 0.225774 0.119691
vt 0.863200 0.252541
vt 0.294844 0.007409
vt 0.286978 0.007405
vt 0.285732 0.002419
vt 0.295997 0.002424
vt 0.281766 0.007378
vt 0.279866 0.002390
vt 0.759112 0.007385
vt 0.759079 0.003073
vt 0.763862 0.002618
vt 0.763885 0.008895
vt 0.535635 0.026360
vt 0.541124 0.026356
vt 0.539925 0.031353
vt 0.533929 0.031357
vt 0.549021 0.026357
vt 0.550221 0.031354
vt 0.554583 0.026359
vt 0.557500 0.031357
vt 0.972500 0.120339
vt 0.974780 0.120273
vt 0.975408 0.122983
vt 0.973034 0.123067
vt 0.300518 0.007380
vt 0.303392 0.002390
vt 0.980128 0.115663
vt 0.980085 0.105401
vt 0.983149 0.102953
vt 0.983212 0.118009
vt 0.976794 0.099489
vt 0.977937 0.096250
vt 0.970520 0.099551
vt 0.969026 0.095892
vt 0.966016 0.105619
vt 0.963091 0.103271
vt 0.967980 0.115877
vt 0.965074 0.118325
vt 0.973328 0.127617
vt 0.979133 0.127546
vt 0.026218 0.730768
vt 0.011153 0.730768
vt 0.009954 0.725772
vt 0.027418 0.725772
vt 0.004360 0.730764
vt 0.002528 0.725767
vt 0.968504 0.094236
vt 0.978881 0.094581
vt 0.871122 0.714985
vt 0.863649 0.715031
vt 0.864800 0.710045
vt 0.872940 0.709993
vt 0.848618 0.715016
vt 0.847370 0.710029
vt 0.839440 0.715150
vt 0.838508 0.709978
vt 0.035699 0.730965
vt 0.036585 0.725770
vt 0.011153 0.720773
vt 0.026218 0.720773
vt 0.004360 0.720768
vt 0.855402 0.655622
vt 0.855723 0.666008
vt 0.852962 0.665176
vt 0.852626 0.656257
vt 0.863648 0.705036
vt 0.871120 0.704989
vt 0.848617 0.705020
vt 0.839439 0.704756
vt 0.035699 0.720570
vt 0.831272 0.650978
vt 0.846054 0.651041
vt 0.843645 0.654108
vt 0.833571 0.654064
vt 0.849444 0.657401
vt 0.849373 0.663681
vt 0.845707 0.671117
vt 0.843408 0.668189
vt 0.830931 0.669132
vt 0.833340 0.666223
vt 0.821778 0.660858
vt 0.826289 0.661165
vt 0.821857 0.655048
vt 0.826376 0.658895
vt 0.295994 0.012419
vt 0.285728 0.012414
vt 0.279863 0.012386
vt 0.753947 0.008895
vt 0.753925 0.002618
vt 0.533929 0.021362
vt 0.539924 0.021357
vt 0.550221 0.021358
vt 0.557499 0.021362
vt 0.830171 0.659726
vt 0.830103 0.662009
vt 0.303391 0.012385
vt 0.838297 0.725770
vt 0.839082 0.720570
vt 0.839082 0.730965
vt 0.973328 0.930480
vt 0.979133 0.930532
vt 0.037027 0.709978
vt 0.036198 0.715150
vt 0.036196 0.704756
vt 0.033515 0.655048
vt 0.033556 0.660858
vt 0.568663 0.031360
vt 0.569857 0.026374
vt 0.577724 0.026370
vt 0.578930 0.031355
vt 0.562688 0.031388
vt 0.564538 0.026401
vt 0.970520 0.958569
vt 0.971271 0.957045
vt 0.975587 0.956912
vt 0.976794 0.958611
vt 0.957611 0.146659
vt 0.962607 0.145504
vt 0.962604 0.151100
vt 0.957606 0.152790
vt 0.957610 0.136422
vt 0.962606 0.137666
vt 0.957606 0.129297
vt 0.962604 0.132191
vt 0.002446 0.002876
vt 0.007123 0.003772
vt 0.007177 0.006050
vt 0.002505 0.005247
vt 0.583263 0.026399
vt 0.586167 0.031388
vt 0.983149 0.955128
vt 0.980085 0.952688
vt 0.980129 0.942427
vt 0.983212 0.940071
vt 0.977938 0.961846
vt 0.969026 0.962233
vt 0.963091 0.954872
vt 0.966016 0.952516
vt 0.965074 0.939812
vt 0.967980 0.942251
vt 0.973034 0.935045
vt 0.975408 0.935122
vt 0.864995 0.725772
vt 0.863750 0.730768
vt 0.848687 0.730768
vt 0.847533 0.725772
vt 0.872240 0.725767
vt 0.870385 0.730764
vt 0.738888 0.007152
vt 0.739711 0.002378
vt 0.748639 0.002378
vt 0.749282 0.007144
vt 0.010445 0.710045
vt 0.011647 0.715031
vt 0.004372 0.714984
vt 0.002528 0.709993
vt 0.027942 0.710029
vt 0.026744 0.715015
vt 0.863750 0.720773
vt 0.848687 0.720773
vt 0.870385 0.720768
vt 0.739711 0.012315
vt 0.748639 0.012315
vt 0.011646 0.705036
vt 0.004371 0.704989
vt 0.026743 0.705020
vt 0.011810 0.654107
vt 0.009420 0.651041
vt 0.024203 0.650978
vt 0.021884 0.654064
vt 0.005990 0.657401
vt 0.002815 0.656257
vt 0.006020 0.663681
vt 0.002420 0.665176
vt 0.011955 0.668189
vt 0.009637 0.671117
vt 0.022036 0.666223
vt 0.024426 0.669132
vt 0.029119 0.661165
vt 0.029047 0.658895
vt 0.568657 0.021365
vt 0.578924 0.021359
vt 0.562682 0.021393
vt 0.008653 0.663239
vt 0.008792 0.658919
vt 0.967606 0.146659
vt 0.967602 0.152791
vt 0.967605 0.136423
vt 0.967602 0.129298
vt 0.012384 0.002819
vt 0.012441 0.005084
vt 0.586160 0.021394
vt 0.869657 0.404495
vt 0.869214 0.420570
vt 0.867825 0.421127
vt 0.868293 0.404871
vt 0.896669 0.422407
vt 0.869198 0.422407
vt 0.896629 0.420570
vt 0.094132 0.416579
vt 0.106092 0.407938
vt 0.106540 0.409063
vt 0.095180 0.417263
vt 0.897682 0.404872
vt 0.898060 0.421127
vt 0.896277 0.404495
vt 0.033079 0.029062
vt 0.022231 0.029524
vt 0.022806 0.028183
vt 0.034227 0.027686
vt 0.059912 0.058137
vt 0.034375 0.058137
vt 0.035169 0.056695
vt 0.059795 0.056731
vt 0.035034 0.029039
vt 0.033214 0.056717
vt 0.059662 0.029336
vt 0.059766 0.028034
vt 0.092227 0.177280
vt 0.101175 0.130329
vt 0.102621 0.130490
vt 0.093634 0.177639
vt 0.912870 0.062293
vt 0.902781 0.063176
vt 0.903012 0.061678
vt 0.912989 0.060694
vt 0.105364 0.130465
vt 0.102691 0.128988
vt 0.105536 0.128949
vt 0.399606 0.246509
vt 0.352108 0.247595
vt 0.352078 0.246202
vt 0.399378 0.245116
vt 0.912987 0.064908
vt 0.914460 0.061948
vt 0.914710 0.064680
vt 0.876387 0.189947
vt 0.876508 0.142960
vt 0.877857 0.142925
vt 0.877737 0.190100
vt 0.888071 0.142925
vt 0.877880 0.141584
vt 0.887968 0.141585
vt 0.888415 0.190100
vt 0.889468 0.142960
vt 0.889810 0.189947
vt 0.875090 0.232848
vt 0.876436 0.232999
vt 0.889835 0.232999
vt 0.891228 0.232848
vt 0.068840 0.384755
vt 0.090311 0.395263
vt 0.092115 0.397791
vt 0.068914 0.386424
vt 0.085264 0.353005
vt 0.083841 0.353007
vt 0.082441 0.308329
vt 0.081011 0.308218
vt 0.969398 0.030854
vt 0.974029 0.054088
vt 0.972022 0.052449
vt 0.967738 0.030948
vt 0.575574 0.247740
vt 0.617900 0.247755
vt 0.620302 0.249133
vt 0.575440 0.249133
vt 0.530681 0.247544
vt 0.530661 0.248937
vt 0.896854 0.361514
vt 0.895455 0.361342
vt 0.870722 0.361342
vt 0.103531 0.391722
vt 0.096401 0.348487
vt 0.097708 0.348173
vt 0.873275 0.288610
vt 0.871922 0.288622
vt 0.870658 0.319346
vt 0.872011 0.319293
vt 0.869368 0.361514
vt 0.894481 0.288622
vt 0.893083 0.288610
vt 0.894280 0.319293
vt 0.895678 0.319346
vt 0.498214 0.248464
vt 0.498127 0.247070
vt 0.442373 0.245329
vt 0.442478 0.246724
vt 0.081443 0.275739
vt 0.082870 0.275957
vt 0.088077 0.220322
vt 0.086657 0.220086
vt 0.022364 0.056981
vt 0.530114 0.225094
vt 0.574941 0.222737
vt 0.903149 0.066002
vt 0.953365 0.043508
vt 0.963621 0.046773
vt 0.963640 0.057821
vt 0.953909 0.054283
vt 0.093273 0.306420
vt 0.978231 0.056315
vt 0.977531 0.068122
vt 0.973704 0.065398
vt 0.973797 0.031343
vt 0.945688 0.055048
vt 0.941871 0.033501
vt 0.069178 0.406639
vt 0.932302 0.048503
vt 0.945813 0.043657
vt 0.946542 0.052237
vt 0.932797 0.054838
vt 0.442033 0.231900
vt 0.497624 0.227210
vt 0.094439 0.219953
vt 0.091483 0.275736
vt 0.617218 0.220797
vt 0.923121 0.053627
vt 0.923459 0.058313
vt 0.399108 0.234435
vt 0.098344 0.177172
vt 0.351820 0.235989
vt 0.106700 0.130287
vt 0.913491 0.066197
vt 0.002378 0.034129
vt 0.017392 0.034024
vt 0.017392 0.060613
vt 0.002378 0.060718
vt 0.740145 0.147107
vt 0.740394 0.132095
vt 0.760749 0.132095
vt 0.760499 0.147107
vt 0.075924 0.116332
vt 0.090919 0.116753
vt 0.090919 0.137968
vt 0.075924 0.137546
vt 0.107388 0.168717
vt 0.107388 0.148478
vt 0.122381 0.147989
vt 0.122381 0.168228
vt 0.740682 0.105578
vt 0.753323 0.105697
vt 0.753324 0.118158
vt 0.740682 0.118039
vt 0.750413 0.082999
vt 0.750010 0.077543
vt 0.762446 0.076659
vt 0.762849 0.082115
vt 0.762062 0.083353
vt 0.751370 0.084113
vt 0.976292 0.002366
vt 0.996004 0.002366
vt 0.995625 0.003501
vt 0.798412 0.002367
vt 0.816654 0.002367
vt 0.815460 0.003598
vt 0.115471 0.004002
vt 0.088105 0.004002
vt 0.088109 0.002379
vt 0.115474 0.002379
vt 0.177449 0.088091
vt 0.185157 0.095725
vt 0.184366 0.096832
vt 0.176294 0.088784
vt 0.832970 0.062926
vt 0.832660 0.081165
vt 0.831535 0.081945
vt 0.831809 0.064142
vt 0.863492 0.025894
vt 0.861849 0.033807
vt 0.860588 0.032732
vt 0.862132 0.025227
vt 0.174347 0.078992
vt 0.173032 0.079215
vt 0.864184 0.016376
vt 0.862790 0.016176
vt 0.174769 0.065652
vt 0.173459 0.065702
vt 0.864184 0.002844
vt 0.862790 0.002819
vt 0.204098 0.079948
vt 0.195280 0.079215
vt 0.194732 0.077920
vt 0.205815 0.078841
vt 0.771129 0.081102
vt 0.771934 0.092217
vt 0.770683 0.091630
vt 0.770043 0.082785
vt 0.857532 0.030930
vt 0.856679 0.015469
vt 0.858146 0.016560
vt 0.858897 0.031495
vt 0.754387 0.098586
vt 0.740682 0.098457
vt 0.740532 0.097312
vt 0.754008 0.097438
vt 0.765830 0.098781
vt 0.765844 0.097604
vt 0.199270 0.094782
vt 0.200939 0.094204
vt 0.754009 0.127108
vt 0.740533 0.126982
vt 0.740682 0.125754
vt 0.754387 0.125883
vt 0.765844 0.127274
vt 0.765830 0.126011
vt 0.765830 0.119551
vt 0.754387 0.119356
vt 0.754226 0.118209
vt 0.765844 0.118373
vt 0.749916 0.076052
vt 0.762352 0.075168
vt 0.765844 0.105912
vt 0.754226 0.105748
vt 0.754387 0.104520
vt 0.765830 0.104649
vt 0.148314 0.002368
vt 0.154778 0.002368
vt 0.154760 0.003622
vt 0.148296 0.003622
vt 0.154863 0.008844
vt 0.156000 0.003597
vt 0.155974 0.008398
vt 0.321978 0.010294
vt 0.307779 0.010176
vt 0.307676 0.008772
vt 0.322628 0.008968
vt 0.148132 0.008844
vt 0.154879 0.009962
vt 0.148148 0.009962
vt 0.205554 0.093786
vt 0.200385 0.095839
vt 0.205706 0.092508
vt 0.903002 0.003598
vt 0.902976 0.008399
vt 0.901865 0.008845
vt 0.901762 0.003623
vt 0.895727 0.008845
vt 0.901881 0.009963
vt 0.895743 0.009963
vt 0.126759 0.002379
vt 0.142359 0.002379
vt 0.142602 0.003668
vt 0.127826 0.003787
vt 0.129652 0.008047
vt 0.126100 0.003766
vt 0.130914 0.007795
vt 0.895892 0.003623
vt 0.895910 0.002370
vt 0.901780 0.002370
vt 0.804183 0.081945
vt 0.804512 0.064142
vt 0.088254 0.012089
vt 0.115565 0.012089
vt 0.890984 0.016476
vt 0.890292 0.025995
vt 0.858837 0.014743
vt 0.858191 0.002400
vt 0.890984 0.002944
vt 0.198446 0.065652
vt 0.854956 0.004076
vt 0.856352 0.002967
vt 0.855680 0.017447
vt 0.210892 0.080908
vt 0.207892 0.066386
vt 0.215041 0.067620
vt 0.763583 0.083889
vt 0.743441 0.093567
vt 0.749924 0.084837
vt 0.764121 0.083206
vt 0.320142 0.011095
vt 0.308621 0.011295
vt 0.323070 0.002378
vt 0.308105 0.002378
vt 0.863972 0.016582
vt 0.864920 0.031518
vt 0.143330 0.009155
vt 0.856616 0.029148
vt 0.742801 0.084723
vt 0.749315 0.084259
vt 0.086962 0.003328
vt 0.116647 0.003328
vt 0.748739 0.076469
vt 0.763545 0.075416
vt 0.323649 0.009256
vt 0.767073 0.126053
vt 0.858674 0.032532
vt 0.767073 0.104690
vt 0.985094 0.126422
vt 0.985094 0.521481
vt 0.984497 0.521422
vt 0.984497 0.126362
vt 0.275786 0.056159
vt 0.275968 0.067748
vt 0.275375 0.067769
vt 0.996679 0.521446
vt 0.996662 0.521973
vt 0.286885 0.068343
vt 0.275948 0.068342
vt 0.432284 0.667334
vt 0.432267 0.678470
vt 0.431675 0.678267
vt 0.034358 0.677735
vt 0.431677 0.679020
vt 0.034360 0.678488
vt 0.289512 0.065551
vt 0.287632 0.067977
vt 0.287099 0.067771
vt 0.289251 0.064957
vt 0.996679 0.126387
vt 0.985070 0.125790
vt 0.996662 0.125772
vt 0.033773 0.677936
vt 0.033789 0.666800
vt 0.034358 0.666793
vt 0.257761 0.055873
vt 0.259947 0.058631
vt 0.259295 0.058829
vt 0.257389 0.056452
vt 0.321956 0.067748
vt 0.322109 0.056159
vt 0.322495 0.056180
vt 0.322509 0.067769
vt 0.310203 0.067772
vt 0.321937 0.068342
vt 0.733833 0.014674
vt 0.733819 0.003118
vt 0.734412 0.002924
vt 0.336485 0.014673
vt 0.733837 0.015256
vt 0.336490 0.015256
vt 0.336502 0.003118
vt 0.335916 0.014682
vt 0.335918 0.002925
vt 0.225281 0.047931
vt 0.225738 0.059517
vt 0.225064 0.059531
vt 0.224771 0.047939
vt 0.033769 0.698786
vt 0.033796 0.680136
vt 0.034365 0.680409
vt 0.034339 0.698509
vt 0.069493 0.508724
vt 0.069733 0.505812
vt 0.070335 0.506374
vt 0.070139 0.508896
vt 0.336505 0.002370
vt 0.733822 0.002370
vt 0.307603 0.065551
vt 0.307892 0.064957
vt 0.309632 0.067989
vt 0.270742 0.046723
vt 0.270871 0.058318
vt 0.148248 0.058291
vt 0.147955 0.046700
vt 0.431705 0.667324
vt 0.431711 0.680941
vt 0.431684 0.699040
vt 0.465393 0.506366
vt 0.465168 0.508889
vt 0.237271 0.059235
vt 0.239466 0.056359
vt 0.734412 0.014683
vt 0.225641 0.060089
vt 0.968450 0.442149
vt 0.903618 0.438632
vt 0.903418 0.437309
vt 0.968457 0.440819
vt 0.201479 0.514271
vt 0.067567 0.544612
vt 0.067209 0.543347
vt 0.770046 0.431305
vt 0.769081 0.429894
vt 0.768249 0.488296
vt 0.768091 0.431221
vt 0.770204 0.488201
vt 0.687191 0.426702
vt 0.687032 0.428017
vt 0.968563 0.478764
vt 0.903543 0.482451
vt 0.903736 0.481082
vt 0.968548 0.477388
vt 0.769248 0.489654
vt 0.687211 0.492631
vt 0.687377 0.493990
vt 0.671233 0.579051
vt 0.571187 0.579047
vt 0.571414 0.577653
vt 0.671364 0.577657
vt 0.502745 0.577467
vt 0.502604 0.578861
vt 0.440213 0.577806
vt 0.440273 0.579194
vt 0.631989 0.073346
vt 0.562251 0.080294
vt 0.562161 0.078937
vt 0.631986 0.071981
vt 0.461226 0.082615
vt 0.461220 0.083975
vt 0.694058 0.079140
vt 0.694256 0.077788
vt 0.467978 0.502436
vt 0.398040 0.495133
vt 0.399056 0.494175
vt 0.467964 0.501058
vt 0.297386 0.491369
vt 0.351447 0.494633
vt 0.352579 0.496077
vt 0.297401 0.492730
vt 0.352274 0.426663
vt 0.397849 0.426416
vt 0.396954 0.427454
vt 0.351262 0.428081
vt 0.297228 0.430676
vt 0.297221 0.431991
vt 0.875997 0.579798
vt 0.876134 0.578401
vt 0.256238 0.073637
vt 0.256237 0.075005
vt 0.092497 0.500860
vt 0.092399 0.502227
vt 0.067120 0.495473
vt 0.067536 0.496978
vt 0.092176 0.422177
vt 0.092283 0.423502
vt 0.067343 0.427565
vt 0.793636 0.003351
vt 0.768963 0.004255
vt 0.769224 0.002442
vt 0.393442 0.528152
vt 0.434524 0.517708
vt 0.434822 0.518991
vt 0.393830 0.529413
vt 0.467746 0.419109
vt 0.535084 0.424684
vt 0.535223 0.426005
vt 0.467740 0.420441
vt 0.576529 0.495304
vt 0.535284 0.496404
vt 0.535415 0.495036
vt 0.576753 0.493942
vt 0.733657 0.080285
vt 0.734146 0.078904
vt 0.022524 0.199956
vt 0.016975 0.199330
vt 0.017376 0.197691
vt 0.023769 0.198444
vt 0.733657 0.147013
vt 0.735433 0.080296
vt 0.735433 0.146977
vt 0.400427 0.576769
vt 0.694058 0.148194
vt 0.734146 0.148356
vt 0.394410 0.570358
vt 0.399001 0.577323
vt 0.393702 0.571753
vt 0.606638 0.425857
vt 0.606714 0.427173
vt 0.606899 0.493908
vt 0.606831 0.495270
vt 0.703806 0.174445
vt 0.639026 0.170841
vt 0.639026 0.169481
vt 0.703806 0.173014
vt 0.504700 0.162264
vt 0.504648 0.163623
vt 0.422534 0.158531
vt 0.422492 0.159889
vt 0.002751 0.574364
vt 0.067546 0.575819
vt 0.067410 0.577213
vt 0.002607 0.575795
vt 0.201806 0.579798
vt 0.201891 0.578404
vt 0.283887 0.579519
vt 0.283983 0.578126
vt 0.351434 0.157517
vt 0.351998 0.158923
vt 0.576336 0.425887
vt 0.576567 0.427204
vt 0.354078 0.579373
vt 0.422564 0.225835
vt 0.351466 0.226913
vt 0.352028 0.225546
vt 0.769779 0.360620
vt 0.771201 0.362025
vt 0.767739 0.370422
vt 0.900256 0.577092
vt 0.900109 0.578561
vt 0.770622 0.293913
vt 0.769224 0.295332
vt 0.767014 0.285071
vt 0.231390 0.080392
vt 0.231391 0.078932
vt 0.020821 0.290073
vt 0.044247 0.288498
vt 0.046866 0.325641
vt 0.023441 0.327216
vt 0.021973 0.325929
vt 0.019548 0.291546
vt 0.350172 0.158900
vt 0.342229 0.158760
vt 0.342730 0.157402
vt 0.311534 0.157410
vt 0.312108 0.158769
vt 0.350202 0.225549
vt 0.363756 0.571798
vt 0.363394 0.570401
vt 0.354780 0.578037
vt 0.355891 0.578690
vt 0.101709 0.287121
vt 0.101792 0.340076
vt 0.100407 0.340136
vt 0.100325 0.287439
vt 0.188974 0.341474
vt 0.101748 0.341474
vt 0.189018 0.340076
vt 0.005521 0.378339
vt 0.065820 0.378249
vt 0.065682 0.379642
vt 0.005235 0.379639
vt 0.190227 0.287439
vt 0.190310 0.340136
vt 0.188802 0.287256
vt 0.164198 0.193544
vt 0.103394 0.193573
vt 0.103395 0.192214
vt 0.164048 0.192216
vt 0.809029 0.284568
vt 0.767013 0.283307
vt 0.809220 0.283088
vt 0.164198 0.280873
vt 0.165645 0.193699
vt 0.165645 0.280681
vt 0.005321 0.336161
vt 0.003773 0.378388
vt 0.003771 0.336391
vt 0.810431 0.284433
vt 0.809027 0.295087
vt 0.807413 0.293720
vt 0.066934 0.428412
vt 0.064980 0.505880
vt 0.064738 0.418577
vt 0.004062 0.505726
vt 0.064712 0.507221
vt 0.003965 0.507221
vt 0.003687 0.418593
vt 0.002621 0.505751
vt 0.002378 0.418615
vt 0.811159 0.370100
vt 0.809759 0.370422
vt 0.807992 0.361833
vt 0.809837 0.360887
vt 0.651724 0.021351
vt 0.590989 0.022645
vt 0.590687 0.021351
vt 0.462373 0.021352
vt 0.523886 0.021352
vt 0.523785 0.022661
vt 0.631989 0.153986
vt 0.016285 0.188927
vt 0.016091 0.171172
vt 0.072835 0.167357
vt 0.075002 0.185957
vt 0.502406 0.520636
vt 0.562251 0.147036
vt 0.461220 0.143352
vt 0.016797 0.164446
vt 0.017377 0.148481
vt 0.048128 0.146413
vt 0.057981 0.152831
vt 0.570964 0.508717
vt 0.616696 0.536383
vt 0.256237 0.152361
vt 0.231390 0.146928
vt 0.264376 0.002376
vt 0.261760 0.006823
vt 0.225000 0.006823
vt 0.226299 0.002376
vt 0.875907 0.540318
vt 0.900036 0.540327
vt 0.015930 0.241121
vt 0.015936 0.221503
vt 0.059985 0.218578
vt 0.079965 0.236822
vt 0.504674 0.220712
vt 0.422521 0.224517
vt 0.283567 0.534015
vt 0.019086 0.274119
vt 0.050244 0.271972
vt 0.639045 0.213282
vt 0.016033 0.206701
vt 0.342260 0.225489
vt 0.312138 0.225506
vt 0.085667 0.160158
vt 0.398871 0.427339
vt 0.103394 0.280843
vt 0.768027 0.271584
vt 0.820770 0.271307
vt 0.065586 0.325544
vt 0.397139 0.494084
vt 0.671180 0.546862
vt 0.703822 0.209571
vt 0.002611 0.550903
vt 0.027130 0.265281
vt 0.021578 0.264600
vt 0.363751 0.532814
vt 0.064651 0.195758
vt 0.023672 0.204497
vt 0.061203 0.201854
vt 0.016000 0.100032
vt 0.054025 0.097475
vt 0.048124 0.324226
vt 0.045692 0.289732
vt 0.102056 0.193553
vt 0.765774 0.284628
vt 0.004894 0.335013
vt 0.003715 0.417276
s 1
f 158/1/1 88/2/2 151/3/3
f 152/4/4 67/5/5 162/6/6
f 22/7/7 24/8/8 31/9/8 30/10/9
f 128/11/10 130/12/10 125/13/11 124/14/12
f 2/15/13 13/16/13 9/17/13
f 61/18/14 75/19/15 77/20/16 103/21/17
f 153/22/18 152/4/19 62/23/20 61/24/21
f 88/2/2 89/25/22 150/26/23
f 32/27/24 36/28/25 34/29/26 41/30/24
f 32/31/27 39/32/28 36/33/29
f 35/34/30 22/35/7 30/36/9 40/37/30
f 40/38/31 30/39/32 28/40/33 38/41/31
f 93/42/34 95/43/35 98/44/36 79/45/37
f 110/46/38 146/47/39 91/48/40 92/49/41
f 19/50/42 20/51/43 12/52/44
f 13/53/45 2/54/45 3/55/46 1/56/47
f 5/57/48 7/58/48 8/59/49 6/60/50
f 82/61/51 65/62/52 92/63/53
f 33/64/54 25/65/54 27/66/54
f 160/67/55 161/68/56 81/69/57 91/70/58
f 158/71/59 157/72/60 149/73/61 88/74/62
f 38/41/63 39/32/64 40/38/65
f 54/75/66 131/76/67 132/77/68 100/78/69
f 111/79/70 70/80/71 86/81/72 110/46/38
f 6/60/73 18/82/74 16/83/75
f 34/84/76 35/34/77 40/37/78
f 154/85/79 155/86/80 72/87/81 121/88/82
f 42/89/83 34/84/76 40/37/78
f 16/90/84 15/91/85 3/55/86
f 136/92/87 45/93/88 43/94/89 44/95/89
f 20/51/90 15/96/91 14/97/92
f 108/98/93 46/99/93 135/100/94 49/101/95
f 136/92/87 135/102/96 46/103/96 45/93/88
f 72/104/97 71/105/98 121/106/99
f 18/82/100 20/107/43 19/108/42
f 159/109/101 94/110/102 160/111/103
f 75/112/104 154/85/105 77/113/106
f 157/114/107 145/115/108 156/116/109
f 163/117/110 164/118/111 143/119/112
f 142/120/113 164/118/114 165/121/115 73/122/116
f 126/123/117 132/77/118 101/124/119 96/125/120
f 56/126/121 129/127/121 128/11/122 60/128/123
f 15/91/85 16/90/84 17/129/124 14/130/125
f 39/32/28 38/41/126 37/131/126 36/33/29
f 90/132/127 127/133/128 89/25/22
f 20/51/90 14/97/92 21/134/129 12/52/129
f 111/79/70 138/135/130 69/136/131 70/80/71
f 84/137/132 116/138/133 86/139/134 70/140/135
f 112/141/136 50/142/137 53/143/138
f 118/144/139 104/145/140 105/146/141
f 122/147/142 119/148/143 120/149/144
f 120/149/144 121/88/82 122/147/142
f 99/150/145 123/151/146 124/14/12
f 124/14/12 125/13/11 99/150/145
f 90/132/127 126/123/147 127/133/128
f 62/152/148 76/153/149 75/19/15 61/18/14
f 130/12/150 128/11/151 129/127/152
f 129/127/152 57/154/153 130/12/150
f 49/101/95 135/100/94 106/155/154 59/156/154
f 30/10/32 31/9/155 29/157/155 28/158/33
f 137/159/156 106/160/156 135/102/156
f 135/102/157 136/92/158 137/159/159
f 28/40/160 29/161/161 27/162/161 26/163/162
f 89/164/163 99/165/164 125/166/165 90/167/166
f 133/168/167 118/144/168 102/169/169 58/170/170
f 143/119/112 142/120/171 139/171/172
f 139/171/172 140/172/173 143/119/112
f 116/173/174 115/174/175 144/175/176
f 144/175/176 145/115/108 116/173/174
f 70/140/135 69/176/177 140/177/178 84/137/132
f 148/178/179 83/179/180 149/180/181 147/181/182
f 83/182/183 99/165/164 87/183/184
f 153/22/185 117/184/186 66/185/187 67/5/5
f 41/186/188 34/84/188 42/89/188
f 50/187/189 52/188/189 56/189/189 51/190/189
f 42/191/190 40/38/65 39/32/64 32/31/190
f 59/156/191 106/155/191 122/192/192 104/193/193
f 49/194/194 134/195/195 109/196/196
f 57/154/197 129/127/198 112/197/199
f 112/197/199 55/198/200 57/154/197
f 93/199/34 79/200/37 80/201/201 94/202/202
f 71/105/98 67/203/203 66/204/204
f 166/205/205 165/206/206 76/153/149 62/152/148
f 133/168/207 59/207/208 104/145/140 118/144/139
f 160/67/55 94/208/202 80/209/201 161/68/56
f 107/210/209 58/211/210 102/212/211
f 126/123/147 90/132/127 100/78/69 132/77/68
f 128/11/122 124/14/212 97/213/213 60/128/123
f 51/214/214 113/215/215 50/216/216
f 68/217/217 143/218/218 69/176/177
f 7/219/219 9/220/219 10/221/220 8/222/221
f 65/62/52 114/223/222 74/224/223
f 54/225/224 57/226/224 55/227/224 53/228/224
f 100/229/225 90/167/166 125/166/165 130/230/226
f 83/179/180 148/178/179 123/151/146
f 123/151/146 99/150/145 83/179/180
f 23/231/227 35/232/228 37/233/229
f 152/4/19 141/234/230 63/235/231 166/236/232
f 14/130/125 17/129/124 11/237/233
f 86/139/134 116/138/133 145/238/234
f 156/116/235 161/239/236 80/240/237
f 121/88/82 120/149/144 154/85/79
f 154/85/105 75/112/104 76/241/238
f 141/234/230 138/135/130 64/242/239 63/235/231
f 107/243/240 137/159/159 136/92/158
f 136/92/158 44/95/241 107/243/240
f 78/244/242 77/113/106 120/149/243
f 120/149/243 119/148/244 78/244/242
f 154/85/105 120/149/243 77/113/106
f 76/241/238 155/86/245 154/85/105
f 139/171/172 142/120/113 73/122/116
f 119/148/143 122/147/142 106/160/246 137/159/246
f 82/245/247 81/246/248 144/175/249
f 9/220/250 13/247/250 1/248/251 10/221/252
f 80/240/237 79/249/253 148/178/254
f 148/178/254 147/181/255 80/240/237
f 79/249/253 98/250/256 123/151/257
f 123/151/257 148/178/254 79/249/253
f 98/250/256 97/213/213 124/14/212
f 124/14/212 123/151/257 98/250/256
f 51/214/258 101/124/119 131/76/259
f 23/251/260 33/252/261 24/253/261 22/35/262
f 101/124/119 132/77/118 131/76/259
f 119/148/244 137/159/159 107/243/240 78/244/242
f 96/125/120 95/254/263 127/133/264
f 127/133/264 126/123/117 96/125/120
f 150/26/265 127/133/264 95/254/263
f 94/110/102 151/3/266 150/26/265
f 112/197/199 129/127/198 56/126/267 52/255/267
f 105/256/268 104/193/193 122/192/192 121/257/99
f 111/79/70 110/46/38 92/49/41
f 150/26/265 95/254/263 93/258/269
f 47/259/270 109/196/271 134/195/272
f 10/221/252 1/248/251 15/96/273 20/51/273
f 17/260/274 19/108/275 12/261/276 11/262/276
f 51/190/277 56/189/278 60/263/279
f 103/264/280 102/169/169 118/144/168
f 118/144/168 117/184/281 103/264/280
f 36/265/25 37/266/282 35/34/282 34/84/26
f 133/168/167 58/170/170 48/267/283
f 48/267/283 134/195/272 133/168/167
f 14/130/125 11/237/233 21/268/284
f 45/269/285 108/270/286 47/271/287
f 37/233/288 38/272/289 26/273/290
f 57/226/291 54/225/291 100/229/225 130/230/226
f 159/109/101 151/3/266 94/110/102
f 48/274/292 44/275/293 43/276/294 47/271/294
f 44/275/293 48/274/292 58/211/210 107/210/209
f 8/59/221 10/277/220 20/107/295 18/82/295
f 156/116/235 144/175/249 81/246/248 161/239/236
f 16/83/296 18/82/296 19/108/275 17/260/274
f 166/205/205 63/278/297 73/279/298 165/206/206
f 162/280/299 67/203/203 72/104/97 163/281/300
f 158/71/301 85/282/301 86/139/301
f 166/236/232 62/23/20 152/4/19
f 146/47/39 110/46/38 86/81/72
f 146/47/39 86/81/72 85/283/302
f 151/3/3 159/109/303 158/1/1
f 159/109/303 146/47/39 85/283/302
f 158/1/1 159/109/303 85/283/302
f 88/2/2 150/26/23 151/3/3
f 68/284/304 69/136/131 141/234/230
f 69/136/131 138/135/130 141/234/230
f 141/234/230 152/4/4 162/6/6
f 152/4/4 153/22/185 67/5/5
f 162/6/6 68/284/304 141/234/230
f 9/17/13 7/285/13 2/15/13
f 7/285/13 5/286/13 2/15/13
f 5/286/13 4/287/13 2/15/13
f 92/63/53 91/70/58 81/69/57
f 82/61/51 114/223/222 65/62/52
f 92/63/53 81/69/57 82/61/51
f 42/288/305 32/289/305 41/290/305
f 12/291/306 21/292/306 11/293/306
f 27/66/54 29/294/54 33/64/54
f 29/294/54 31/295/54 33/64/54
f 31/295/54 24/296/54 33/64/54
f 49/194/194 109/196/196 108/297/307
f 16/83/75 4/298/308 6/60/73
f 4/298/308 5/57/309 6/60/73
f 3/55/310 2/54/311 4/299/312
f 4/299/312 16/90/313 3/55/310
f 84/300/314 167/301/315 115/174/175 116/173/174
f 139/171/172 73/122/116 74/302/316
f 82/245/247 144/175/249 115/174/175
f 139/171/172 167/301/315 84/300/314 140/172/173
f 167/301/315 139/171/172 74/302/316 114/303/317
f 91/48/40 146/47/39 160/111/103
f 146/47/39 159/109/101 160/111/103
f 144/175/176 156/116/109 145/115/108
f 156/116/109 147/181/182 157/114/107
f 147/181/182 149/180/181 157/114/107
f 163/117/110 72/87/81 155/86/80
f 155/86/80 164/118/111 163/117/110
f 164/118/111 142/120/171 143/119/112
f 127/133/128 150/26/23 89/25/22
f 6/60/50 8/59/49 18/82/318
f 55/304/319 112/141/136 53/143/138
f 112/141/136 52/305/320 50/142/137
f 53/143/138 50/142/137 113/306/321
f 105/146/141 66/185/187 117/184/186
f 117/184/186 118/144/139 105/146/141
f 23/251/260 22/35/262 35/34/322
f 99/165/164 89/164/163 87/183/184
f 87/183/184 88/74/62 83/182/183
f 88/74/62 149/73/61 83/182/183
f 133/168/207 134/195/195 59/207/208
f 134/195/195 49/194/194 59/207/208
f 113/215/323 131/76/67 53/307/324
f 131/76/67 54/75/66 53/307/324
f 66/204/204 105/308/268 121/106/99
f 71/105/98 72/104/97 67/203/203
f 66/204/204 121/106/99 71/105/98
f 102/212/211 103/21/17 78/309/325
f 103/21/17 77/20/16 78/309/325
f 78/309/325 107/210/209 102/212/211
f 51/214/214 131/76/326 113/215/215
f 68/217/217 162/310/299 163/311/300
f 163/311/300 143/218/218 68/217/217
f 143/218/218 140/177/178 69/176/177
f 74/224/223 73/279/298 64/312/327
f 73/279/298 63/278/297 64/312/327
f 64/312/327 65/62/52 74/224/223
f 37/233/229 25/313/328 23/231/227
f 25/313/328 33/314/329 23/231/227
f 103/264/280 117/184/281 153/22/18
f 61/24/21 103/264/280 153/22/18
f 157/72/60 158/71/59 145/238/234
f 158/71/59 86/139/134 145/238/234
f 80/240/237 147/181/255 156/116/235
f 38/41/330 28/40/160 26/163/162
f 92/49/41 65/315/331 111/79/70
f 65/315/331 64/242/239 111/79/70
f 64/242/239 138/135/130 111/79/70
f 93/258/269 94/110/102 150/26/265
f 134/195/272 48/267/283 47/259/270
f 95/43/35 96/316/332 98/44/36
f 96/316/332 101/317/333 60/263/279
f 98/44/36 96/316/332 60/263/279
f 101/317/333 51/190/277 60/263/279
f 87/183/184 89/164/163 88/74/62
f 47/271/287 43/276/334 45/269/285
f 45/269/285 46/318/335 108/270/286
f 108/270/286 109/319/336 47/271/287
f 26/273/290 27/320/337 25/313/338
f 25/313/338 37/233/288 26/273/290
f 15/91/339 1/56/47 3/55/46
f 97/321/340 98/44/36 60/263/279
f 165/121/115 164/118/114 76/241/238
f 164/118/114 155/86/245 76/241/238
f 167/301/315 114/303/317 82/245/247 115/174/175
f 171/322/341 168/323/342 169/324/343
f 169/324/343 170/325/341 171/322/341
f 168/323/342 172/326/344 173/327/345
f 173/327/345 169/324/343 168/323/342
f 172/328/346 174/329/347 175/330/348
f 175/330/348 173/331/349 172/328/346
f 174/332/350 176/333/351 177/334/352
f 177/334/352 175/335/353 174/332/350
f 176/333/354 178/336/355 179/337/356
f 179/337/356 177/334/357 176/333/354
f 178/336/355 183/338/358 180/339/359
f 180/339/359 179/337/356 178/336/355
f 183/340/360 181/341/361 182/342/362
f 182/342/362 180/343/363 183/340/360
f 181/344/364 171/322/365 170/325/366
f 170/325/366 182/345/367 181/344/364
f 170/346/368 169/347/368 184/348/368
f 184/348/368 187/349/369 170/346/368
f 169/347/368 173/350/368 188/351/368
f 188/351/368 184/348/368 169/347/368
f 173/350/368 175/352/368 190/353/368
f 190/353/368 188/351/368 173/350/368
f 175/352/368 177/354/368 192/355/368
f 192/355/368 190/353/368 175/352/368
f 177/354/368 179/356/370 194/357/371
f 194/357/371 192/355/368 177/354/368
f 179/356/370 180/343/372 215/358/373
f 215/358/373 194/357/371 179/356/370
f 180/343/372 182/342/374 216/359/375
f 216/359/375 215/358/373 180/343/372
f 182/342/374 170/346/368 187/349/369
f 187/349/369 216/359/375 182/342/374
f 187/360/376 184/361/377 185/362/377
f 185/362/377 186/363/378 187/360/376
f 184/361/379 188/364/380 189/365/381
f 189/365/381 185/362/382 184/361/379
f 188/351/383 190/353/384 191/366/385
f 191/366/385 189/367/386 188/351/383
f 190/368/387 192/369/388 193/370/389
f 193/370/389 191/371/390 190/368/387
f 192/369/391 194/372/392 195/373/393
f 195/373/393 193/370/394 192/369/391
f 194/372/392 215/374/395 218/375/396
f 218/375/396 195/373/393 194/372/392
f 216/376/397 187/360/376 186/363/378
f 186/363/378 212/377/398 216/376/397
f 186/363/399 185/362/400 196/378/400
f 196/378/400 197/379/401 186/363/399
f 185/362/402 189/365/403 198/380/404
f 198/380/404 196/378/405 185/362/402
f 189/381/406 191/382/407 199/383/408
f 199/383/408 198/384/409 189/381/406
f 191/371/410 193/370/411 200/385/412
f 200/385/412 199/386/413 191/371/410
f 193/370/414 195/373/415 201/387/416
f 201/387/416 200/385/417 193/370/414
f 195/373/418 218/375/419 202/388/420
f 202/388/420 201/387/421 195/373/418
f 212/377/422 186/363/399 197/379/401
f 197/379/401 203/389/423 212/377/422
f 197/390/424 196/391/425 204/392/425
f 204/392/425 205/393/426 197/390/424
f 196/391/425 198/384/425 206/394/425
f 206/394/425 204/392/425 196/391/425
f 198/384/425 199/383/425 207/395/425
f 207/395/425 206/394/425 198/384/425
f 199/383/425 200/396/425 208/397/425
f 208/397/425 207/395/425 199/383/425
f 200/396/425 201/398/427 209/399/425
f 209/399/425 208/397/425 200/396/425
f 201/398/427 202/400/428 210/401/429
f 210/401/429 209/399/425 201/398/427
f 202/400/428 203/402/430 211/403/431
f 211/403/431 210/401/429 202/400/428
f 203/402/430 197/390/424 205/393/426
f 205/393/426 211/403/431 203/402/430
f 205/404/432 204/405/433 168/323/434
f 168/323/434 171/322/432 205/404/432
f 204/405/433 206/406/435 172/326/436
f 172/326/436 168/323/434 204/405/433
f 206/407/437 207/408/438 174/329/439
f 174/329/439 172/328/440 206/407/437
f 207/409/441 208/410/442 176/333/443
f 176/333/443 174/332/444 207/409/441
f 208/410/445 209/411/446 178/336/355
f 178/336/355 176/333/447 208/410/445
f 209/411/446 210/412/448 183/338/358
f 183/338/358 178/336/355 209/411/446
f 210/401/449 211/403/450 181/413/451
f 181/413/451 183/414/452 210/401/449
f 211/415/453 205/404/454 171/322/455
f 171/322/455 181/344/456 211/415/453
f 214/416/457 212/377/422 203/389/423
f 203/389/423 213/417/458 214/416/457
f 249/418/459 216/376/397 212/377/398
f 212/377/398 214/416/460 249/418/459
f 217/419/461 215/358/373 216/359/375
f 216/359/375 249/420/462 217/419/461
f 219/421/463 218/375/463 215/374/463
f 215/374/463 217/422/463 219/421/463
f 220/423/464 202/388/464 218/375/464
f 218/375/464 219/421/464 220/423/464
f 213/424/465 203/402/430 202/400/428
f 202/400/428 220/425/466 213/424/465
f 224/426/467 221/427/468 222/428/469
f 222/428/469 223/429/469 224/426/467
f 226/430/470 225/431/471 221/427/468
f 221/427/468 224/426/467 226/430/470
f 228/432/472 227/433/473 225/434/474
f 225/434/474 226/435/475 228/432/472
f 230/436/476 229/437/477 227/438/478
f 227/438/478 228/439/479 230/436/476
f 232/440/480 231/441/481 229/437/482
f 229/437/482 230/436/483 232/440/480
f 235/442/484 233/443/485 231/441/481
f 231/441/481 232/440/480 235/442/484
f 236/444/486 234/445/487 233/446/488
f 233/446/488 235/447/489 236/444/486
f 223/429/490 222/428/491 234/448/492
f 234/448/492 236/449/493 223/429/490
f 241/450/368 224/451/368 223/452/368
f 223/452/368 237/453/494 241/450/368
f 238/454/368 226/435/368 224/451/368
f 224/451/368 241/450/368 238/454/368
f 245/455/368 228/432/368 226/435/368
f 226/435/368 238/454/368 245/455/368
f 239/456/368 230/457/368 228/432/368
f 228/432/368 245/455/368 239/456/368
f 240/458/495 232/459/496 230/457/368
f 230/457/368 239/456/368 240/458/495
f 217/419/461 235/460/497 232/459/496
f 232/459/496 240/458/495 217/419/461
f 249/420/462 236/461/498 235/460/497
f 235/460/497 217/419/461 249/420/462
f 237/453/494 223/452/368 236/461/498
f 236/461/498 249/420/462 237/453/494
f 243/462/499 241/463/499 237/464/500
f 237/464/500 242/465/501 243/462/499
f 244/466/502 238/467/503 241/463/504
f 241/463/504 243/462/505 244/466/502
f 246/468/506 245/469/507 238/470/508
f 238/470/508 244/471/509 246/468/506
f 247/472/510 239/473/511 245/474/512
f 245/474/512 246/475/513 247/472/510
f 248/476/514 240/477/515 239/473/516
f 239/473/516 247/472/517 248/476/514
f 219/421/518 217/422/519 240/477/515
f 240/477/515 248/476/514 219/421/518
f 242/465/501 237/464/500 249/418/459
f 249/418/459 214/416/460 242/465/501
f 251/478/520 243/462/520 242/465/521
f 242/465/521 250/479/522 251/478/520
f 252/480/523 244/466/524 243/462/525
f 243/462/525 251/478/526 252/480/523
f 253/481/527 246/468/528 244/471/529
f 244/471/529 252/482/530 253/481/527
f 254/483/531 247/472/532 246/475/533
f 246/475/533 253/484/534 254/483/531
f 255/485/535 248/476/536 247/472/537
f 247/472/537 254/483/538 255/485/535
f 220/423/539 219/421/540 248/476/541
f 248/476/541 255/485/542 220/423/539
f 250/479/522 242/465/521 214/416/457
f 214/416/457 213/417/458 250/479/522
f 257/486/425 251/487/425 250/488/543
f 250/488/543 256/489/544 257/486/425
f 258/490/425 252/491/425 251/487/425
f 251/487/425 257/486/425 258/490/425
f 259/492/425 253/493/425 252/491/425
f 252/491/425 258/490/425 259/492/425
f 260/494/425 254/495/425 253/493/425
f 253/493/425 259/492/425 260/494/425
f 261/496/425 255/497/545 254/495/425
f 254/495/425 260/494/425 261/496/425
f 262/498/546 220/425/466 255/497/545
f 255/497/545 261/496/425 262/498/546
f 263/499/547 213/424/465 220/425/466
f 220/425/466 262/498/546 263/499/547
f 256/489/544 250/488/543 213/424/465
f 213/424/465 263/499/547 256/489/544
f 221/427/548 257/500/549 256/501/550
f 256/501/550 222/428/550 221/427/548
f 225/431/551 258/502/552 257/500/549
f 257/500/549 221/427/548 225/431/551
f 227/503/553 259/492/554 258/490/555
f 258/490/555 225/504/556 227/503/553
f 229/437/557 260/505/558 259/506/559
f 259/506/559 227/438/560 229/437/557
f 231/441/481 261/507/561 260/505/562
f 260/505/562 229/437/563 231/441/481
f 233/443/485 262/508/564 261/507/561
f 261/507/561 231/441/481 233/443/485
f 234/445/565 263/509/566 262/510/567
f 262/510/567 233/446/568 234/445/565
f 222/428/569 256/501/570 263/511/571
f 263/511/571 234/448/572 222/428/569
f 266/512/573 264/513/574 334/514/575
f 334/514/575 265/515/576 266/512/573
f 267/516/577 268/517/578 264/513/578
f 264/513/578 333/518/577 267/516/577
f 338/519/579 334/520/575 268/521/580
f 268/521/580 269/522/581 338/519/579
f 271/523/582 332/524/583 333/518/584
f 333/518/584 270/525/585 271/523/582
f 275/526/586 267/527/587 332/528/583
f 332/528/583 272/529/588 275/526/586
f 273/530/589 338/531/579 274/532/590
f 274/532/590 336/533/591 273/530/589
f 276/534/592 274/532/593 269/535/594
f 269/535/594 275/526/595 276/534/592
f 335/536/596 276/534/597 272/529/588
f 272/529/588 277/537/598 335/536/596
f 280/538/599 278/539/600 343/540/601
f 343/540/601 279/541/602 280/538/599
f 283/542/603 281/543/604 278/544/605
f 278/544/605 282/545/606 283/542/603
f 285/546/607 343/540/608 281/547/609
f 281/547/609 284/548/610 285/546/607
f 287/549/611 342/550/612 282/551/613
f 282/551/613 286/552/614 287/549/611
f 289/553/615 283/542/616 342/554/617
f 342/554/617 288/555/618 289/553/615
f 292/556/619 285/557/620 290/558/620
f 290/558/620 291/559/621 292/556/619
f 293/560/622 290/558/623 284/561/624
f 284/561/624 289/562/625 293/560/622
f 295/563/626 293/560/627 288/564/627
f 288/564/627 294/565/628 295/563/626
f 297/566/629 292/556/619 291/559/621
f 291/559/621 296/567/630 297/566/629
f 299/568/631 295/563/626 294/565/628
f 294/565/628 298/569/632 299/568/631
f 302/570/633 303/571/634 300/572/635
f 300/572/635 301/573/636 302/570/633
f 305/574/637 300/572/638 303/571/639
f 303/571/639 304/575/640 305/574/637
f 307/576/641 305/574/637 304/575/640
f 304/575/640 306/577/642 307/576/641
f 309/578/643 308/579/644 310/580/645
f 310/580/645 337/581/646 309/578/643
f 312/582/647 310/583/648 308/584/649
f 308/584/649 311/585/650 312/582/647
f 313/586/651 312/582/647 311/585/650
f 311/585/650 331/587/652 313/586/651
f 315/588/653 271/523/582 270/525/585
f 270/525/585 314/589/654 315/588/653
f 317/590/655 266/512/573 265/515/576
f 265/591/576 316/592/656 317/593/655
f 296/567/630 318/594/657 319/595/658
f 319/595/658 297/566/629 296/567/630
f 321/596/659 319/595/658 318/594/657
f 318/594/657 320/597/659 321/596/659
f 316/598/656 321/596/659 320/597/659
f 320/597/659 317/590/655 316/598/656
f 298/569/632 322/599/660 323/600/661
f 323/600/661 299/568/631 298/569/632
f 325/601/662 323/600/661 322/599/660
f 322/599/660 324/602/662 325/601/662
f 314/589/654 325/601/662 324/602/662
f 324/602/662 315/588/653 314/589/654
f 331/587/652 326/603/663 327/604/664
f 327/604/664 313/586/651 331/587/652
f 328/605/665 327/604/664 326/603/663
f 326/603/663 339/606/665 328/605/665
f 286/552/614 328/605/665 339/606/665
f 339/606/665 287/549/611 286/552/614
f 306/577/642 329/607/666 341/608/667
f 341/608/667 307/576/641 306/577/642
f 340/609/668 341/608/667 329/607/666
f 329/607/666 330/610/668 340/609/668
f 279/541/602 340/609/668 330/610/668
f 330/610/668 280/538/599 279/541/602
f 269/535/594 268/611/669 267/527/669
f 267/527/669 275/526/595 269/535/594
f 306/612/670 304/613/671 312/582/671
f 312/582/671 313/586/670 306/612/670
f 284/614/672 281/543/673 283/542/674
f 283/542/674 289/553/675 284/614/672
f 317/590/676 320/597/677 325/601/677
f 325/601/677 314/589/676 317/590/676
f 331/615/678 311/616/679 315/617/680
f 315/617/680 324/618/681 331/615/678
f 305/574/682 307/576/683 321/619/684
f 321/619/684 316/592/685 305/574/682
f 272/620/686 332/621/687 271/622/688
f 271/622/688 308/579/689 272/620/686
f 264/513/690 266/512/691 270/525/691
f 270/525/691 333/518/690 264/513/690
f 338/519/692 300/572/693 265/591/694
f 265/591/694 334/520/695 338/519/692
f 336/533/696 274/532/593 276/534/592
f 276/534/592 335/536/696 336/533/696
f 277/623/697 272/620/686 308/579/689
f 308/579/689 309/578/698 277/623/697
f 337/581/699 310/580/699 303/624/699
f 303/624/699 302/625/699 337/581/699
f 301/573/700 300/572/693 338/519/692
f 338/519/692 273/626/701 301/573/700
f 318/594/702 296/567/703 299/568/703
f 299/568/703 323/600/702 318/594/702
f 339/627/704 326/628/705 322/629/706
f 322/629/706 298/630/707 339/627/704
f 330/631/708 329/632/709 327/604/709
f 327/604/709 328/605/708 330/631/708
f 341/608/710 340/609/711 297/633/712
f 297/633/712 319/634/713 341/608/710
f 304/613/671 303/635/714 310/583/714
f 310/583/714 312/582/671 304/613/671
f 311/616/679 308/579/689 271/622/688
f 271/622/688 315/617/680 311/616/679
f 266/512/691 317/590/676 314/589/676
f 314/589/676 270/525/691 266/512/691
f 300/572/693 305/574/682 316/592/685
f 316/592/685 265/591/694 300/572/693
f 320/597/677 318/594/702 323/600/702
f 323/600/702 325/601/677 320/597/677
f 326/628/705 331/615/678 324/618/681
f 324/618/681 322/629/706 326/628/705
f 329/632/709 306/612/670 313/586/670
f 313/586/670 327/604/709 329/632/709
f 307/576/683 341/608/710 319/634/713
f 319/634/713 321/619/684 307/576/683
f 296/567/703 291/559/715 295/563/715
f 295/563/715 299/568/703 296/567/703
f 287/636/716 339/627/704 298/630/707
f 298/630/707 294/637/717 287/636/716
f 280/638/718 330/631/708 328/605/708
f 328/605/708 286/552/718 280/638/718
f 340/609/711 279/541/719 292/639/720
f 292/639/720 297/633/712 340/609/711
f 291/559/715 290/558/721 293/560/721
f 293/560/721 295/563/715 291/559/715
f 342/554/722 287/636/716 294/637/717
f 294/637/717 288/555/723 342/554/722
f 278/640/724 280/638/718 286/552/718
f 286/552/718 282/551/724 278/640/724
f 343/540/725 285/546/726 292/639/720
f 292/639/720 279/541/719 343/540/725
f 264/513/574 268/517/580 334/514/575
f 332/524/583 267/516/587 333/518/584
f 338/531/579 269/535/581 274/532/590
f 276/534/597 275/526/586 272/529/588
f 278/539/600 281/547/727 343/540/601
f 342/554/728 283/542/728 282/545/728
f 285/546/729 284/548/729 290/641/729
f 293/642/730 289/553/730 288/555/730
f 347/643/731 344/644/731 345/645/731
f 345/645/731 346/646/731 347/643/731
f 351/647/732 348/648/732 349/649/732
f 349/649/732 350/650/732 351/647/732
f 355/651/733 352/652/733 353/653/733
f 353/653/733 354/654/733 355/651/733
f 359/655/734 356/656/734 357/657/734
f 357/657/734 358/658/734 359/655/734
f 362/659/735 360/660/736 389/661/737
f 389/661/737 361/662/735 362/659/735
f 365/663/738 388/664/739 432/665/739
f 365/663/738 432/665/739 399/666/740
f 365/663/738 399/666/740 363/667/741
f 363/667/741 364/668/742 365/663/738
f 423/669/743 366/670/744 367/671/745
f 367/672/745 410/673/746 423/674/743
f 406/675/747 405/676/747 366/677/747
f 366/677/747 404/678/747 406/675/747
f 369/679/748 367/680/749 405/681/750
f 405/681/750 368/682/751 369/679/748
f 407/683/752 408/684/753 404/685/754
f 404/685/754 370/686/755 407/683/752
f 372/687/756 406/688/757 408/689/758
f 408/689/758 371/690/759 372/687/756
f 409/691/760 369/679/748 368/682/751
f 368/682/751 373/692/760 409/691/760
f 375/693/761 372/687/756 371/690/759
f 371/690/759 374/694/761 375/693/761
f 376/695/762 409/691/760 373/692/760
f 373/692/760 414/696/762 376/695/762
f 413/697/763 375/693/761 374/694/761
f 374/694/761 412/698/764 413/697/763
f 428/699/765 423/700/765 410/701/765
f 410/701/765 418/702/765 428/699/765
f 377/703/766 407/704/766 370/705/766
f 370/705/766 426/706/766 377/703/766
f 378/707/767 377/708/768 426/709/769
f 426/709/769 436/710/770 378/707/767
f 382/711/771 379/712/772 380/713/772
f 380/713/772 381/714/773 382/711/771
f 403/715/774 382/711/771 381/714/773
f 381/714/773 383/716/775 403/715/774
f 397/717/776 428/699/777 418/702/778
f 418/702/778 435/718/779 397/717/776
f 420/719/780 384/720/781 385/721/781
f 385/721/781 386/722/782 420/719/780
f 429/723/783 420/719/780 386/722/782
f 386/722/782 394/724/784 429/723/783
f 392/725/785 421/726/786 388/727/787
f 388/727/787 387/728/788 392/725/785
f 432/665/789 388/664/789 389/729/789
f 389/729/789 360/730/789 432/665/789
f 391/731/790 432/732/791 390/733/792
f 390/733/792 402/734/793 391/731/790
f 394/735/794 392/736/794 395/737/795
f 395/737/795 393/738/796 394/735/794
f 417/739/797 395/737/798 387/740/788
f 387/740/788 433/741/799 417/739/797
f 433/742/800 365/743/801 427/744/802
f 427/744/802 396/745/803 433/742/800
f 434/746/804 417/739/804 396/747/804
f 396/747/804 397/748/804 434/746/804
f 393/749/805 434/750/806 435/718/807
f 435/718/807 429/751/783 393/749/805
f 383/752/775 378/753/799 422/754/808
f 422/754/808 398/755/809 383/752/775
f 437/756/810 422/754/810 436/757/810
f 436/757/810 400/758/810 437/756/810
f 400/759/811 430/760/812 399/761/813
f 399/761/813 431/762/814 400/759/811
f 401/763/815 437/764/816 431/762/817
f 431/762/817 391/765/790 401/763/815
f 398/755/818 401/766/818 402/767/819
f 402/767/819 403/768/819 398/755/818
f 366/769/820 423/770/820 370/686/820
f 370/686/820 404/685/820 366/769/820
f 368/771/821 405/676/822 406/675/822
f 406/675/822 372/772/821 368/771/821
f 373/773/823 368/774/821 372/687/821
f 372/687/821 375/693/823 373/773/823
f 408/689/824 407/775/824 374/694/824
f 374/694/824 371/690/824 408/689/824
f 369/679/825 409/691/825 410/701/825
f 410/701/825 367/680/825 369/679/825
f 407/775/824 411/776/824 412/698/824
f 412/698/824 374/694/824 407/775/824
f 414/777/826 373/773/823 375/693/823
f 375/693/823 413/697/826 414/777/826
f 410/701/825 409/691/825 376/695/825
f 376/695/825 415/778/825 410/701/825
f 380/779/824 416/780/824 377/708/824
f 377/708/824 381/781/824 380/779/824
f 393/738/796 395/737/795 417/739/827
f 417/739/827 434/746/827 393/738/796
f 420/782/825 418/702/825 419/783/825
f 419/783/825 384/784/825 420/782/825
f 416/780/824 411/776/824 407/775/824
f 407/775/824 377/708/824 416/780/824
f 418/702/825 410/701/825 415/778/825
f 415/778/825 419/783/825 418/702/825
f 421/726/828 386/722/829 385/721/735
f 421/726/828 385/721/735 361/662/735
f 361/662/735 389/661/737 421/726/828
f 398/755/818 422/754/827 437/756/827
f 437/756/827 401/766/818 398/755/818
f 425/785/830 370/705/831 423/786/831
f 425/785/830 423/786/831 424/787/832
f 425/785/830 424/787/832 364/668/742
f 364/668/742 363/667/741 425/785/830
f 426/706/832 370/705/831 425/785/830
f 425/785/830 430/788/833 426/706/832
f 433/742/824 387/789/824 388/790/824
f 388/790/824 365/743/824 433/742/824
f 397/791/834 396/745/834 427/744/834
f 427/744/834 428/792/834 397/791/834
f 435/718/825 418/702/825 420/782/825
f 420/782/825 429/751/825 435/718/825
f 394/724/794 386/722/829 421/726/828
f 421/726/828 392/725/794 394/724/794
f 436/710/834 426/709/834 430/793/834
f 430/793/834 400/794/834 436/710/834
f 391/765/825 431/762/825 399/761/825
f 399/761/825 432/795/825 391/765/825
f 403/715/819 402/734/819 390/733/835
f 390/733/835 382/711/829 403/715/819
f 383/796/824 381/781/824 377/708/824
f 377/708/824 378/707/824 383/796/824
f 382/711/829 390/733/835 360/660/736
f 382/711/829 360/660/736 362/659/735
f 362/659/735 379/712/735 382/711/829
f 428/797/831 427/798/836 424/787/832
f 424/787/832 423/786/831 428/797/831
f 366/677/837 405/676/837 367/799/837
f 408/800/838 406/675/838 404/678/838
f 421/801/839 389/729/839 388/664/839
f 432/665/840 360/730/840 390/802/840
f 392/736/785 387/740/788 395/737/798
f 427/798/836 365/663/738 364/668/742
f 364/668/742 424/787/832 427/798/836
f 417/803/841 433/742/841 396/745/841
f 434/750/842 397/717/842 435/718/842
f 393/804/805 429/723/783 394/724/784
f 378/707/843 436/710/843 422/805/843
f 399/666/740 430/788/833 425/785/830
f 425/785/830 363/667/741 399/666/740
f 437/764/844 400/759/844 431/762/844
f 401/806/815 391/731/790 402/734/793
f 398/755/809 403/768/774 383/752/775
f 459/807/845 460/808/845 438/809/845
f 438/809/845 461/810/845 459/807/845
f 474/811/846 472/812/847 460/813/848
f 460/808/848 439/814/849 474/815/846
f 441/816/850 438/817/851 472/812/852
f 472/818/852 440/819/853 441/820/850
f 444/821/854 441/820/854 442/822/855
f 442/822/855 446/823/856 444/821/854
f 443/824/857 442/825/858 440/826/853
f 440/826/853 465/827/859 443/824/857
f 477/828/860 459/807/861 473/829/862
f 473/829/862 468/830/863 477/828/860
f 445/831/864 473/832/865 461/833/866
f 461/833/866 444/821/867 445/831/864
f 469/834/868 445/835/864 446/836/869
f 446/836/869 462/837/870 469/834/868
f 476/838/871 467/839/872 475/840/873
f 475/840/873 449/841/874 476/838/871
f 456/842/875 476/838/876 448/843/877
f 448/844/877 447/845/878 456/846/875
f 450/847/879 448/844/880 449/848/880
f 449/848/880 458/849/879 450/847/879
f 452/850/881 450/847/882 451/851/883
f 451/851/883 466/852/884 452/850/881
f 471/853/885 451/854/886 458/855/887
f 458/855/887 457/856/888 471/853/885
f 470/857/889 469/858/890 462/859/890
f 462/859/890 463/860/889 470/857/889
f 466/861/884 470/862/891 463/863/892
f 463/863/892 453/864/893 466/861/884
f 447/845/894 452/850/894 453/865/895
f 453/865/895 454/866/896 447/845/894
f 464/867/897 443/824/897 465/827/897
f 465/827/897 455/868/897 464/867/897
f 454/869/898 464/867/899 455/868/900
f 455/868/900 456/842/875 454/869/898
f 456/842/901 455/868/902 467/839/902
f 467/839/902 476/838/903 456/842/901
f 450/847/904 452/850/894 447/845/894
f 447/845/894 448/844/904 450/847/904
f 468/870/905 473/871/905 445/835/905
f 445/835/905 469/834/905 468/870/905
f 458/855/824 449/872/824 475/873/824
f 475/873/824 457/856/824 458/855/824
f 460/808/825 459/807/825 477/828/825
f 477/828/825 439/814/825 460/808/825
f 461/833/904 438/874/904 441/820/854
f 441/820/854 444/821/854 461/833/904
f 463/860/904 462/859/904 443/875/904
f 443/875/904 464/876/904 463/860/904
f 462/859/906 446/823/856 442/822/855
f 442/822/855 443/875/907 462/859/906
f 453/864/895 463/863/908 464/877/909
f 464/877/909 454/878/896 453/864/895
f 440/826/910 472/812/911 474/811/902
f 474/811/902 465/827/902 440/826/910
f 466/879/905 451/854/905 471/853/905
f 471/853/905 470/880/905 466/879/905
f 465/827/902 474/811/902 467/839/902
f 467/839/902 455/868/902 465/827/902
f 471/853/905 468/870/905 469/834/905
f 471/853/905 469/834/905 470/880/905
f 460/813/912 472/812/912 438/817/912
f 441/820/850 440/819/853 442/822/858
f 459/807/913 461/810/913 473/829/913
f 446/823/869 445/831/864 444/821/867
f 476/881/914 449/848/914 448/844/914
f 450/882/915 458/855/915 451/854/915
f 452/850/881 466/852/884 453/865/893
f 454/866/898 456/846/875 447/845/878
f 600/883/916 478/884/917 590/885/918
f 590/885/918 479/886/916 600/883/916
f 585/887/919 590/888/918 478/889/917
f 478/884/917 481/890/920 585/891/919
f 487/892/921 480/893/921 481/890/922
f 481/890/922 486/894/922 487/892/921
f 483/895/923 585/891/919 480/893/924
f 480/893/924 482/896/925 483/895/923
f 485/897/926 484/898/927 586/899/928
f 586/899/928 601/900/926 485/897/926
f 486/894/929 586/899/928 484/898/927
f 484/898/927 581/901/930 486/894/929
f 489/902/931 487/892/932 581/901/930
f 581/901/930 488/903/933 489/902/931
f 490/904/934 567/905/935 573/906/936
f 573/906/936 598/907/937 490/904/934
f 491/908/938 573/906/936 567/905/935
f 567/905/935 559/909/938 491/908/938
f 492/910/939 491/908/938 559/909/938
f 559/909/938 561/911/940 492/910/939
f 560/912/941 566/913/942 570/914/943
f 570/914/943 493/915/941 560/912/941
f 494/916/944 570/914/943 566/913/942
f 566/913/942 565/917/945 494/916/944
f 496/918/946 560/912/941 493/915/941
f 493/915/941 495/919/947 496/918/946
f 499/920/948 497/921/949 593/922/950
f 593/922/950 498/923/951 499/920/948
f 572/924/952 571/925/953 569/926/954
f 569/926/954 568/927/955 572/924/952
f 575/928/956 574/929/957 500/930/958
f 500/930/958 501/931/959 575/928/956
f 503/932/960 575/928/956 501/931/959
f 501/931/959 502/933/961 503/932/960
f 504/934/962 490/904/934 598/907/937
f 598/907/937 580/935/963 504/934/962
f 506/936/964 494/916/944 565/917/945
f 565/917/945 505/937/965 506/936/964
f 507/938/966 572/924/952 568/927/955
f 568/927/955 578/939/967 507/938/966
f 579/940/968 507/938/966 578/939/967
f 578/939/967 577/941/969 579/940/968
f 509/942/970 503/932/960 502/933/961
f 502/933/961 508/943/971 509/942/970
f 511/944/972 509/942/970 508/943/971
f 508/945/971 510/946/973 511/947/972
f 514/948/974 512/949/975 513/950/976
f 513/950/976 609/951/977 514/948/974
f 515/952/978 513/953/976 512/954/975
f 512/954/975 563/955/979 515/952/978
f 605/956/980 564/957/981 562/958/982
f 562/958/982 534/959/983 605/956/980
f 498/923/951 562/958/982 564/957/981
f 564/957/981 499/920/948 498/923/951
f 518/960/984 496/918/946 495/919/947
f 495/919/947 516/961/985 518/960/984
f 592/962/986 517/963/987 516/964/985
f 516/964/985 606/965/988 592/962/986
f 520/966/989 518/960/990 517/967/991
f 517/967/991 519/968/991 520/966/989
f 521/969/992 492/910/939 561/911/940
f 561/970/940 520/966/993 521/971/992
f 608/972/994 521/969/992 519/973/995
f 519/973/995 542/974/996 608/972/994
f 522/975/997 483/895/923 482/896/925
f 482/896/925 535/976/998 522/975/997
f 604/977/999 489/902/931 488/903/933
f 488/903/933 523/978/1000 604/977/999
f 525/979/1001 588/980/1002 587/981/1003
f 587/981/1003 524/982/1004 525/979/1001
f 526/983/1005 587/981/1003 588/980/1002
f 588/980/1002 584/984/1005 526/983/1005
f 527/985/1006 526/983/1005 584/984/1005
f 584/984/1005 583/986/1007 527/985/1006
f 529/987/1008 528/988/1009 589/989/1010
f 589/989/1010 599/990/1011 529/987/1008
f 531/991/1012 589/989/1010 528/988/1009
f 528/988/1009 530/992/1012 531/991/1012
f 582/993/1013 531/991/1012 530/992/1012
f 530/992/1012 532/994/1014 582/993/1013
f 591/995/1015 527/985/1006 583/986/1007
f 583/986/1007 533/996/1016 591/995/1015
f 534/959/983 604/977/999 523/978/1000
f 523/978/1000 605/956/980 534/959/983
f 609/997/977 522/975/997 535/976/998
f 535/976/998 514/998/974 609/997/977
f 539/999/1017 582/993/1013 532/994/1014
f 532/1000/1014 603/1001/1018 539/1002/1017
f 610/1003/1019 536/1004/1020 551/1005/1021
f 580/935/963 536/1006/1022 610/1007/1023
f 610/1007/1023 504/934/962 580/935/963
f 537/1008/1024 576/1009/1025 611/1010/1026
f 505/937/965 576/1011/1027 537/1012/1028
f 537/1012/1028 506/936/964 505/937/965
f 524/1013/425 485/1014/425 479/1015/425 529/1016/425
f 524/1013/425 529/1016/425 599/1017/425 525/1018/425
f 538/1019/1029 602/1020/1030 607/1021/1031
f 607/1021/1031 591/995/1015 538/1019/1029
f 606/1022/1032 607/1021/1031 602/1020/1030
f 602/1020/1030 592/1023/1033 606/1022/1032
f 543/1024/1034 538/1019/1034 533/996/1035
f 533/996/1035 539/1002/1035 543/1024/1034
f 542/974/1036 540/1025/1037 541/1026/1038
f 541/1026/1038 608/972/1039 542/974/1036
f 603/1027/1018 541/1026/1038 540/1025/1037
f 540/1025/1037 543/1028/1040 603/1027/1018
f 616/1029/1041 544/1030/1041 596/1031/1041
f 596/1031/1041 558/1032/1041 616/1029/1041
f 594/1033/1042 545/1034/1042 544/1030/1042
f 544/1030/1042 613/1035/1042 594/1033/1042
f 547/1036/1043 596/1037/1044 545/1038/1045
f 545/1038/1045 546/1039/1046 547/1036/1043
f 548/1040/1047 612/1041/1048 613/1035/1049
f 613/1035/1049 614/1042/1050 548/1040/1047
f 549/1043/1051 594/1044/1052 612/1045/1053
f 612/1045/1053 595/1046/1054 549/1043/1051
f 552/1047/1055 611/1010/1056 595/1048/1057
f 595/1048/1057 550/1049/1058 552/1047/1055
f 546/1050/1059 549/1043/1059 611/1051/1026
f 611/1051/1026 551/1052/1021 546/1050/1059
f 615/1053/1060 547/1036/1061 551/1054/1062
f 551/1054/1062 556/1055/1063 615/1053/1060
f 553/1056/1064 579/1057/1065 577/1058/1066
f 577/1058/1066 552/1047/1067 553/1056/1064
f 510/1059/1068 579/940/1069 553/1060/1070
f 553/1060/1070 554/1061/1071 510/1059/1068
f 555/1062/1072 553/1060/1073 550/1063/1074
f 550/1063/1074 548/1064/1075 555/1062/1072
f 557/1065/1076 555/1062/1077 614/1066/1077
f 614/1066/1077 616/1067/1076 557/1065/1076
f 554/1068/1078 556/1069/1079 511/1070/1080
f 511/1070/1080 510/1071/1081 554/1068/1078
f 558/1072/1082 615/1073/1083 554/1074/1084
f 554/1075/1084 557/1076/1085 558/1077/1082
f 561/970/1086 559/1078/1087 560/912/1087
f 560/912/1087 496/918/1086 561/970/1086
f 563/955/1088 512/954/1089 562/958/1089
f 562/958/1089 498/923/1088 563/955/1088
f 495/1079/1090 493/1080/1091 499/1081/1092
f 499/1081/1092 564/1082/1093 495/1079/1090
f 491/908/1094 492/910/1095 513/950/1096
f 513/950/1096 515/1083/1097 491/908/1094
f 567/1084/1087 490/1085/1098 565/917/1098
f 565/917/1098 566/913/1087 567/1084/1087
f 570/1086/1099 494/1087/1100 568/1088/1101
f 568/1088/1101 569/1089/1102 570/1086/1099
f 502/933/1103 501/931/1104 571/925/1104
f 571/925/1104 572/924/1103 502/933/1103
f 573/906/1105 574/1090/1106 575/1091/1107
f 504/1092/1108 610/1093/1109 576/1011/1109
f 576/1011/1109 505/937/1108 504/1092/1108
f 506/1094/1110 537/1095/1111 577/1096/1111
f 577/1096/1111 578/1097/1112 506/1094/1110
f 510/1059/1113 508/943/1114 507/938/1115
f 507/938/1115 579/940/1116 510/1059/1113
f 536/1006/1117 580/935/1118 509/1098/1119
f 509/1098/1119 511/1099/1117 536/1006/1117
f 482/896/1120 480/893/921 487/892/921
f 487/892/921 489/902/1120 482/896/1120
f 526/1100/1121 527/1101/1122 488/1102/1123
f 488/1102/1123 581/1103/1124 526/1100/1121
f 531/1104/1125 582/1105/1087 583/986/1087
f 583/986/1087 584/984/1125 531/1104/1125
f 532/994/1126 530/992/1127 585/887/1128
f 585/887/1128 483/1106/1129 532/994/1126
f 481/890/922 478/884/1130 586/899/1130
f 586/899/1130 486/894/922 481/890/922
f 587/1107/1131 526/1100/1121 581/1103/1124
f 581/1103/1124 484/1108/1132 587/1107/1131
f 589/1109/1133 531/1104/1125 584/984/1125
f 584/984/1125 588/980/1133 589/1109/1133
f 528/988/1134 590/888/1135 585/887/1128
f 585/887/1128 530/992/1127 528/988/1134
f 591/1110/1136 488/1102/1123 527/1101/1122
f 512/954/1089 514/998/1137 534/959/1137
f 534/959/1137 562/958/1089 512/954/1089
f 521/969/1138 513/950/1096 492/910/1095
f 540/1111/1087 542/1112/1087 592/1023/1087
f 592/1023/1087 602/1020/1087 540/1111/1087
f 559/1078/1087 567/1084/1087 566/913/1087
f 566/913/1087 560/912/1087 559/1078/1087
f 493/1080/1091 570/1086/1099 497/1113/1139
f 497/1113/1139 499/1081/1092 493/1080/1091
f 617/1114/1140 563/955/1088 498/923/1088
f 498/923/1088 593/922/1140 617/1114/1140
f 573/906/1105 491/908/1094 515/1083/1097
f 515/1083/1097 574/1090/1106 573/906/1105
f 546/1050/1087 545/1115/1087 594/1044/1087
f 594/1044/1087 549/1043/1087 546/1050/1087
f 612/1116/824 548/1117/824 550/1049/824
f 550/1049/824 595/1048/824 612/1116/824
f 557/1065/1141 554/1061/1071 553/1060/1070
f 553/1060/1070 555/1062/1141 557/1065/1141
f 596/1037/825 547/1036/825 615/1053/825
f 615/1053/825 558/1118/825 596/1037/825
f 501/931/1104 500/930/1142 597/1119/1142
f 597/1119/1142 571/925/1104 501/931/1104
f 598/907/1143 573/906/1105 575/1091/1107
f 575/1091/1107 503/1120/1144 598/907/1143
f 570/1086/1099 569/1089/1102 497/1113/1139
f 599/1121/1145 589/1109/1133 588/980/1133
f 588/980/1133 525/979/1145 599/1121/1145
f 524/1013/1146 587/1107/1131 484/1108/1132
f 484/1108/1132 485/1014/1146 524/1013/1146
f 601/900/1147 586/899/1130 478/884/1130
f 478/884/1130 600/883/1147 601/900/1147
f 479/1122/1148 590/888/1135 528/988/1134
f 528/988/1134 529/987/1148 479/1122/1148
f 582/1105/1087 539/1002/1035 533/996/1035
f 533/996/1035 583/986/1087 582/1105/1087
f 520/966/989 561/970/1086 496/918/1086
f 496/918/1086 518/960/990 520/966/989
f 543/1024/1034 540/1111/1149 602/1020/1149
f 602/1020/1149 538/1019/1034 543/1024/1034
f 542/1123/1150 519/1124/991 517/963/991
f 517/963/991 592/962/1150 542/1123/1150
f 532/994/1126 483/1106/1129 603/1027/1151
f 541/1026/1152 603/1027/1151 483/1106/1129
f 483/1106/1129 522/1125/1153 541/1026/1152
f 535/976/1154 482/896/1120 489/902/1120
f 489/902/1120 604/977/1154 535/976/1154
f 606/965/1155 516/964/1156 564/1082/1093
f 564/1082/1093 605/1126/1157 606/965/1155
f 591/1110/1136 607/1127/1158 523/1128/1159
f 523/1128/1159 488/1102/1123 591/1110/1136
f 495/1079/1090 564/1082/1093 516/964/1156
f 521/969/1138 608/972/1160 609/951/1161
f 609/951/1161 513/950/1096 521/969/1138
f 608/972/1160 541/1026/1152 522/1125/1153
f 522/1125/1153 609/951/1161 608/972/1160
f 514/998/1137 535/976/1154 604/977/1154
f 604/977/1154 534/959/1137 514/998/1137
f 607/1127/1158 606/965/1155 605/1126/1157
f 605/1126/1157 523/1128/1159 607/1127/1158
f 611/1010/1026 576/1009/1025 610/1003/1019
f 610/1003/1019 551/1005/1021 611/1010/1026
f 552/1047/1162 577/1058/1163 537/1008/1024
f 537/1008/1024 611/1010/1026 552/1047/1162
f 551/1005/1021 536/1004/1020 511/1070/1164
f 511/1070/1164 556/1069/1165 551/1005/1021
f 614/1042/368 613/1035/368 544/1030/368
f 544/1030/368 616/1029/368 614/1042/368
f 494/1087/1100 506/1129/1110 578/1130/1112
f 578/1130/1112 568/1088/1101 494/1087/1100
f 490/1085/1098 504/1092/1108 505/937/1108
f 505/937/1108 565/917/1098 490/1085/1098
f 580/935/1118 598/907/1143 503/1120/1144
f 503/1120/1144 509/1098/1119 580/935/1118
f 508/943/1114 502/933/1103 572/924/1103
f 572/924/1103 507/938/1115 508/943/1114
f 600/1131/425 479/1015/425 485/1014/425 601/1132/425
f 481/890/920 480/893/924 585/891/919
f 487/892/932 486/894/929 581/901/930
f 517/967/987 518/960/984 516/961/985
f 520/966/993 519/968/995 521/971/992
f 533/996/1016 538/1019/1029 591/995/1015
f 543/1024/1040 539/1002/1017 603/1001/1018
f 544/1030/1166 545/1034/1166 596/1031/1166
f 612/1045/1167 594/1044/1167 613/1133/1167
f 611/1010/1168 549/1134/1168 595/1048/1168
f 547/1036/1169 546/1039/1169 551/1054/1169
f 555/1062/1170 548/1064/1170 614/1066/1170
f 556/1055/1171 554/1135/1084 615/1053/1083
f 558/1136/1172 557/1065/1172 616/1067/1172
f 571/925/953 597/1119/1173 497/921/949
f 497/921/949 569/926/954 571/925/953
f 563/955/979 617/1114/1174 574/929/957
f 574/929/957 515/952/978 563/955/979
f 617/1114/1140 593/922/1140 597/1119/1142
f 597/1119/1142 500/930/1142 617/1114/1140
f 593/922/950 497/921/949 597/1119/1173
f 500/930/958 574/929/957 617/1114/1174
f 553/1056/1073 552/1047/1175 550/1049/1074
