# Blender 4.5.1 LTS
# www.blender.org
o Cube
v -17.500000 -37.006851 17.500000
v -17.500000 -0.000006 17.500000
v -17.500000 -37.006851 -17.500000
v -17.500000 -0.000006 -17.500000
v 17.500000 -37.006851 17.500000
v 17.500000 -0.000006 17.500000
v 17.500000 -37.006851 -17.500000
v 17.500000 -0.000006 -17.500000
v -16.049698 -37.437729 -29.348356
v -16.049700 0.914641 -29.348362
v -16.049698 -37.437729 -36.122440
v -16.049700 0.914641 -36.122448
v -9.275613 -37.437729 -29.348356
v -9.275614 0.914641 -29.348362
v -9.275613 -37.437729 -36.122440
v -9.275614 0.914641 -36.122448
v -12.662655 -37.437729 -36.122440
v -12.662657 0.914641 -36.122448
v -12.662655 -37.437729 -29.348356
v -12.662657 0.914641 -29.348362
v -16.049698 -37.437729 -32.735401
v -16.049700 0.914641 -32.735405
v -9.275613 -37.437729 -32.735401
v -9.275614 0.914641 -32.735405
v -12.662657 0.914641 -32.735405
v -16.049698 -37.437729 -28.724171
v -16.049700 0.914641 -28.724174
v -12.662657 0.914641 -28.724174
v -12.662655 -37.437729 -28.724171
v -12.662657 1.306210 -36.122448
v -9.275614 1.306210 -36.122448
v -9.275614 1.306210 -32.735405
v -12.662657 1.306210 -32.735405
v -32.165272 -37.437729 -7.179003
v -32.165279 -0.819469 -7.179002
v -32.165272 -37.437729 -16.703314
v -32.165279 -0.819469 -16.703316
v -22.640957 -37.437729 -7.179003
v -22.640965 -0.819469 -7.179002
v -22.640957 -37.437729 -16.703314
v -22.640965 -0.819469 -16.703316
v -32.165272 -37.437729 -13.528543
v -32.165272 -37.437729 -10.353773
v -32.165279 -0.819469 -10.353773
v -32.165279 -0.819469 -13.528545
v -22.640957 -37.437729 -10.353773
v -22.640965 -0.819469 -13.528545
v -22.640965 -0.819469 -10.353773
v -27.403114 -37.437729 -16.703314
v -27.403122 -0.819469 -16.703316
v -27.403114 -37.437729 -7.179003
v -27.403122 -0.819469 -7.179002
v -27.403122 -0.819469 -13.528545
v -27.403122 -0.819469 -10.353773
v -27.403122 -0.819469 -17.236553
v -22.640965 -0.819469 -17.236553
v -22.640957 -37.437729 -17.236551
v -27.403114 -37.437729 -17.236551
v -22.456509 -0.819469 -16.703316
v -22.456503 -37.437729 -16.703314
v -22.456503 -37.437729 -13.528544
v -22.456503 -37.437729 -10.353773
v -22.456509 -0.819469 -13.528545
v -22.456509 -0.819469 -10.353773
v -22.640965 -0.682154 -13.528545
v -22.640965 -0.682154 -10.353773
v -27.403122 -0.682154 -13.528545
v -27.403122 -0.682154 -10.353773
v -30.620096 -37.437733 -0.988260
v -30.620104 0.443726 -0.988258
v -30.620096 -37.437733 -7.964459
v -30.620104 0.443726 -7.964460
v -20.887970 -37.437733 -0.988260
v -20.887972 0.443726 -0.988258
v -20.887970 -37.437733 -7.964459
v -20.887972 0.443726 -7.964460
v -30.620096 -37.437733 -5.639060
v -30.620096 -37.437733 -3.313660
v -30.620104 0.443726 -3.313659
v -30.620104 0.443726 -5.639059
v -20.887970 -37.437733 -3.313660
v -20.887970 -37.437733 -5.639060
v -20.887972 0.443726 -5.639059
v -20.887972 0.443726 -3.313659
v -20.290310 0.443726 -7.964460
v -20.290308 -37.437733 -7.964459
v -20.290308 -37.437733 -5.639060
v -20.290310 0.443726 -3.313659
v -20.290310 0.443726 -0.988258
v -20.290308 -37.437733 -0.988260
v -20.290308 -37.437733 -3.313660
v -20.290310 0.443726 -5.639059
v -22.834394 -37.437733 -7.964459
v -24.780819 -37.437733 -7.964459
v -26.727245 -37.437733 -7.964459
v -28.673672 -37.437733 -7.964459
v -28.673677 0.443726 -7.964460
v -26.727251 0.443726 -7.964460
v -24.780825 0.443726 -7.964460
v -22.834398 0.443726 -7.964460
v -28.673670 -37.437733 -0.988260
v -26.727245 -37.437733 -0.988260
v -24.780819 -37.437733 -0.988260
v -22.834394 -37.437733 -0.988260
v -22.834398 0.443726 -0.988258
v -24.780825 0.443726 -0.988258
v -26.727251 0.443726 -0.988258
v -28.673677 0.443726 -0.988258
v -28.673677 0.443726 -5.639059
v -26.727251 0.443726 -5.639059
v -24.780825 0.443726 -5.639059
v -22.834398 0.443726 -5.639059
v -28.673677 0.443726 -3.313659
v -26.727251 0.443726 -3.313659
v -24.780825 0.443726 -3.313659
v -22.834398 0.443726 -3.313659
v -30.620104 0.642766 -5.639059
v -30.620104 0.642766 -7.964460
v -28.673677 0.642766 -0.988258
v -30.620104 0.642766 -0.988258
v -30.620104 0.642766 -3.313659
v -28.673677 0.642766 -7.964460
v -26.727251 0.642766 -7.964460
v -24.780825 0.642766 -7.964460
v -22.834398 0.642766 -7.964460
v -26.727251 0.642766 -0.988258
v -28.673677 0.642766 -5.639059
v -26.727251 0.642766 -5.639059
v -24.780825 0.642766 -5.639059
v -22.834398 0.642766 -5.639059
v -28.673677 0.642766 -3.313659
v -26.727251 0.642766 -3.313659
v -30.090902 -37.437733 16.504074
v -30.090902 0.143496 16.504074
v -30.090902 -37.437733 9.425488
v -30.090902 0.143496 9.425488
v -23.012316 -37.437733 16.504074
v -23.012316 0.143496 16.504074
v -23.012316 -37.437733 9.425488
v -23.012316 0.143496 9.425488
v -24.781963 -37.437733 9.425488
v -26.551609 -37.437733 9.425488
v -28.321255 0.143496 9.425488
v -26.551609 0.143496 9.425488
v -24.781963 0.143496 9.425488
v -28.321255 -37.437733 16.504074
v -26.551609 -37.437733 16.504074
v -24.781963 -37.437733 16.504074
v -24.781963 0.143496 16.504074
v -26.551609 0.143496 16.504074
v -28.321255 0.143496 16.504074
v -30.090902 0.143496 8.917375
v -30.090902 -37.437733 8.917374
v -28.321255 -37.437733 8.917374
v -24.781963 0.143496 8.917375
v -23.012316 0.143496 8.917375
v -23.012316 -37.437733 8.917374
v -24.781963 -37.437733 8.917374
v -26.551609 -37.437733 8.917374
v -28.321255 0.143496 8.917375
v -26.551609 0.143496 8.917375
v -29.510468 -37.437733 29.429359
v -29.510468 1.779392 29.429356
v -29.510468 -37.437733 19.342560
v -29.510468 1.779392 19.342560
v -19.423668 -37.437733 29.429359
v -19.423668 1.779392 29.429356
v -19.423668 -37.437733 19.342560
v -19.423668 1.779392 19.342560
v -29.510468 -37.437733 22.704826
v -29.510468 -37.437733 26.067091
v -29.510468 1.779392 26.067091
v -29.510468 1.779392 22.704824
v -19.423668 -37.437733 22.704826
v -19.423668 1.779392 22.704824
v -19.423668 1.779392 26.067091
v -21.945368 -37.437733 19.342560
v -24.467068 -37.437733 19.342560
v -26.988768 -37.437733 19.342560
v -26.988768 1.779392 19.342560
v -24.467068 1.779392 19.342560
v -21.945368 1.779392 19.342560
v -26.988768 -37.437733 29.429359
v -24.467068 -37.437733 29.429359
v -21.945368 -37.437733 29.429359
v -21.945368 1.779392 29.429356
v -24.467068 1.779392 29.429356
v -26.988768 1.779392 29.429356
v -26.988768 1.779392 22.704824
v -24.467068 1.779392 22.704824
v -21.945368 1.779392 22.704824
v -26.988768 1.779392 26.067091
v -24.467068 1.779392 26.067091
v -21.945368 1.779392 26.067091
v -19.027262 1.779392 26.067091
v -19.027262 1.779392 29.429356
v -19.027262 -37.437733 29.429359
v -19.027262 -37.437733 26.067091
v -19.027262 -37.437733 22.704826
v -19.027262 1.779392 22.704824
v -29.510468 1.779392 18.661469
v -29.510468 -37.437733 18.661469
v -26.988768 -37.437733 18.661469
v -21.945368 1.779392 18.661469
v -19.423668 1.779392 18.661469
v -19.423668 -37.437733 18.661469
v -21.945368 -37.437733 18.661469
v -26.988768 1.779392 18.661469
v -26.988768 2.014510 22.704824
v -24.467068 2.014510 22.704824
v -26.988768 2.014510 26.067091
v -24.467068 2.014510 26.067091
v 21.754436 -37.437733 -2.499513
v 21.754436 0.884111 -2.499514
v 21.754436 -37.437733 -9.578099
v 21.754436 0.884111 -9.578099
v 28.833023 -37.437733 -2.499513
v 28.833023 0.884111 -2.499514
v 28.833023 -37.437733 -9.578099
v 28.833023 0.884111 -9.578099
v 21.754436 -37.437733 -7.218571
v 21.754436 -37.437733 -4.859042
v 21.754436 0.884111 -4.859042
v 21.754436 0.884111 -7.218571
v 28.833023 -37.437733 -4.859042
v 28.833023 -37.437733 -7.218571
v 28.833023 0.884111 -7.218571
v 28.833023 0.884111 -4.859042
v 26.473494 -37.437733 -9.578099
v 24.113964 -37.437733 -9.578099
v 24.113966 0.884111 -9.578099
v 26.473494 0.884111 -9.578099
v 24.113964 -37.437733 -2.499513
v 26.473494 -37.437733 -2.499513
v 26.473494 0.884111 -2.499514
v 24.113966 0.884111 -2.499514
v 24.113966 0.884111 -7.218571
v 26.473494 0.884111 -7.218571
v 24.113966 0.884111 -4.859042
v 26.473494 0.884111 -4.859042
v 21.754436 1.115769 -7.218571
v 21.754436 1.115769 -9.578099
v 26.473494 1.115769 -9.578099
v 28.833023 1.115769 -9.578099
v 28.833023 1.115769 -7.218571
v 26.473494 1.115769 -7.218571
v 24.113966 1.115769 -9.578099
v 24.113966 1.115769 -7.218571
v 23.716843 -37.437733 1.183382
v 23.716843 1.539293 1.183382
v 23.716843 -37.437733 -5.895204
v 23.716843 1.539293 -5.895204
v 30.795429 -37.437733 1.183382
v 30.795429 1.539293 1.183382
v 30.795429 -37.437733 -5.895204
v 30.795429 1.539293 -5.895204
v 23.716843 -37.437733 -2.355911
v 23.716843 1.539293 -2.355911
v 30.795429 -37.437733 -2.355911
v 30.795429 1.539293 -2.355911
v 27.256136 -37.437733 -5.895204
v 27.256136 1.539293 -5.895204
v 27.256136 -37.437733 1.183382
v 27.256136 1.539293 1.183382
v 27.256136 1.539293 -2.355911
v 23.716843 0.191033 1.183382
v 23.716843 0.191033 -5.895204
v 30.795429 0.191033 -5.895204
v 30.795429 0.191033 1.183382
v 30.795429 0.191033 -2.355911
v 23.716843 0.191033 -2.355911
v 27.256136 0.191033 1.183382
v 27.256136 0.191033 -5.895204
v 23.716843 1.858249 -2.355911
v 23.716843 1.858249 -5.895204
v 27.256136 1.858249 -5.895204
v 30.795429 1.858249 -5.895204
v 30.795429 1.858249 -2.355911
v 30.795429 1.858249 1.183382
v 27.256136 1.858249 -2.355911
v 27.256136 1.858249 1.183382
v 23.716843 0.191033 1.803740
v 23.716843 1.539293 1.803740
v 27.256136 1.539293 1.803740
v 27.256136 0.191033 1.803740
v 19.868198 -37.437729 -19.615419
v 19.868206 -0.166808 -19.615423
v 19.868198 -37.437729 -25.406496
v 19.868206 -0.166808 -25.406500
v 25.659275 -37.437729 -19.615419
v 25.659283 -0.166808 -19.615423
v 25.659275 -37.437729 -25.406496
v 25.659283 -0.166808 -25.406500
v 23.728914 -37.437729 -25.406496
v 21.798557 -37.437729 -25.406496
v 21.798565 -0.166808 -25.406500
v 23.728924 -0.166808 -25.406500
v 21.798557 -37.437729 -19.615419
v 23.728914 -37.437729 -19.615419
v 23.728924 -0.166808 -19.615423
v 21.798565 -0.166808 -19.615423
v 19.868198 -37.437729 -22.510958
v 19.868206 -0.166808 -22.510962
v 25.659275 -37.437729 -22.510958
v 25.659283 -0.166808 -22.510962
v 23.728924 -0.166808 -22.510962
v 21.798565 -0.166808 -22.510962
v 19.868206 0.095132 -22.510962
v 19.868206 0.095132 -25.406500
v 21.798565 0.095132 -19.615423
v 19.868206 0.095132 -19.615423
v 21.798565 0.095132 -25.406500
v 23.728924 0.095132 -25.406500
v 21.798565 0.095132 -22.510962
v 23.728924 0.095132 -22.510962
v 21.798557 -37.437729 -19.012194
v 23.728914 -37.437729 -19.012194
v 23.728924 -0.166808 -19.012197
v 21.798565 -0.166808 -19.012197
v 20.714088 -37.437733 -17.187103
v 20.714088 -2.306902 -17.187103
v 20.714088 -37.437733 -22.978180
v 20.714088 -2.306902 -22.978180
v 31.855530 -37.437733 -17.187103
v 31.855530 -2.306902 -17.187103
v 31.855530 -37.437733 -22.978180
v 31.855530 -2.306902 -22.978180
v 28.141718 -37.437733 -22.978180
v 24.427900 -37.437733 -22.978180
v 24.427902 -2.306902 -22.978180
v 28.141716 -2.306902 -22.978180
v 24.427900 -37.437733 -17.187103
v 28.141718 -37.437733 -17.187103
v 28.141716 -2.306902 -17.187103
v 24.427902 -2.306902 -17.187103
v 24.427900 -37.437733 -16.562948
v 28.141718 -37.437733 -16.562948
v 28.141716 -2.306902 -16.562948
v 24.427902 -2.306902 -16.562948
v 3.810966 -37.437733 -24.674419
v 3.810966 -0.126743 -24.674423
v 3.810966 -37.437733 -30.465494
v 3.810966 -0.126743 -30.465500
v 13.993207 -37.437733 -24.674419
v 13.993207 -0.126743 -24.674423
v 13.993207 -37.437733 -30.465494
v 13.993207 -0.126743 -30.465500
v 10.599126 -37.437733 -30.465494
v 7.205047 -37.437733 -30.465494
v 7.205046 -0.126743 -30.465500
v 10.599127 -0.126743 -30.465500
v 7.205047 -37.437733 -24.674419
v 10.599126 -37.437733 -24.674419
v 10.599127 -0.126743 -24.674423
v 7.205046 -0.126743 -24.674423
v 3.810966 -37.437733 -23.384354
v 3.810966 -0.126743 -23.384357
v 13.993207 -0.126743 -23.384357
v 13.993207 -37.437733 -23.384354
v 10.599126 -37.437733 -23.384354
v 7.205046 -0.126743 -23.384357
v 7.205047 -37.437733 -23.384354
v 10.599127 -0.126743 -23.384357
v 3.810966 -37.437733 -27.569958
v 3.810966 -0.126743 -27.569962
v 13.993207 -37.437733 -27.569958
v 13.993207 -0.126743 -27.569962
v 10.599127 -0.126743 -27.569962
v 7.205046 -0.126743 -27.569962
v 3.810966 0.346565 -27.569962
v 3.810966 0.346565 -30.465500
v 7.205046 0.346565 -30.465500
v 10.599127 0.346565 -30.465500
v 10.599127 0.346565 -27.569962
v 7.205046 0.346565 -27.569962
v -7.104880 -37.437737 -24.155073
v -7.104880 1.166742 -24.155073
v -7.104880 -37.437737 -32.186676
v -7.104880 1.166742 -32.186676
v 0.926721 -37.437737 -24.155073
v 0.926722 1.166742 -24.155073
v 0.926721 -37.437737 -32.186676
v 0.926722 1.166742 -32.186676
v -1.750479 -37.437737 -32.186676
v -4.427680 -37.437737 -32.186676
v -4.427680 1.166742 -32.186676
v -1.750479 1.166742 -32.186676
v -4.427680 -37.437737 -24.155073
v -1.750479 -37.437737 -24.155073
v -1.750479 1.166742 -24.155073
v -4.427680 1.166742 -24.155073
v -7.104880 -37.437737 -23.542772
v -7.104880 1.166742 -23.542770
v 0.926722 1.166742 -23.542770
v 0.926721 -37.437737 -23.542772
v -1.750479 -37.437737 -23.542772
v -4.427680 1.166742 -23.542770
v -4.427680 -37.437737 -23.542772
v -1.750479 1.166742 -23.542770
v -3.457019 -37.437733 25.328571
v -3.457019 1.244813 25.328571
v -3.457019 -37.437733 20.136784
v -3.457019 1.244813 20.136784
v 3.032607 -37.437733 25.328571
v 3.032608 1.244813 25.328571
v 3.032607 -37.437733 20.136784
v 3.032608 1.244813 20.136784
v 0.869398 -37.437733 20.136784
v -1.293810 -37.437733 20.136784
v -1.293810 1.244813 20.136784
v 0.869399 1.244813 20.136784
v -1.293810 -37.437733 25.328571
v 0.869398 -37.437733 25.328571
v 0.869399 1.244813 25.328571
v -1.293810 1.244813 25.328571
v -3.457019 -37.437733 22.732677
v -3.457019 1.244813 22.732677
v 3.032607 -37.437733 22.732677
v 3.032608 1.244813 22.732677
v 0.869399 1.244813 22.732677
v -1.293810 1.244813 22.732677
v -3.457019 1.244813 19.670563
v -3.457019 -37.437733 19.670563
v -1.293810 -37.437733 19.670563
v 0.869399 1.244813 19.670563
v 3.032608 1.244813 19.670563
v 3.032607 -37.437733 19.670563
v 0.869398 -37.437733 19.670563
v -1.293810 1.244813 19.670563
v 3.785396 1.244813 22.732677
v 3.785396 1.244813 25.328571
v 3.785396 -37.437733 25.328571
v 3.785396 -37.437733 22.732677
v -13.655965 -37.437737 32.171307
v -13.655961 -1.314914 32.171318
v -13.655965 -37.437737 21.744583
v -13.655961 -1.314914 21.744591
v -7.166336 -37.437737 32.171307
v -7.166335 -1.314914 32.171318
v -7.166336 -37.437737 21.744583
v -7.166335 -1.314914 21.744591
v -13.655965 -37.437737 25.220158
v -13.655965 -37.437737 28.695734
v -13.655961 -1.314914 28.695742
v -13.655961 -1.314914 25.220167
v -7.166336 -37.437737 25.220158
v -7.166335 -1.314914 25.220167
v -7.166335 -1.314914 28.695742
v -9.329546 -37.437737 21.744583
v -11.492755 -37.437737 21.744583
v -11.492752 -1.314914 21.744591
v -9.329544 -1.314914 21.744591
v -11.492755 -37.437737 32.171307
v -9.329546 -37.437737 32.171307
v -9.329544 -1.314914 32.171318
v -11.492752 -1.314914 32.171318
v -11.492752 -1.314914 25.220167
v -9.329544 -1.314914 25.220167
v -11.492752 -1.314914 28.695742
v -9.329544 -1.314914 28.695742
v -7.166335 -0.895365 28.695742
v -7.166335 -0.895365 32.171318
v -7.166335 -0.895365 25.220167
v -9.329544 -0.895365 25.220167
v -9.329544 -0.895365 28.695742
v -9.329544 -0.895365 32.171318
v -11.492752 -0.895365 32.171318
v -11.492752 -0.895365 28.695742
v -6.695796 -1.314914 28.695742
v -6.695796 -1.314914 32.171318
v -6.695796 -37.437737 32.171307
v -6.695796 -37.437737 28.695734
v -6.695796 -37.437737 25.220158
v -6.695796 -1.314914 25.220167
v 21.020454 -37.437737 20.748032
v 21.020445 0.450295 20.748032
v 21.020454 -37.437737 8.690416
v 21.020445 0.450295 8.690416
v 27.510082 -37.437737 20.748032
v 27.510073 0.450295 20.748032
v 21.020454 -37.437737 12.709621
v 21.020454 -37.437737 16.728827
v 21.020445 0.450295 16.728827
v 21.020445 0.450295 12.709621
v 27.510082 -37.437737 16.728827
v 27.510082 -37.437737 12.007321
v 27.510073 0.450295 12.709621
v 27.510073 0.450295 16.728827
v 24.643261 -37.437737 8.690416
v 24.265259 0.450295 8.690416
v 24.265268 -37.437737 20.748032
v 24.265259 0.450295 20.748032
v 24.643250 0.450295 12.007320
v 24.265259 0.450295 16.728827
v 27.510082 -37.437737 12.709621
v 24.265259 0.450295 12.709621
v 27.510073 0.450295 12.007320
v 24.265268 -37.437737 8.690416
v 24.643250 0.450295 8.690416
v 24.128580 -0.064374 8.967421
v 26.995403 -0.064374 8.967421
v 26.995411 -37.437737 8.967421
v 26.995403 -0.064374 12.284325
v 26.995411 -37.437737 12.284325
v 24.128580 -0.064374 12.284325
v 24.128590 -37.437737 8.967421
v 24.265259 1.084383 20.748032
v 21.020445 1.084383 20.748032
v 21.020445 1.084383 16.728827
v 24.265259 1.084383 16.728827
v 20.527159 -37.437737 12.709621
v 20.527159 -37.437737 16.728827
v 20.527149 0.450295 16.728827
v 20.527149 0.450295 12.709621
v 31.204430 -37.437733 17.197901
v 31.204430 0.895539 17.197899
v 31.204430 -37.437733 11.406821
v 31.204430 0.895539 11.406821
v 42.345871 -37.437733 17.197901
v 42.345871 0.895539 17.197899
v 42.345871 -37.437733 11.406821
v 42.345871 0.895539 11.406821
v 9.491224 -37.437733 -20.291344
v 9.491224 -0.695048 -20.291344
v 9.491224 -37.437733 -22.901249
v 9.491224 -0.695048 -22.901249
v 12.101128 -37.437733 -20.291344
v 12.101128 -0.695048 -20.291344
v 12.101128 -37.437733 -22.901249
v 12.101128 -0.695048 -22.901249
v 14.151618 -37.437733 -23.349049
v 14.151623 -0.255976 -23.349052
v 14.151618 -37.437733 -26.837095
v 14.151623 -0.255976 -26.837101
v 17.639666 -37.437733 -23.349049
v 17.639671 -0.255976 -23.349052
v 17.639666 -37.437733 -26.837095
v 17.639671 -0.255976 -26.837101
v -36.300285 -37.437733 -24.836195
v -36.300285 0.788289 -24.836195
v -36.300285 -37.437733 -39.423416
v -36.300285 0.788289 -39.423416
v -21.713064 -37.437733 -24.836195
v -21.713064 0.788289 -24.836195
v -21.713064 -37.437733 -39.423416
v -21.713064 0.788289 -39.423416
v -42.443150 -37.437733 -12.282573
v -42.443150 1.674625 -12.282573
v -42.443150 -37.437733 -19.631824
v -42.443150 1.674625 -19.631824
v -35.093899 -37.437733 -12.282573
v -35.093899 1.674625 -12.282573
v -35.093899 -37.437733 -19.631824
v -35.093899 1.674625 -19.631824
v -4.075366 -37.437733 -36.399940
v -4.075366 4.539711 -36.399948
v -4.075366 -37.437733 -51.754311
v -4.075366 4.539711 -51.754326
v 9.004059 -37.437733 -36.399940
v 9.004057 4.539711 -36.399948
v 9.004059 -37.437733 -51.754311
v 9.004057 4.539711 -51.754326
v 5.734202 -37.437733 -51.754311
v 2.464346 -37.437733 -51.754311
v -0.805509 -37.437733 -51.754311
v -0.805510 4.539711 -51.754326
v 2.464346 4.539711 -51.754326
v 5.734201 4.539711 -51.754326
v 2.464346 -37.437733 -36.399940
v 5.734202 -37.437733 -36.399940
v 5.734201 4.539711 -36.399948
v 2.464346 4.539711 -36.399948
v -0.805510 4.539711 -36.399948
v -4.075366 0.916442 -36.399948
v -4.075366 0.916442 -51.754326
v 9.004057 0.916442 -51.754326
v 9.004057 0.916442 -36.399948
v 5.734201 0.916442 -36.399948
v 2.464346 0.916442 -36.399948
v -0.805510 0.916442 -36.399948
v -0.805510 0.916442 -51.754326
v 2.464346 0.916442 -51.754326
v 5.734201 0.916442 -51.754326
v -4.075366 2.728077 -36.399948
v -4.075366 2.728077 -51.754326
v 9.004057 2.728077 -51.754326
v 9.004057 2.728077 -36.399948
v 5.734201 2.728077 -36.399948
v 2.464346 2.728077 -36.399948
v -0.805510 2.728077 -36.399948
v -0.805510 2.728077 -51.754326
v 2.464346 2.728077 -51.754326
v 5.734201 2.728077 -51.754326
v 9.004057 0.916442 -35.008286
v 9.004059 -37.437733 -35.008278
v 5.734202 -37.437733 -35.008278
v -4.075366 -37.437733 -35.008278
v -0.805510 -37.437733 -35.008278
v 2.464346 -37.437733 -35.008278
v 5.734201 0.916442 -35.008286
v 2.464346 0.916442 -35.008286
v -0.805510 0.916442 -35.008286
v -4.075366 0.916442 -35.008286
v -0.805510 2.728077 -35.008286
v -4.075366 2.728077 -35.008286
v 2.464346 4.925967 -51.754326
v 5.734201 4.925967 -51.754326
v 5.734201 4.925967 -36.399948
v 2.464346 4.925967 -36.399948
v 18.735321 -37.437733 39.246040
v 18.735332 2.785011 39.246040
v 18.735321 -37.437733 26.166618
v 18.735332 2.785011 26.166618
v 39.227840 -37.437733 39.246040
v 39.227859 2.785011 39.246040
v 39.227840 -37.437733 26.166618
v 39.227859 2.785011 26.166618
v 28.981585 -37.437733 26.166618
v 23.858452 -37.437733 26.166618
v 23.858463 2.785011 26.166618
v 28.981596 2.785011 26.166618
v 34.104729 2.785011 26.166618
v 23.858452 -37.437733 39.246040
v 28.981585 -37.437733 39.246040
v 34.104717 -37.437733 39.246040
v 34.104729 2.785011 39.246040
v 28.981596 2.785011 39.246040
v 23.858463 2.785011 39.246040
v 18.735321 -37.437733 29.436474
v 18.735321 -37.437733 32.706329
v 18.735321 -37.437733 35.976185
v 18.735332 2.785011 35.976185
v 18.735332 2.785011 32.706329
v 18.735332 2.785011 29.436474
v 39.227840 -37.437733 35.976185
v 39.227840 -37.437733 32.706329
v 39.227840 -37.437733 29.436474
v 39.227859 2.785011 29.436474
v 39.227859 2.785011 32.706329
v 39.227859 2.785011 35.976185
v 34.104729 2.785011 29.436474
v 34.104729 2.785011 32.706329
v 34.104729 2.785011 35.976185
v 28.981596 2.785011 29.436474
v 28.981596 2.785011 32.706329
v 28.981596 2.785011 35.976185
v 23.858463 2.785011 29.436474
v 23.858463 2.785011 32.706329
v 23.858463 2.785011 35.976185
v 18.735332 2.785011 25.608192
v 18.735321 -37.437733 25.608194
v 23.858452 -37.437733 25.608194
v 34.104729 2.785011 25.608192
v 39.227859 2.785011 25.608192
v 39.227840 -37.437733 25.608194
v 34.104717 -37.437733 25.608194
v 28.981585 -37.437733 25.608194
v 23.858463 2.785011 25.608192
v 28.981596 2.785011 25.608192
v 18.032818 -37.437733 35.976185
v 18.032818 -37.437733 39.246040
v 18.032825 2.785011 39.246040
v 18.032818 -37.437733 29.436474
v 18.032818 -37.437733 32.706329
v 18.032825 2.785011 35.976185
v 18.032825 2.785011 32.706329
v 18.032825 2.785011 29.436474
v 34.104729 3.509916 26.166618
v 39.227859 3.509916 26.166618
v 39.227859 3.509916 29.436474
v 39.227859 3.509916 32.706329
v 34.104729 3.509916 29.436474
v 34.104729 3.509916 32.706329
v 28.981596 3.509916 29.436474
v 28.981596 3.509916 32.706329
v 28.981596 3.509916 35.976185
v 23.858463 3.509916 29.436474
v 23.858463 3.509916 32.706329
v 23.858463 3.509916 35.976185
v 23.858463 2.940060 39.246040
v 18.735332 2.940060 39.246040
v 23.858463 2.940060 35.976185
v 18.735332 2.940060 35.976185
v -46.702965 -37.437733 28.043503
v -46.702969 1.180946 28.043503
v -46.702965 -37.437733 7.032692
v -46.702969 1.180946 7.032692
v -36.616169 -37.437733 28.043503
v -36.616169 1.180946 28.043503
v -36.616169 -37.437733 7.032692
v -36.616169 1.180946 7.032692
v -46.702965 -37.437733 11.234854
v -46.702965 -37.437733 15.437016
v -46.702965 -37.437733 19.639179
v -46.702965 -37.437733 23.841339
v -46.702969 1.180946 23.841341
v -46.702969 1.180946 19.639179
v -46.702969 1.180946 15.437016
v -46.702969 1.180946 11.234854
v -36.616169 -37.437733 23.841339
v -36.616169 -37.437733 19.639179
v -36.616169 -37.437733 15.437016
v -36.616169 -37.437733 11.234854
v -36.616169 1.180946 11.234854
v -36.616169 1.180946 15.437016
v -36.616169 1.180946 19.639179
v -36.616169 1.180946 23.841341
v -39.978436 -37.437733 7.032692
v -43.340702 1.180946 7.032692
v -39.978436 1.180946 7.032692
v -43.340702 -37.437733 28.043503
v -39.978436 -37.437733 28.043503
v -39.978436 1.180946 28.043503
v -43.340702 1.180946 28.043503
v -43.340702 1.180946 11.234854
v -39.978436 1.180946 11.234854
v -43.340702 1.180946 15.437016
v -39.978436 1.180946 15.437016
v -43.340702 1.180946 19.639179
v -39.978436 1.180946 19.639179
v -43.340702 1.180946 23.841341
v -39.978436 1.180946 23.841341
v -46.702969 1.180946 6.468586
v -46.702965 -37.437733 6.468586
v -43.340702 -37.437733 6.468586
v -39.978436 -37.437733 6.468586
v -43.340702 1.180946 6.468586
v -39.978436 1.180946 6.468586
v -46.702969 1.677701 23.841341
v -46.702969 1.677701 19.639179
v -46.702969 1.677701 15.437016
v -46.702969 1.677701 11.234854
v -43.340702 1.677701 11.234854
v -43.340702 1.677701 15.437016
v -39.978436 1.677701 15.437016
v -43.340702 1.677701 19.639179
v -39.978436 1.677701 19.639179
v -43.340702 1.677701 23.841341
v -46.702969 2.533957 19.639179
v -46.702969 2.533957 15.437016
v -43.340702 2.533957 15.437016
v -43.340702 2.533957 19.639179
v -35.473251 -37.437733 23.841339
v -35.473251 -37.437733 19.639179
v -35.473255 1.180946 19.639179
v -35.473255 1.180946 23.841341
v -26.024275 -37.437733 56.823956
v -26.024284 3.815053 56.823978
v -26.024275 -37.437733 41.225269
v -26.024284 3.815053 41.225285
v -10.425591 -37.437733 56.823956
v -10.425591 3.815053 56.823978
v -10.425591 -37.437733 41.225269
v -10.425591 3.815053 41.225285
v -15.625153 -37.437733 41.225269
v -20.824711 -37.437733 41.225269
v -20.824718 3.815053 41.225285
v -15.625155 3.815053 41.225285
v -20.824711 -37.437733 56.823956
v -15.625153 -37.437733 56.823956
v -15.625155 3.815053 56.823978
v -20.824718 3.815053 56.823978
v -15.625155 3.815053 40.740196
v -10.425591 3.815053 40.740196
v -10.425591 -37.437733 40.740185
v -15.625153 -37.437733 40.740185
v -26.024275 -37.437733 49.024612
v -26.024284 3.815053 49.024632
v -10.425591 -37.437733 49.024612
v -10.425591 3.815053 49.024632
v -15.625155 3.815053 49.024632
v -20.824718 3.815053 49.024632
v -9.780328 3.815053 41.225285
v -9.780327 -37.437733 41.225269
v -9.780327 -37.437733 49.024612
v -9.780328 3.815053 49.024632
v -15.625155 4.710569 56.823978
v -20.824718 4.710569 56.823978
v -15.625155 4.710569 49.024632
v -20.824718 4.710569 49.024632
v -38.434841 -37.437733 42.280197
v -38.434845 1.745903 42.280197
v -38.434841 -37.437733 34.788391
v -38.434845 1.745903 34.788391
v -30.943039 -37.437733 42.280197
v -30.943039 1.745903 42.280197
v -30.943039 -37.437733 34.788391
v -30.943039 1.745903 34.788391
v 38.857323 -37.437733 -11.235136
v 38.857323 0.811445 -11.235136
v 38.857323 -37.437733 -21.584476
v 38.857323 0.811445 -21.584482
v 65.192680 -37.437733 -11.235136
v 65.192680 0.811445 -11.235136
v 65.192680 -37.437733 -21.584476
v 65.192680 0.811445 -21.584482
v 38.857323 -37.437733 -14.684916
v 38.857323 0.811445 -14.684918
v 38.857323 0.811445 -18.134701
v 65.192680 -37.437733 -14.684916
v 65.192680 -37.437733 -18.134695
v 65.192680 0.811445 -18.134701
v 65.192680 0.811445 -14.684918
v 37.911369 0.811445 -18.134701
v 37.911369 0.811445 -21.584482
v 37.911369 -37.437733 -21.584476
v 37.911369 -37.437733 -18.134695
v 37.911369 -37.437733 -14.684916
v 37.911369 0.811445 -14.684918
v 28.341232 -37.437733 -40.378048
v 28.341240 0.493273 -40.378059
v 33.327778 -37.437733 -40.378048
v 33.327785 0.493273 -40.378059
v 28.341232 -37.437733 -27.689091
v 28.341240 0.493273 -27.689095
v 33.327774 -37.437733 -27.689091
v 33.327785 0.493273 -27.689095
v -48.341560 -37.437729 -41.538460
v -48.341553 5.103714 -41.538460
v -48.341560 -37.437729 -60.486366
v -48.341553 5.103714 -60.486366
v -29.393646 -37.437729 -41.538460
v -29.393646 5.103714 -41.538460
v -29.393646 -37.437729 -60.486366
v -29.393646 5.103714 -60.486366
v -34.130623 -37.437729 -60.486366
v -38.867603 -37.437729 -60.486366
v -43.604580 -37.437729 -60.486366
v -43.604576 5.103714 -60.486366
v -38.867599 5.103714 -60.486366
v -34.130623 5.103714 -60.486366
v -43.604580 -37.437729 -41.538460
v -38.867603 -37.437729 -41.538460
v -34.130623 -37.437729 -41.538460
v -34.130623 5.103714 -41.538460
v -38.867599 5.103714 -41.538460
v -43.604576 5.103714 -41.538460
v -43.604580 -37.437729 -40.374535
v -38.867603 -37.437729 -40.374535
v -38.867599 5.103714 -40.374535
v -43.604576 5.103714 -40.374535
v -48.341560 -37.437729 -51.012413
v -48.341553 5.103714 -51.012413
v -29.393646 -37.437729 -51.012413
v -29.393646 5.103714 -51.012413
v -34.130623 5.103714 -51.012413
v -38.867599 5.103714 -51.012413
v -43.604576 5.103714 -51.012413
v -38.867599 6.018860 -60.486366
v -34.130623 6.018860 -60.486366
v -34.130623 6.018860 -51.012413
v -38.867599 6.018860 -51.012413
v -50.650177 -37.437737 1.053066
v -50.650177 2.649142 1.053066
v -50.650177 -37.437737 -8.245218
v -50.650177 2.649142 -8.245218
v -41.351891 -37.437737 1.053066
v -41.351891 2.649142 1.053066
v -41.351891 -37.437737 -8.245218
v -41.351891 2.649142 -8.245218
v -50.021240 -37.437729 -11.744653
v -50.021252 -0.077850 -11.744654
v -50.021240 -37.437729 -15.588951
v -50.021252 -0.077850 -15.588953
v -46.176941 -37.437729 -11.744653
v -46.176952 -0.077850 -11.744654
v -46.176941 -37.437729 -15.588951
v -46.176952 -0.077850 -15.588953
v 36.082592 -37.437737 7.264742
v 36.082569 2.694479 7.264733
v 36.082592 -37.437737 -5.644999
v 36.082569 2.694479 -5.645000
v 48.992325 -37.437737 7.264742
v 48.992306 2.694479 7.264733
v 48.992325 -37.437737 -5.644999
v 48.992306 2.694479 -5.645000
v 36.082592 -37.437737 -3.493376
v 36.082592 -37.437737 -1.341752
v 36.082592 -37.437737 0.809871
v 36.082592 -37.437737 2.961495
v 36.082569 2.694479 5.113111
v 36.082569 2.694479 2.961488
v 36.082569 2.694479 0.809866
v 36.082569 2.694479 -1.341756
v 36.082569 2.694479 -3.493378
v 48.992325 -37.437737 5.113119
v 48.992325 -37.437737 2.961494
v 48.992325 -37.437737 0.809871
v 48.992325 -37.437737 -1.341753
v 48.992325 -37.437737 -3.493376
v 48.992306 2.694479 -3.493378
v 48.992306 2.694479 -1.341756
v 48.992306 2.694479 0.809867
v 48.992306 2.694479 2.961489
v 48.992306 2.694479 5.113111
v 46.410378 -37.437737 -5.644999
v 43.828434 -37.437737 -5.644999
v 41.246487 -37.437737 -5.644999
v 38.664543 -37.437737 -5.644999
v 38.664516 2.694479 -5.645000
v 41.246464 2.694479 -5.645000
v 43.828411 2.694479 -5.645000
v 46.410358 2.694479 -5.645000
v 38.664543 -37.437737 7.264742
v 41.246487 -37.437737 7.264742
v 43.828434 -37.437737 7.264742
v 46.410381 -37.437737 7.264742
v 46.410358 2.694479 7.264733
v 43.828411 2.694479 7.264733
v 41.246464 2.694479 7.264733
v 38.664516 2.694479 7.264733
v 38.664516 2.694479 -3.493378
v 41.246464 2.694479 -3.493378
v 43.828411 2.694479 -3.493378
v 46.410358 2.694479 -3.493378
v 38.664516 2.694479 -1.341756
v 41.246464 2.694479 -1.341756
v 43.828411 2.694479 -1.341756
v 46.410358 2.694479 -1.341756
v 38.664516 2.694479 0.809866
v 41.246464 2.694479 0.809866
v 43.828411 2.694479 0.809866
v 46.410358 2.694479 0.809867
v 38.664516 2.694479 2.961488
v 41.246464 2.694479 2.961488
v 43.828411 2.694479 2.961489
v 46.410358 2.694479 2.961489
v 38.664516 2.694479 5.113111
v 43.828411 2.694479 5.113111
v 46.410358 2.694479 5.113111
v 38.664516 3.211169 7.264733
v 36.082569 3.211169 7.264733
v 36.082569 3.211169 5.113111
v 43.828411 3.211169 7.264733
v 41.246464 3.211169 7.264733
v 41.246464 3.211169 0.809866
v 43.828411 3.211169 0.809866
v 38.664516 3.211169 2.961488
v 41.246464 3.211169 2.961488
v 43.828411 3.211169 2.961489
v 38.664516 3.211169 5.113111
v 41.246464 3.211169 5.113111
v 43.828411 3.211169 5.113111
v 36.082569 2.994470 -3.493378
v 36.082569 2.994470 -5.645000
v 38.664516 2.994470 -5.645000
v 38.664516 2.994470 -3.493378
v 34.885353 -37.437737 5.113119
v 34.885353 -37.437737 7.264742
v 34.885338 2.694478 7.264733
v 34.885353 -37.437737 2.961495
v 34.885338 2.694478 5.113111
v 34.885338 2.694478 2.961488
v 36.082592 -37.437737 7.755405
v 36.082569 2.694479 7.755397
v 34.885353 -37.437737 7.755405
v 34.885338 2.694478 7.755397
v -1.984180 -37.437733 45.162476
v -1.984180 3.150081 45.162476
v -1.984180 -37.437733 31.066879
v -1.984180 3.150081 31.066879
v 12.111418 -37.437733 45.162476
v 12.111418 3.150081 45.162476
v 12.111418 -37.437733 31.066879
v 12.111418 3.150081 31.066879
v 8.587519 -37.437733 31.066879
v 5.063619 -37.437733 31.066879
v 1.539720 -37.437733 31.066879
v 1.539719 3.150081 31.066879
v 5.063619 3.150081 31.066879
v 8.587518 3.150081 31.066879
v 1.539719 -37.437733 45.162476
v 5.063619 -37.437733 45.162476
v 8.587518 -37.437733 45.162476
v 8.587518 3.150081 45.162476
v 5.063619 3.150081 45.162476
v 1.539719 3.150081 45.162476
v -1.984180 -37.437733 34.590778
v -1.984180 -37.437733 38.114677
v -1.984180 -37.437733 41.638577
v -1.984180 3.150081 41.638577
v -1.984180 3.150081 38.114677
v -1.984180 3.150081 34.590778
v 12.111418 -37.437733 41.638577
v 12.111418 -37.437733 38.114677
v 12.111418 -37.437733 34.590778
v 12.111418 3.150081 34.590778
v 12.111418 3.150081 38.114677
v 12.111418 3.150081 41.638577
v 8.587518 3.150081 34.590778
v 8.587518 3.150081 38.114677
v 8.587518 3.150081 41.638577
v 5.063619 3.150081 34.590778
v 5.063619 3.150081 38.114677
v 5.063619 3.150081 41.638577
v 1.539719 3.150081 34.590778
v 1.539719 3.150081 38.114677
v 1.539719 3.150081 41.638577
v -1.984180 -5.602382 45.162476
v -1.984180 -5.602382 31.066879
v 12.111418 -5.602382 31.066879
v 12.111418 -5.602382 45.162476
v 8.587518 -5.602382 45.162476
v 5.063619 -5.602382 45.162476
v 1.539719 -5.602382 45.162476
v 1.539719 -5.602382 31.066879
v 5.063619 -5.602382 31.066879
v 8.587518 -5.602382 31.066879
v 12.111418 -5.602382 34.590778
v 12.111418 -5.602382 38.114677
v 12.111418 -5.602382 41.638577
v -1.984180 -5.602382 41.638577
v -1.984180 -5.602382 38.114677
v -1.984180 -5.602382 34.590778
v -1.984180 -2.684894 45.162476
v -1.984180 0.232594 45.162476
v -1.984180 0.232593 31.066879
v -1.984180 -2.684894 31.066879
v 12.111418 0.232593 31.066879
v 12.111418 -2.684894 31.066879
v 12.111418 0.232593 45.162476
v 12.111418 -2.684894 45.162476
v 8.587518 0.232593 45.162476
v 8.587518 -2.684894 45.162476
v 5.063619 0.232593 45.162476
v 5.063619 -2.684894 45.162476
v 1.539719 0.232593 45.162476
v 1.539719 -2.684894 45.162476
v 1.539719 0.232593 31.066879
v 1.539719 -2.684894 31.066879
v 5.063619 0.232593 31.066879
v 5.063619 -2.684894 31.066879
v 8.587518 0.232593 31.066879
v 8.587518 -2.684894 31.066879
v 12.111418 0.232593 34.590778
v 12.111418 -2.684894 34.590778
v 12.111418 0.232593 38.114677
v 12.111418 -2.684894 38.114677
v 12.111418 0.232593 41.638577
v 12.111418 -2.684894 41.638577
v -1.984180 0.232593 41.638577
v -1.984180 -2.684894 41.638577
v -1.984180 0.232593 38.114677
v -1.984180 -2.684894 38.114677
v -1.984180 0.232593 34.590778
v -1.984180 -2.684894 34.590778
v 12.111418 -5.602382 29.812902
v 12.111418 -37.437733 29.812901
v 8.587519 -37.437733 29.812901
v 8.587518 -5.602382 29.812902
v 12.111418 -2.684894 29.812902
v 8.587518 -2.684894 29.812902
v 1.539719 0.232593 29.002998
v 1.539719 -2.684894 29.002998
v 5.063619 0.232593 29.002998
v 5.063619 -2.684894 29.002998
v 8.587518 3.835213 31.066879
v 12.111418 3.835213 31.066879
v 12.111418 3.835213 34.590778
v 12.111418 3.835213 38.114677
v 8.587518 3.835213 34.590778
v 8.587518 3.835213 38.114677
v -2.465836 3.150081 34.590778
v -2.465836 3.150081 31.066879
v -2.465836 3.150081 38.114677
v -2.465836 0.232593 31.066879
v -2.465836 -2.684894 31.066879
v -2.465836 0.232593 38.114677
v -2.465836 0.232593 34.590778
v -2.465836 -2.684894 34.590778
v -1.984180 3.150081 30.252274
v 1.539719 3.150081 30.252274
v -1.984180 0.232593 30.252274
v 1.539719 0.232593 30.252274
v 5.063619 3.372735 34.590778
v 5.063619 3.372735 38.114677
v 1.539719 3.372735 34.590778
v 1.539719 3.372735 38.114677
v 15.219978 -37.437733 -46.103477
v 15.219978 5.047799 -46.103477
v 15.219978 -37.437733 -60.199074
v 15.219978 5.047799 -60.199074
v 29.315575 -37.437733 -46.103477
v 29.315575 5.047799 -46.103477
v 29.315575 -37.437733 -60.199074
v 29.315575 5.047799 -60.199074
v 25.791677 -37.437733 -60.199074
v 22.267776 -37.437733 -60.199074
v 18.743877 -37.437733 -60.199074
v 18.743877 5.047799 -60.199074
v 22.267776 5.047799 -60.199074
v 25.791676 5.047799 -60.199074
v 18.743877 -37.437733 -46.103477
v 22.267776 -37.437733 -46.103477
v 25.791676 5.047799 -46.103477
v 22.267776 5.047799 -46.103477
v 18.743877 5.047799 -46.103477
v 15.219978 1.679446 -46.103477
v 15.219978 1.679446 -60.199074
v 29.315575 1.679446 -60.199074
v 29.315575 1.679446 -46.103477
v 25.791676 1.679446 -46.103477
v 22.267776 1.679446 -46.103477
v 18.743877 1.679446 -46.103477
v 18.743877 1.679446 -60.199074
v 22.267776 1.679446 -60.199074
v 25.791676 1.679446 -60.199074
v 29.315575 1.679446 -44.733715
v 29.315575 -37.437733 -44.733715
v 25.791677 -37.437733 -44.733715
v 22.267776 -37.437733 -44.733715
v 29.315575 5.047799 -44.733715
v 25.791676 5.047799 -44.733715
v 25.791676 1.679446 -44.733715
v 22.267776 1.679446 -44.733715
v 29.315575 1.679446 -43.297104
v 29.315575 -37.437733 -43.297104
v 25.791677 -37.437733 -43.297104
v 25.791676 1.679446 -43.297104
v -52.577091 -37.437733 -24.673714
v -52.577091 2.769394 -24.673714
v -52.577091 -37.437733 -34.212502
v -52.577091 2.769394 -34.212502
v -43.038303 -37.437733 -24.673714
v -43.038303 2.769394 -24.673714
v -43.038303 -37.437733 -34.212502
v -43.038303 2.769394 -34.212502
v 15.412332 -37.437733 -32.702084
v 15.412332 1.664655 -32.702084
v 15.412332 -37.437733 -40.031391
v 15.412332 1.664655 -40.031391
v 24.507481 -37.437733 -32.702084
v 24.507481 1.664655 -32.702084
v 24.507481 -37.437733 -40.031391
v 24.507481 1.664655 -40.031391
v 18.932529 -37.437733 4.675664
v 18.932529 -0.695048 4.675664
v 18.932529 -37.437733 2.065760
v 18.932529 -0.695048 2.065760
v 21.542435 -37.437733 4.675664
v 21.542435 -0.695048 4.675664
v 21.542435 -37.437733 2.065760
v 21.542435 -0.695048 2.065760
v 9.508149 -37.437733 57.548820
v 9.508149 4.216311 57.548820
v 9.508149 -37.437733 45.116196
v 9.508149 4.216311 45.116196
v 26.215523 -37.437733 57.548820
v 26.215523 4.216311 57.548820
v 26.215523 -37.437733 45.116196
v 26.215523 4.216311 45.116196
v -54.923889 -37.437729 78.249084
v -54.923920 6.171732 78.249115
v -54.923889 -37.437729 54.674271
v -54.923920 6.171732 54.674301
v -31.349087 -37.437729 78.249084
v -31.349106 6.171732 78.249115
v -31.349087 -37.437729 54.674271
v -31.349106 6.171732 54.674301
v -54.923889 -37.437729 66.461678
v -54.923920 6.171732 66.461708
v -31.349087 -37.437729 66.461678
v -31.349106 6.171732 66.461708
v -30.350971 6.171732 54.674301
v -30.350956 -37.437729 54.674271
v -30.350956 -37.437729 66.461678
v -30.350971 6.171732 66.461708
v -31.349106 7.163483 66.461708
v -31.349106 7.163483 78.249115
v -54.923920 7.163483 78.249115
v -54.923920 7.163483 66.461708
v -61.086044 -37.437733 33.487793
v -61.086044 1.988973 33.487801
v -61.086044 -37.437733 26.409206
v -61.086044 1.988973 26.409216
v -51.209747 -37.437733 33.487793
v -51.209747 1.988973 33.487801
v -51.209747 -37.437733 26.409206
v -51.209747 1.988973 26.409216
v -62.624481 -37.437737 22.158236
v -62.624485 2.925193 22.158236
v -62.624481 -37.437737 15.079650
v -62.624485 2.925193 15.079650
v -55.545902 -37.437737 22.158236
v -55.545902 2.925193 22.158236
v -55.545902 -37.437737 15.079650
v -55.545902 2.925193 15.079650
v -57.167557 -37.437733 11.900936
v -57.167557 1.714143 11.900938
v -57.167557 -37.437733 6.709148
v -57.167557 1.714143 6.709148
v -50.677933 -37.437733 11.900936
v -50.677933 1.714143 11.900938
v -50.677933 -37.437733 6.709148
v -50.677933 1.714143 6.709148
v -64.472870 -37.437733 3.033323
v -64.472870 1.674625 3.033323
v -64.472870 -37.437733 -4.315928
v -64.472870 1.674625 -4.315928
v -57.123615 -37.437733 3.033323
v -57.123615 1.674625 3.033323
v -57.123615 -37.437733 -4.315928
v -57.123615 1.674625 -4.315928
v 38.736401 -37.437729 -26.143066
v 38.736408 0.895539 -26.143070
v 38.736401 -37.437729 -31.934143
v 38.736408 0.895539 -31.934147
v 44.527473 -37.437729 -26.143066
v 44.527485 0.895539 -26.143070
v 44.527473 -37.437729 -31.934143
v 44.527485 0.895539 -31.934147
v 36.566029 -37.437733 -35.512066
v 36.566029 2.646307 -35.512066
v 36.566029 -37.437733 -44.804680
v 36.566029 2.646307 -44.804676
v 45.858639 -37.437733 -35.512066
v 45.858639 2.646307 -35.512066
v 45.858639 -37.437733 -44.804680
v 45.858639 2.646307 -44.804676
v 46.429211 -37.437729 25.254482
v 46.429218 2.174570 25.254482
v 46.429211 -37.437729 12.716109
v 46.429218 2.174570 12.716109
v 53.177578 -37.437729 25.254482
v 53.177601 2.174570 25.254482
v 53.177578 -37.437729 12.716109
v 53.177601 2.174570 12.716109
v 46.210091 -37.437733 41.277641
v 46.210091 4.527992 41.277641
v 46.210091 -37.437733 32.301819
v 46.210091 4.527992 32.301819
v 57.429680 -37.437733 41.277641
v 57.429680 4.527992 41.277641
v 57.429680 -37.437733 32.301819
v 57.429680 4.527992 32.301819
v -21.055710 -37.437737 -51.187901
v -21.055710 1.244813 -51.187881
v -8.998094 -37.437737 -51.187901
v -8.998094 1.244813 -51.187881
v -21.055710 -37.437737 -44.698265
v -21.055710 1.244813 -44.698257
v -8.998094 -37.437737 -44.698265
v -8.998094 1.244813 -44.698257
v -15.026901 -37.437737 -51.187901
v -15.026901 1.244813 -51.187881
v -15.026901 -37.437737 -44.698265
v -15.026901 1.244813 -44.698257
v -15.026901 1.792283 -44.698257
v -21.055710 1.792283 -44.698257
v -21.055710 1.792283 -51.187881
v -15.026901 1.792283 -51.187881
v -38.890953 -37.437733 -76.795624
v -38.890949 5.762581 -76.795570
v -10.045464 -37.437733 -76.795624
v -10.045464 5.762581 -76.795570
v -38.890953 -37.437733 -67.346169
v -38.890949 5.762581 -67.346123
v -10.045464 -37.437733 -67.346169
v -10.045464 5.762581 -67.346123
v -19.660625 -37.437733 -76.795624
v -29.275787 -37.437733 -76.795624
v -29.275787 5.762581 -76.795570
v -19.660625 5.762581 -76.795570
v -29.275787 -37.437733 -67.346169
v -19.660625 -37.437733 -67.346169
v -19.660625 5.762581 -67.346123
v -29.275787 5.762581 -67.346123
v -10.045464 5.762580 -65.492386
v -10.045464 -37.437733 -65.492439
v -19.660627 -37.437733 -65.492439
v -19.660625 5.762580 -65.492386
v -29.275787 5.762579 -64.239769
v -38.890949 5.762579 -64.239769
v -38.890953 -37.437733 -64.239815
v -29.275787 -37.437733 -64.239815
v -10.045464 -37.437733 -72.070900
v -10.045464 5.762581 -72.070847
v -38.890953 -37.437733 -72.070900
v -38.890949 5.762581 -72.070847
v -19.660625 5.762581 -72.070847
v -29.275787 5.762581 -72.070847
v -19.660625 6.799327 -76.795570
v -10.045464 6.799327 -76.795570
v -10.045464 6.799327 -72.070847
v -19.660625 6.799327 -72.070847
v -29.275787 5.860689 -67.346123
v -38.890949 5.860689 -67.346123
v -29.275787 5.860689 -72.070847
v -38.890949 5.860689 -72.070847
v 49.561424 -37.437737 71.051010
v 49.561424 19.092182 71.051071
v 49.561424 -37.437737 53.779510
v 49.561424 19.092182 53.779533
v 58.857277 -37.437737 71.051010
v 58.857277 19.092182 71.051071
v 58.857277 -37.437737 53.779510
v 58.857277 19.092182 53.779533
v 35.346199 -37.437733 52.795849
v 35.346210 10.071667 52.795853
v 35.346199 -37.437733 45.717270
v 35.346210 10.071667 45.717270
v 48.119385 -37.437733 52.795849
v 48.119404 10.071667 52.795853
v 48.119385 -37.437733 45.717270
v 48.119404 10.071667 45.717270
v 31.928453 -37.437733 58.258385
v 31.928453 4.549933 58.258385
v 31.928453 -37.437733 51.179802
v 31.928453 4.549933 51.179802
v 39.007038 -37.437733 58.258385
v 39.007038 4.549933 58.258385
v 39.007038 -37.437733 51.179802
v 39.007038 4.549933 51.179802
v 43.060314 -37.437733 62.162724
v 43.060314 -7.387679 62.162724
v 43.060314 -37.437733 59.552822
v 43.060314 -7.387679 59.552822
v 45.670216 -37.437733 62.162724
v 45.670216 -7.387679 62.162724
v 45.670216 -37.437733 59.552822
v 45.670216 -7.387679 59.552822
v -26.866463 -37.437729 36.853611
v -26.866463 0.956814 36.853611
v -26.866463 -37.437729 32.410236
v -26.866463 0.956814 32.410236
v -17.840137 -37.437729 36.853611
v -17.840137 0.956814 36.853611
v -17.840137 -37.437729 32.410236
v -17.840137 0.956814 32.410236
v 11.327463 -37.437733 25.242195
v 11.327463 -0.645025 25.242195
v 11.327463 -37.437733 20.809299
v 11.327463 -0.645025 20.809299
v 15.760359 -37.437733 25.242195
v 15.760359 -0.645025 25.242195
v 15.760359 -37.437733 20.809299
v 15.760359 -0.645025 20.809299
v 15.696308 -37.437733 33.106689
v 15.696314 1.502342 33.106701
v 15.696308 -37.437733 25.246597
v 15.696314 1.502342 25.246607
v 23.556404 -37.437733 33.106689
v 23.556410 1.502342 33.106701
v 23.556404 -37.437733 25.246597
v 23.556410 1.502342 25.246607
v 15.696308 -37.437733 29.176643
v 15.696314 1.502342 29.176655
v 23.556404 -37.437733 29.176643
v 23.556410 1.502342 29.176655
v 15.201818 1.502342 29.176655
v 15.201818 1.502342 25.246607
v 15.201813 -37.437733 25.246597
v 15.201813 -37.437733 29.176643
v -40.579933 -37.437729 -4.611223
v -40.579945 -0.077850 -4.611223
v -40.579933 -37.437729 -8.455522
v -40.579945 -0.077850 -8.455523
v -36.735638 -37.437729 -4.611223
v -36.735645 -0.077850 -4.611223
v -36.735638 -37.437729 -8.455522
v -36.735645 -0.077850 -8.455523
v 49.453720 -37.437737 -28.553116
v 49.453705 4.834749 -28.553106
v 49.453720 -37.437737 -40.274960
v 49.453705 4.834749 -40.274948
v 61.175564 -37.437737 -28.553116
v 61.175545 4.834749 -28.553106
v 61.175564 -37.437737 -40.274960
v 61.175545 4.834749 -40.274948
v 55.314640 -37.437737 -40.274960
v 55.314625 4.834749 -40.274948
v 55.314640 -37.437737 -28.553116
v 55.314625 4.834749 -28.553106
v 49.453720 -37.437737 -34.414036
v 49.453705 4.834749 -34.414028
v 61.175564 -37.437737 -34.414036
v 61.175545 4.834749 -34.414028
v 55.314625 4.834749 -34.414028
v 55.314625 5.478074 -40.274948
v 61.175545 5.478074 -40.274948
v 61.175545 5.478074 -34.414028
v 55.314625 5.478074 -34.414028
v 49.453720 -37.437737 -27.898445
v 49.453705 4.834749 -27.898438
v 55.314625 4.834749 -27.898438
v 55.314640 -37.437737 -27.898445
v 48.434570 4.834749 -34.414028
v 48.434570 4.834749 -40.274948
v 48.434586 -37.437737 -40.274960
v 48.434586 -37.437737 -34.414036
v -66.164169 -37.437737 -20.556095
v -66.164169 1.244813 -20.556091
v -54.106556 -37.437737 -20.556095
v -54.106556 1.244813 -20.556091
v -66.164169 -37.437737 -14.066465
v -66.164169 1.244813 -14.066464
v -54.106556 -37.437737 -14.066465
v -54.106556 1.244813 -14.066463
v 53.677361 -37.437733 0.055379
v 53.677361 1.429999 0.055380
v 53.677361 -37.437733 -6.804619
v 53.677361 1.429999 -6.804619
v 60.537361 -37.437733 0.055379
v 60.537361 1.429999 0.055380
v 60.537361 -37.437733 -6.804619
v 60.537361 1.429999 -6.804619
v -5.697967 -37.437733 65.802315
v -5.697967 1.429999 65.802307
v -5.697967 -37.437733 57.109043
v -5.697967 1.429999 57.109043
v 1.162031 -37.437733 65.802315
v 1.162031 1.429999 65.802307
v 1.162031 -37.437733 57.109043
v 1.162031 1.429999 57.109043
v 1.245793 -37.437733 53.623611
v 1.245793 0.207145 53.623611
v 1.245793 -37.437733 49.209320
v 1.245793 0.207145 49.209320
v 5.660083 -37.437733 53.623611
v 5.660083 0.207145 53.623611
v 5.660083 -37.437733 49.209320
v 5.660083 0.207145 49.209320
v 33.628353 -37.437733 -68.576057
v 33.628368 4.914598 -68.576088
v 38.614891 -37.437733 -68.576057
v 38.614914 4.914598 -68.576088
v 33.628349 -37.437733 -55.887108
v 33.628368 4.914598 -55.887127
v 38.614891 -37.437733 -55.887108
v 38.614914 4.914598 -55.887127
v -47.140739 -37.437729 -81.402405
v -47.140739 10.130907 -81.402405
v -47.140739 -37.437729 -88.480988
v -47.140739 10.130907 -88.480988
v -40.062157 -37.437729 -81.402405
v -40.062157 10.130907 -81.402405
v -40.062157 -37.437729 -88.480988
v -40.062157 10.130907 -88.480988
v -35.350277 -37.437729 -82.409439
v -35.350277 7.255362 -82.409470
v -35.350277 -37.437729 -89.488022
v -35.350277 7.255362 -89.488052
v -23.654583 -37.437729 -82.409439
v -23.654583 7.255362 -82.409470
v -23.654583 -37.437729 -89.488022
v -23.654583 7.255362 -89.488052
v -8.871973 -37.437729 -82.632332
v -8.871975 10.488503 -82.632332
v -8.871973 -37.437729 -97.825325
v -8.871975 10.488503 -97.825325
v -1.793391 -37.437729 -82.632332
v -1.793390 10.488503 -82.632332
v -1.793391 -37.437729 -97.825325
v -1.793390 10.488503 -97.825325
v 2.464831 -37.437733 -75.514854
v 2.464831 13.294374 -75.514854
v 2.464831 -37.437733 -83.546455
v 2.464831 13.294374 -83.546455
v 10.496433 -37.437733 -75.514854
v 10.496433 13.294374 -75.514854
v 10.496433 -37.437733 -83.546455
v 10.496433 13.294374 -83.546455
v -1.227228 -37.437733 -66.283897
v -1.227228 6.604227 -66.283897
v -1.227228 -37.437733 -71.628883
v -1.227228 6.604227 -71.628883
v 4.117764 -37.437733 -66.283897
v 4.117764 6.671363 -66.283897
v 4.117764 -37.437733 -71.628883
v 4.117764 6.636927 -71.628883
v 13.696712 -37.437733 -85.654327
v 13.696721 4.914598 -85.654358
v 18.683258 -37.437733 -85.654327
v 18.683268 4.914598 -85.654358
v 13.696712 -37.437733 -72.965363
v 13.696720 4.914598 -72.965393
v 18.683256 -37.437733 -72.965363
v 18.683266 4.914598 -72.965393
v -12.514127 -37.437729 -58.858070
v -12.514130 0.543289 -58.858086
v -12.514127 -37.437729 -63.944649
v -12.514130 0.543289 -63.944664
v -4.109756 -37.437729 -58.858070
v -4.109756 0.543289 -58.858086
v -4.109756 -37.437729 -63.944649
v -4.109756 0.543289 -63.944664
v -63.814453 -37.437733 -31.835257
v -63.814453 1.429999 -31.835257
v -63.814453 -37.437733 -38.695255
v -63.814453 1.429999 -38.695255
v -56.954453 -37.437733 -31.835257
v -56.954453 1.429999 -31.835257
v -56.954453 -37.437733 -38.695255
v -56.954453 1.429999 -38.695255
v 59.089302 -37.437733 3.553566
v 59.089302 7.959601 3.553566
v 74.528236 -37.437733 3.553567
v 74.528236 7.959601 3.553567
v 59.089302 -37.437733 12.221208
v 59.089302 7.959601 12.221208
v 74.528236 -37.437733 12.221209
v 74.528236 7.959601 12.221209
v -83.814346 -37.437733 6.876906
v -83.814346 7.204022 6.876906
v -68.375412 -37.437733 6.876907
v -68.375412 7.204022 6.876907
v -83.814346 -37.437733 15.544548
v -83.814346 7.204022 15.544548
v -68.375412 -37.437733 15.544549
v -68.375412 7.204022 15.544549
v -60.141636 -37.437729 -74.843155
v -60.141636 11.202965 -74.843155
v -60.141636 -37.437729 -83.018204
v -60.141636 11.202965 -83.018204
v -51.966587 -37.437729 -74.843155
v -51.966587 11.202965 -74.843155
v -51.966587 -37.437729 -83.018204
v -51.966587 11.202965 -83.018204
v 21.431265 -37.437729 -65.779495
v 21.431265 9.169689 -65.779495
v 21.431265 -37.437729 -73.954544
v 21.431265 9.169689 -73.954544
v 29.606312 -37.437729 -65.779495
v 29.606310 9.169689 -65.779495
v 29.606312 -37.437729 -73.954544
v 29.606310 9.169689 -73.954544
v 23.572607 -37.437729 -75.473877
v 23.572622 11.511890 -75.473907
v 23.572607 -37.437729 -87.221367
v 23.572622 11.511890 -87.221397
v 35.320103 -37.437729 -75.473877
v 35.320118 11.511890 -75.473907
v 35.320103 -37.437729 -87.221367
v 35.320118 11.511890 -87.221405
v 41.365860 -37.437729 -71.991302
v 41.365887 7.687603 -71.991341
v 41.365860 -37.437729 -82.418930
v 41.365891 7.687603 -82.418983
v 51.793503 -37.437729 -71.991302
v 51.793530 7.687603 -71.991341
v 51.793503 -37.437729 -82.418930
v 51.793530 7.687603 -82.418983
v -26.862640 -37.437737 -93.922729
v -26.862625 8.454989 -93.922661
v -26.862640 -37.437737 -106.227310
v -26.862625 8.454989 -106.227226
v -14.558062 -37.437737 -93.922729
v -14.558053 8.454989 -93.922661
v -14.558062 -37.437737 -106.227310
v -14.558053 8.454989 -106.227226
v -67.440765 -37.437737 -62.106060
v -67.440765 8.913124 -62.106060
v -67.440765 -37.437737 -69.764275
v -67.440765 8.913124 -69.764275
v -59.782551 -37.437737 -62.106060
v -59.782551 8.913124 -62.106060
v -59.782551 -37.437737 -69.764275
v -59.782551 8.913124 -69.764275
v -70.313560 -37.437733 -46.842464
v -70.313553 6.935805 -46.842484
v -70.313560 -37.437733 -56.628357
v -70.313553 6.935805 -56.628380
v -55.097019 -37.437733 -46.842464
v -55.097019 6.935805 -46.842484
v -55.097019 -37.437733 -56.628357
v -55.097019 6.935805 -56.628380
v -76.701271 -37.437733 -76.131248
v -76.701271 12.580111 -76.131287
v -69.043053 -37.437733 -76.131248
v -69.043053 12.580111 -76.131287
v -76.701271 -37.437733 -72.387283
v -76.701271 12.580111 -72.387321
v -69.043053 -37.437733 -72.387283
v -69.043053 12.580111 -72.387321
v 6.598572 -37.437733 -66.854584
v 6.598576 -2.671481 -66.854607
v 6.598572 -37.437733 -70.342621
v 6.598576 -2.671481 -70.342659
v 10.086617 -37.437733 -66.854584
v 10.086623 -2.671481 -66.854607
v 10.086617 -37.437733 -70.342621
v 10.086623 -2.671481 -70.342659
v 9.619788 -37.437733 -64.739731
v 9.619795 -2.671481 -64.739754
v 9.619788 -37.437733 -68.227768
v 9.619795 -2.671481 -68.227806
v 13.107835 -37.437733 -64.739731
v 13.107842 -2.671481 -64.739754
v 13.107835 -37.437733 -68.227768
v 13.107842 -2.671481 -68.227806
v -22.835821 -37.437733 -54.733250
v -22.835821 -0.695048 -54.733250
v -22.835821 -37.437733 -57.343151
v -22.835821 -0.695048 -57.343151
v -20.225916 -37.437733 -54.733250
v -20.225916 -0.695048 -54.733250
v -20.225916 -37.437733 -57.343151
v -20.225916 -0.695048 -57.343151
v 61.734665 -37.437729 17.149052
v 61.734665 12.130658 17.149052
v 90.010193 -37.437729 17.149054
v 90.010193 12.130658 17.149054
v 61.734665 -37.437729 25.816694
v 61.734665 12.130658 25.816694
v 90.010193 -37.437729 25.816696
v 90.010193 12.130658 25.816696
v 16.783485 -37.437737 -93.209061
v 16.783485 14.777400 -93.209061
v 16.783485 -37.437737 -102.507339
v 16.783485 14.777400 -102.507339
v 26.081772 -37.437737 -93.209061
v 26.081772 14.777400 -93.209061
v 26.081772 -37.437737 -102.507339
v 26.081772 14.777400 -102.507339
v 17.412399 -37.437729 -106.006729
v 17.412409 -0.805054 -106.006767
v 17.412399 -37.437729 -109.851028
v 17.412409 -0.805054 -109.851067
v 21.256699 -37.437729 -106.006729
v 21.256708 -0.805054 -106.006767
v 21.256699 -37.437729 -109.851028
v 21.256708 -0.805054 -109.851067
v 2.960796 -37.437733 -91.228806
v 2.960796 14.684710 -91.228806
v 2.960796 -37.437733 -98.578049
v 2.960796 14.684710 -98.578049
v 10.310047 -37.437733 -91.228806
v 10.310047 14.684710 -91.228806
v 10.310047 -37.437733 -98.578049
v 10.310047 14.684710 -98.578049
v 1.269490 -37.437737 -114.818291
v 1.269490 12.041000 -114.818230
v 13.327103 -37.437737 -114.818291
v 13.327105 12.041000 -114.818230
v 1.269490 -37.437737 -108.328667
v 1.269490 12.041000 -108.328598
v 13.327103 -37.437737 -108.328667
v 13.327105 12.041000 -108.328598
v -75.072342 -37.437733 -23.521519
v -75.072342 3.935003 -23.521519
v -75.072342 -37.437733 -30.870770
v -75.072342 3.935003 -30.870770
v -67.723083 -37.437733 -23.521519
v -67.723083 3.935003 -23.521519
v -67.723083 -37.437733 -30.870770
v -67.723083 3.935003 -30.870770
v -83.279358 -37.437737 -10.185880
v -83.279358 1.469088 -10.185880
v -83.279358 -37.437737 -19.484163
v -83.279358 1.469088 -19.484163
v -73.981079 -37.437737 -10.185880
v -73.981079 1.469088 -10.185880
v -73.981079 -37.437737 -19.484163
v -73.981079 1.469088 -19.484163
v -82.650391 -37.437729 -22.983587
v -82.650429 -0.805054 -22.983595
v -82.650391 -37.437729 -26.827885
v -82.650429 -0.805054 -26.827894
v -78.806091 -37.437729 -22.983587
v -78.806129 -0.805054 -22.983595
v -78.806091 -37.437729 -26.827885
v -78.806129 -0.805054 -26.827894
v -85.206284 -37.437729 -35.912659
v -85.206284 8.622787 -35.912659
v -85.206284 -37.437729 -45.451450
v -85.206284 8.622787 -45.451447
v -75.667496 -37.437729 -35.912659
v -75.667496 8.622787 -35.912659
v -75.667496 -37.437729 -45.451450
v -75.667496 8.622787 -45.451447
v -97.102051 -37.437737 -8.205624
v -97.102051 4.250805 -8.205624
v -97.102051 -37.437737 -15.554873
v -97.102051 4.250805 -15.554873
v -89.752808 -37.437737 -8.205624
v -89.752808 4.250805 -8.205624
v -89.752808 -37.437737 -15.554873
v -89.752808 4.250805 -15.554873
v 69.065689 -37.437737 -34.695431
v 69.065689 12.865580 -34.695415
v 81.123306 -37.437737 -34.695431
v 81.123306 12.865580 -34.695415
v 69.065689 -37.437737 -28.205801
v 69.065689 12.865580 -28.205788
v 81.123306 -37.437737 -28.205799
v 81.123306 12.865580 -28.205788
v 65.034325 -37.437737 48.540211
v 65.034325 11.872435 48.540211
v 74.332603 -37.437737 48.540211
v 74.332603 11.872435 48.540211
v 65.034325 -37.437737 57.838497
v 65.034325 11.872435 57.838497
v 74.332603 -37.437737 57.838497
v 74.332603 11.872435 57.838497
v 78.642319 -38.779346 53.126076
v 78.642334 10.585739 53.126091
v 84.197327 -38.779346 53.126076
v 84.197350 10.585739 53.126091
v 78.642319 -38.779346 58.681091
v 78.642334 10.585739 58.681110
v 84.197327 -38.779346 58.681091
v 84.197350 10.585739 58.681110
v 63.054066 -37.437737 34.717518
v 63.054066 7.132971 34.717518
v 70.403320 -37.437737 34.717518
v 70.403320 7.132971 34.717518
v 63.054066 -37.437737 42.066769
v 63.054066 7.132971 42.066769
v 70.403313 -37.437737 42.066769
v 70.403313 7.132971 42.066769
v 86.643555 -37.437737 33.026207
v 86.643494 10.421096 33.026207
v 86.643555 -37.437737 45.083817
v 86.643517 -37.437737 45.083824
v 80.153931 -37.437737 33.026207
v 80.153862 10.421096 33.026207
v 80.153923 -37.437737 45.083817
v 80.153870 10.421096 45.083824
v 57.707279 -37.437737 -43.930771
v 57.707279 7.605438 -43.930771
v 57.707279 -37.437737 -50.454712
v 57.707279 7.605438 -50.454712
v 64.231216 -37.437737 -43.930771
v 64.231216 7.605438 -43.930771
v 64.231216 -37.437737 -50.454712
v 64.231216 7.605438 -50.454712
v 50.980190 -37.437733 -43.453259
v 50.980190 -3.070789 -43.453259
v 50.980190 -37.437733 -46.865849
v 50.980190 -3.070789 -46.865849
v 54.392780 -37.437733 -43.453259
v 54.392780 -3.070789 -43.453259
v 54.392780 -37.437733 -46.865849
v 54.392780 -3.070789 -46.865849
v 47.516392 -37.437733 -61.190182
v 47.516392 4.674644 -61.190182
v 47.516392 -37.437733 -73.337189
v 47.516392 4.674644 -73.337189
v 59.663403 -37.437733 -61.190182
v 59.663403 4.674644 -61.190182
v 59.663403 -37.437733 -73.337189
v 59.663403 4.674644 -73.337189
v -48.218990 -37.437733 -92.382141
v -48.218990 16.792534 -92.382195
v -48.218990 -37.437733 -101.872337
v -48.218990 16.014835 -101.872391
v -32.538677 -37.437733 -92.382141
v -32.538677 16.807720 -92.382195
v -32.538677 -37.437733 -101.872337
v -32.538677 16.014835 -101.872391
v -29.005709 -37.437733 -79.388214
v -29.005707 11.769588 -79.388245
v -29.005709 -37.437733 -86.466797
v -29.005707 11.769588 -86.466827
v -17.310013 -37.437733 -79.388214
v -17.310013 11.769588 -79.388245
v -17.310013 -37.437733 -86.466797
v -17.310013 11.769588 -86.466827
v -71.486145 -37.006844 121.732124
v -71.486145 16.734482 121.732124
v -71.486145 -37.006844 98.034721
v -71.486145 16.734482 98.034721
v -47.788750 -37.006844 121.732124
v -47.788750 16.734482 121.732124
v -47.788750 -37.006844 98.034721
v -47.788750 16.734482 98.034721
v -31.434774 -37.437733 93.353180
v -31.434772 12.952696 93.353203
v -31.434774 -37.437733 86.274597
v -31.434772 12.952696 86.274620
v -19.739079 -37.437733 93.353180
v -19.739079 12.952696 93.353203
v -19.739079 -37.437733 86.274597
v -19.739079 12.952696 86.274628
v -4.956470 -37.437729 93.130363
v -4.956470 16.011972 93.130363
v -4.956470 -37.437729 77.937370
v -4.956470 16.011972 77.937370
v 2.122112 -37.437729 93.130363
v 2.122114 16.011972 93.130363
v 2.122112 -37.437729 77.937370
v 2.122114 16.011972 77.937370
v -22.947134 -37.437733 81.840103
v -22.947121 5.715931 81.840042
v -22.947134 -37.437733 69.535522
v -22.947121 5.715931 69.535469
v -10.642555 -37.437733 81.840103
v -10.642549 5.715931 81.840034
v -10.642555 -37.437733 69.535522
v -10.642549 5.715931 69.535469
v 28.906017 -37.437733 69.218002
v 28.906017 11.258966 69.218002
v 28.906017 -37.437733 61.868748
v 28.906017 11.258966 61.868748
v 36.255268 -37.437733 69.218002
v 36.255268 11.258966 69.218002
v 36.255268 -37.437733 61.868748
v 36.255268 11.258966 61.868748
v 23.597137 -37.437737 80.087189
v 23.597137 4.578720 80.087189
v 23.597137 -37.437737 70.788910
v 23.597137 4.578720 70.788910
v 32.895424 -37.437737 80.087189
v 32.895424 4.578720 80.087189
v 32.895424 -37.437737 70.788910
v 32.895424 4.578720 70.788910
v 21.327904 -37.437729 69.755875
v 21.327913 -0.805054 69.755913
v 21.327904 -37.437729 65.911575
v 21.327913 -0.805054 65.911613
v 25.172199 -37.437729 69.755875
v 25.172213 -0.805054 69.755913
v 25.172199 -37.437729 65.911575
v 25.172213 -0.805054 65.911613
v 4.095360 -37.437733 101.789635
v 4.095360 3.846826 101.789635
v 4.095360 -37.437733 83.025185
v 4.095360 3.846826 83.025185
v 19.682590 -37.437733 101.789635
v 19.682590 3.846826 101.789635
v 19.682590 -37.437733 83.025185
v 19.682590 3.846826 83.025185
v 5.184995 -37.437737 60.944496
v 5.184995 1.244813 60.944481
v 17.242611 -37.437737 60.944500
v 17.242611 1.244813 60.944481
v 5.184995 -37.437737 67.434128
v 5.184995 1.244813 67.434105
v 17.242611 -37.437737 67.434128
v 17.242611 1.244813 67.434105
v -44.303486 -37.437733 83.380440
v -44.303486 11.136972 83.380486
v -44.303486 -37.437733 73.890259
v -44.303486 11.136972 73.890297
v -28.623173 -37.437733 83.380440
v -28.623173 11.136972 83.380486
v -28.623173 -37.437733 73.890259
v -28.623173 11.136972 73.890297
v -25.090204 -37.006851 96.374413
v -25.090202 23.181246 96.374428
v -25.090204 -37.006851 89.295822
v -25.090202 23.181246 89.295845
v -13.394507 -37.006851 96.374413
v -13.394507 23.181246 96.374428
v -13.394507 -37.006851 89.295822
v -13.394507 23.181246 89.295845
v -47.024273 -37.437729 -109.152199
v -47.024273 17.178097 -109.152245
v -59.562641 -37.437729 -109.152199
v -59.562649 17.178097 -109.152229
v -47.024273 -37.437729 -115.900558
v -47.024273 17.178097 -115.900620
v -59.562641 -37.437729 -115.900558
v -59.562649 17.178097 -115.900604
v -31.001106 -37.437737 -108.933128
v -31.001106 22.701792 -108.933128
v -39.976925 -37.437737 -108.933128
v -39.976929 22.701792 -108.933128
v -31.001106 -37.437737 -120.152718
v -31.001106 22.701792 -120.152718
v -39.976925 -37.437737 -120.152718
v -39.976929 22.701792 -120.152718
v -1.227676 -37.437737 -112.284462
v -1.227676 16.170759 -112.284462
v -18.499207 -37.437737 -112.284462
v -18.499212 16.170759 -112.284462
v -1.227676 -37.437737 -121.580315
v -1.227676 16.170759 -121.580315
v -18.499207 -37.437737 -121.580315
v -18.499210 16.170759 -121.580315
v -84.046432 -37.006855 -48.321407
v -84.046410 14.515322 -48.321407
v -84.046432 -37.006855 -42.530327
v -84.046410 14.515322 -42.530327
v -114.152336 -37.006855 -48.321419
v -114.152290 14.515322 -48.321419
v -114.152336 -37.006855 -42.530338
v -114.152290 14.515322 -42.530338
v -91.514946 -37.006851 -19.888365
v -91.514946 10.591722 -19.888369
v -91.514946 -37.006851 -9.539022
v -91.514946 10.591722 -9.539024
v -117.850304 -37.006851 -19.888374
v -117.850296 10.591722 -19.888376
v -117.850304 -37.006851 -9.539031
v -117.850296 10.591722 -9.539031
v -88.740265 -37.006851 -38.388260
v -88.740219 11.817348 -38.388245
v -88.740273 -37.006851 -25.478519
v -88.740219 11.817348 -25.478510
v -101.650002 -37.006851 -38.388264
v -101.649963 11.817348 -38.388252
v -101.650009 -37.006851 -25.478523
v -101.649971 11.817348 -25.478519
v -91.393997 -37.437729 -4.980441
v -91.394028 8.619777 -4.980440
v -91.394005 -37.437729 0.810635
v -91.394028 8.619777 0.810638
v -97.185043 -37.437729 -4.980443
v -97.185104 8.619777 -4.980442
v -97.185051 -37.437729 0.810633
v -97.185104 8.619777 0.810636
v -89.223663 -37.437733 4.388556
v -89.223663 11.531898 4.388556
v -89.223663 -37.437733 13.681169
v -89.223663 11.531898 13.681169
v -98.516281 -37.437733 4.388553
v -98.516281 11.531898 4.388553
v -98.516281 -37.437733 13.681166
v -98.516281 11.531898 13.681166
v -102.905373 -37.006851 -4.798718
v -102.905327 27.826534 -4.798719
v -102.905380 -37.006851 6.923131
v -102.905327 27.826534 6.923125
v -114.627220 -37.006851 -4.798722
v -114.627182 27.826534 -4.798725
v -114.627220 -37.006851 6.923127
v -114.627190 27.826534 6.923122
v -86.285957 -37.437733 37.452568
v -86.285995 4.914598 37.452583
v -91.272491 -37.437733 37.452568
v -91.272537 4.914598 37.452583
v -86.285957 -37.437733 24.763607
v -86.285995 4.914598 24.763620
v -91.272491 -37.437733 24.763607
v -91.272537 4.914598 24.763620
v -103.637825 -37.437737 12.329749
v -103.637825 13.764482 12.329749
v -103.637833 -37.437737 15.742338
v -103.637833 13.764482 15.742338
v -107.050415 -37.437737 12.329748
v -107.050415 13.764482 12.329748
v -107.050423 -37.437737 15.742337
v -107.050423 13.764482 15.742337
v 63.091892 -37.437733 -23.342754
v 63.091892 3.536573 -23.342754
v 63.091888 -37.437733 -8.755531
v 63.091888 3.536573 -8.755531
v 48.504669 -37.437733 -23.342758
v 48.504669 3.536573 -23.342758
v 48.504665 -37.437733 -8.755535
v 48.504665 3.536573 -8.755535
v 63.091888 -37.437733 -13.617939
v 63.091892 -37.437733 -18.480347
v 63.091892 3.536573 -18.480347
v 63.091888 3.536573 -13.617939
v 48.504669 -37.437733 -18.480350
v 48.504665 -37.437733 -13.617944
v 48.504665 3.536573 -13.617944
v 48.504669 3.536573 -18.480350
v 55.798275 -37.437733 -8.755533
v 55.798275 3.536573 -8.755533
v 55.798283 -37.437733 -23.342756
v 55.798283 3.536573 -23.342756
v 55.798279 3.536573 -13.617941
v 55.798279 3.536573 -18.480349
v 47.726410 3.536573 -8.755536
v 47.726410 -37.437733 -8.755536
v 47.726410 -37.437733 -13.617944
v 47.726410 3.536573 -13.617944
v 63.091888 3.536573 -8.386277
v 63.091888 -37.437733 -8.386277
v 55.798275 -37.437733 -8.386280
v 55.798275 3.536573 -8.386280
v 55.798283 3.978597 -23.342756
v 63.091892 3.978597 -23.342754
v 63.091892 3.978597 -18.480347
v 63.091888 3.978597 -13.617939
v 55.798279 3.978597 -13.617941
v 55.798279 3.978597 -18.480349
v 55.798283 4.574476 -23.342756
v 63.091892 4.574476 -23.342754
v 63.091892 4.574476 -18.480347
v 55.798279 4.574476 -18.480349
v 73.494568 -37.437729 -76.222450
v 73.494576 14.123243 -76.222450
v 73.494560 -37.437729 -55.211639
v 73.494568 14.123243 -55.211639
v 63.407776 -37.437729 -76.222458
v 63.407776 14.123243 -76.222458
v 63.407768 -37.437729 -55.211647
v 63.407768 14.123243 -55.211647
v 75.133171 -37.437733 -6.640490
v 75.133163 5.713566 -6.640490
v 75.133163 -37.437733 12.307418
v 75.133156 5.713566 12.307419
v 56.185249 -37.437733 -6.640495
v 56.185249 5.713566 -6.640495
v 56.185246 -37.437733 12.307412
v 56.185246 5.713566 12.307413
v 77.441788 -37.437733 -49.232018
v 77.441788 7.897120 -49.232018
v 77.441780 -37.437733 -39.933735
v 77.441780 7.897120 -39.933735
v 68.143501 -37.437733 -49.232021
v 68.143501 7.897120 -49.232021
v 68.143494 -37.437733 -39.933739
v 68.143494 7.897120 -39.933739
v 76.812813 -37.437729 -36.434284
v 76.812851 -0.805054 -36.434296
v 76.812813 -37.437729 -32.589985
v 76.812851 -0.805054 -32.589996
v 72.968513 -37.437729 -36.434284
v 72.968552 -0.805054 -36.434296
v 72.968513 -37.437729 -32.589985
v 72.968552 -0.805054 -32.589996
v 79.368690 -37.437729 -23.505238
v 79.368690 11.113127 -23.505238
v 79.368690 -37.437729 -13.966448
v 79.368690 11.113127 -13.966448
v 69.829903 -37.437729 -23.505239
v 69.829903 11.113127 -23.505239
v 69.829903 -37.437729 -13.966452
v 69.829903 11.113127 -13.966452
v 83.959160 -37.437733 -60.079891
v 83.959160 18.572289 -60.079891
v 83.959160 -37.437733 -54.888103
v 83.959160 18.572289 -54.888103
v 77.469536 -37.437733 -60.079891
v 77.469536 18.572289 -60.079891
v 77.469536 -37.437733 -54.888103
v 77.469536 18.572289 -54.888103
v 91.264473 -37.006855 -51.212273
v 91.264473 13.378837 -51.212273
v 91.264465 -37.006855 -43.863022
v 91.264465 13.378837 -43.863022
v 83.915222 -37.006855 -51.212273
v 83.915222 13.378837 -51.212273
v 83.915215 -37.006855 -43.863022
v 83.915215 13.378837 -43.863022
v 67.371498 -37.437729 -43.567707
v 67.371536 -0.805054 -43.567726
v 67.371498 -37.437729 -39.723412
v 67.371536 -0.805054 -39.723427
v 63.527203 -37.437729 -43.567707
v 63.527237 -0.805054 -43.567726
v 63.527199 -37.437729 -39.723412
v 63.527237 -0.805054 -39.723427
v 92.984596 -40.102818 -25.558887
v 92.984596 14.484262 -25.558880
v 80.926979 -40.102818 -25.558887
v 80.926979 14.484262 -25.558878
v 92.984596 -40.102818 -32.048519
v 92.984596 14.484262 -32.048508
v 80.926979 -40.102818 -32.048519
v 80.926979 14.484262 -32.048504
v 90.606056 -37.437733 -16.343693
v 90.606056 13.847060 -16.343693
v 90.606056 -37.437733 -9.483696
v 90.606056 13.847060 -9.483696
v 83.746056 -37.437733 -16.343695
v 83.746056 13.847060 -16.343697
v 83.746056 -37.437733 -9.483698
v 83.746056 13.847060 -9.483698
v 96.770706 -37.006851 -7.756072
v 96.770729 10.862633 -7.756071
v 96.770706 -37.006851 7.752687
v 96.770721 10.862633 7.752691
v 81.554176 -37.006851 -7.756076
v 81.554199 10.862633 -7.756076
v 81.554169 -37.006851 7.752682
v 81.554192 10.862633 7.752687
v -99.786736 -37.437733 30.067530
v -99.786736 14.174129 30.067530
v -99.786736 -37.437733 45.661160
v -99.786736 14.174129 45.661160
v -115.380363 -37.437733 30.067524
v -115.380363 14.174129 30.067524
v -115.380363 -37.437733 45.661156
v -115.380363 14.174129 45.661156
v -112.785149 -37.006851 -54.286396
v -112.785126 38.944839 -54.286392
v -112.785156 -37.006851 -30.152477
v -112.785133 38.944839 -30.152470
v -129.576355 -37.006851 -54.286404
v -129.576355 38.944839 -54.286404
v -129.576370 -37.006851 -30.152485
v -129.576370 38.944839 -30.152483
v 7.671566 -37.437733 114.284126
v 7.671566 11.749655 114.284126
v 7.671566 -37.437733 103.149879
v 7.671566 11.749655 103.149879
v 25.917397 -37.437733 114.284126
v 25.917397 11.749655 114.284126
v 25.917397 -37.437733 103.149879
v 25.917397 11.749655 103.149879
v 92.355965 -37.437737 49.004368
v 92.355965 13.655464 49.004368
v 101.654243 -37.437737 49.004368
v 101.654243 13.655464 49.004368
v 92.355965 -37.437737 58.302654
v 92.355965 13.655464 58.302654
v 101.654243 -37.437737 58.302654
v 101.654243 13.655464 58.302654
v 78.985291 -37.437737 69.266441
v 78.985313 19.897718 69.266441
v 101.863991 -37.437737 69.266441
v 101.864037 19.897718 69.266441
v 78.985291 -37.437737 78.564720
v 78.985313 19.897718 78.564720
v 101.863991 -37.437737 78.564720
v 101.864037 19.897718 78.564720
v -67.911491 -37.437733 -103.671570
v -67.911522 16.166058 -103.671570
v -67.911491 -37.437733 -113.548904
v -67.911522 16.166058 -113.548904
v -63.082634 -37.437733 -103.671570
v -63.082664 16.166058 -103.671570
v -63.082634 -37.437733 -113.548904
v -63.082664 16.166058 -113.548904
v -70.913208 -37.437733 -116.016739
v -70.913223 25.789480 -116.016739
v -70.913208 -37.437733 -128.246918
v -70.913223 25.789480 -128.246918
v -64.934097 -37.437733 -116.016739
v -64.934105 25.789480 -116.016739
v -64.934097 -37.437733 -128.246918
v -64.934105 25.789480 -128.246918
v -59.872738 -37.437729 -122.053490
v -59.872761 21.620171 -122.053490
v -59.872738 -37.437729 -143.345932
v -59.872761 21.620171 -143.345932
v -49.463242 -37.437729 -122.053490
v -49.463268 21.620171 -122.053490
v -49.463242 -37.437729 -143.345932
v -49.463268 21.620171 -143.345932
v -79.712761 -37.006851 -97.680870
v -79.712738 24.162529 -97.680870
v -79.712769 -37.006851 -82.387314
v -79.712738 24.162529 -82.387306
v -100.207138 -37.006851 -97.680878
v -100.207146 24.162529 -97.680878
v -100.207146 -37.006851 -82.387321
v -100.207146 24.162529 -82.387321
v 36.897961 -37.437733 129.596436
v 36.897976 13.538828 129.596512
v 36.897961 -37.437733 101.720695
v 36.897976 13.538828 101.720741
v 51.901211 -37.437733 129.596436
v 51.901226 13.538828 129.596512
v 51.901211 -37.437733 101.720695
v 51.901226 13.538828 101.720741
v 29.821379 -37.437733 105.462440
v 29.821379 7.959669 105.462440
v 29.821379 -37.437733 94.080147
v 29.821379 7.959669 94.080147
v 41.203682 -37.437733 105.462440
v 41.203674 7.959669 105.462440
v 41.203682 -37.437733 94.080147
v 41.203674 7.959669 94.080147
v 50.993031 -37.437733 96.981483
v 50.993031 14.334724 96.981483
v 50.993031 -37.437733 85.599190
v 50.993031 14.334724 85.599190
v 62.375324 -37.437733 96.981483
v 62.375324 14.334724 96.981483
v 62.375324 -37.437733 85.599190
v 62.375324 14.334724 85.599190
v -6.017002 -37.437733 -124.376152
v -6.017004 20.576927 -124.376083
v -39.075626 -37.437733 -124.376152
v -39.075630 20.576927 -124.376083
v -6.017002 -37.437733 -142.168900
v -6.017004 20.576927 -142.168839
v -39.075626 -37.437733 -142.168900
v -39.075626 20.576927 -142.168839
v 30.654575 -37.437733 -126.332878
v 30.654575 12.644215 -126.332809
v -2.404047 -37.437733 -126.332878
v -2.404049 12.644215 -126.332809
v 30.654575 -37.437733 -144.125626
v 30.654575 12.644215 -144.125565
v -2.404047 -37.437733 -144.125626
v -2.404047 12.644215 -144.125565
v 80.720352 -37.437737 -138.561813
v 80.720352 22.329063 -138.561813
v 80.720345 -37.437737 -111.031738
v 80.720345 22.329063 -111.031723
v 41.114540 -37.437737 -138.561813
v 41.114540 22.329063 -138.561813
v 41.114536 -37.437737 -111.031738
v 41.114536 22.329063 -111.031731
v -37.339203 -37.437733 3.740988
v -37.339203 -1.490009 3.740988
v -37.339203 -37.437733 -0.103312
v -37.339203 -1.490009 -0.103312
v -28.674391 -37.437733 3.740988
v -28.674391 -1.490009 3.740988
v -28.674391 -37.437733 -0.103312
v -28.674391 -1.490009 -0.103312
v -31.357710 -37.437733 6.512555
v -31.357716 -3.292455 6.512559
v -31.357710 -37.437733 2.668257
v -31.357716 -3.292455 2.668260
v -27.513411 -37.437733 6.512555
v -27.513416 -3.292455 6.512559
v -27.513411 -37.437733 2.668257
v -27.513416 -3.292455 2.668260
v -10.878862 -37.437733 -22.772015
v -10.878862 -1.810855 -22.772015
v -10.878862 -37.437733 -29.185921
v -10.878862 -1.810855 -29.185921
v -4.464956 -37.437733 -22.772015
v -4.464956 -1.810855 -22.772015
v -4.464956 -37.437733 -29.185921
v -4.464956 -1.810855 -29.185921
v -42.888336 -37.437733 -31.666569
v -42.888340 1.437875 -31.666569
v -42.888336 -37.437733 -41.205357
v -42.888340 1.437875 -41.205357
v -33.349552 -37.437733 -31.666569
v -33.349552 1.437875 -31.666569
v -33.349552 -37.437733 -41.205357
v -33.349552 1.437875 -41.205357
v 31.059797 -37.437733 48.445141
v 31.059811 5.688680 48.445145
v 31.059797 -37.437733 41.366562
v 31.059811 5.688680 41.366562
v 43.832989 -37.437733 48.445141
v 43.833004 5.688680 48.445145
v 43.832989 -37.437733 41.366562
v 43.833004 5.688680 41.366562
v 56.461342 -37.437737 -51.767273
v 56.461342 6.213143 -51.767273
v 56.461342 -37.437737 -63.914284
v 56.461342 6.213143 -63.914284
v 68.608353 -37.437737 -51.767273
v 68.608353 6.213143 -51.767273
v 68.608353 -37.437737 -63.914284
v 68.608353 6.213143 -63.914284
v 17.288567 -37.437729 -85.698380
v 17.288578 6.931547 -85.698410
v 22.275112 -37.437729 -85.698380
v 22.275124 6.931547 -85.698410
v 17.288567 -37.437729 -73.009415
v 17.288576 6.931547 -73.009445
v 22.275112 -37.437729 -73.009415
v 22.275122 6.931547 -73.009445
v -72.986725 -37.437729 -100.490494
v -72.986725 14.702223 -100.490517
v -82.864059 -37.437729 -100.490494
v -82.864059 14.702223 -100.490517
v -72.986725 -37.437729 -105.319351
v -72.986725 14.702223 -105.319374
v -82.864059 -37.437729 -105.319344
v -82.864059 14.702223 -105.319374
v -132.313126 -37.437737 52.513664
v -132.313065 6.622201 52.513638
v -132.313126 -37.437737 21.486774
v -132.313065 6.622201 21.486759
v -101.286247 -37.437737 52.513664
v -101.286194 6.622201 52.513638
v -101.286247 -37.437737 21.486774
v -101.286194 6.622201 21.486759
v 22.809155 -37.437737 117.748970
v 22.809155 6.151550 117.748970
v 22.809155 -37.437737 91.257683
v 22.809155 6.151550 91.257683
v 49.300434 -37.437737 117.748970
v 49.300434 6.151550 117.748970
v 49.300434 -37.437737 91.257683
v 49.300434 6.151550 91.257683
v 4.903662 -37.437733 94.410652
v 4.903666 9.881852 94.410652
v 4.903662 -37.437733 84.583412
v 4.903666 9.881852 84.583412
v 9.482282 -37.437733 94.410652
v 9.482285 9.881852 94.410652
v 9.482282 -37.437733 84.583412
v 9.482285 9.881852 84.583412
v -120.225235 -37.437733 81.529976
v -120.225174 -1.358098 81.529938
v -120.225235 -37.437733 50.503094
v -120.225174 -1.358098 50.503063
v -89.198334 -37.437733 81.529976
v -89.198303 -1.358098 81.529938
v -89.198334 -37.437733 50.503094
v -89.198303 -1.358098 50.503063
v -192.604141 -37.437733 70.454803
v -192.604141 15.126672 70.454811
v -192.604141 -37.437733 39.427933
v -192.604141 15.126672 39.427933
v -115.652664 -37.437733 70.454803
v -115.652664 15.126672 70.454811
v -115.652664 -37.437733 39.427933
v -115.652664 15.126672 39.427933
v -79.363022 -37.437729 77.889153
v -79.363052 0.718389 77.889183
v -79.363022 -37.437729 54.314339
v -79.363052 0.718389 54.314369
v -55.788208 -37.437729 77.889153
v -55.788239 0.718389 77.889183
v -55.788208 -37.437729 54.314339
v -55.788239 0.718389 54.314369
v 94.153351 -37.437733 17.826281
v 94.153282 14.214558 17.826281
v 94.153343 -37.437733 31.305634
v 94.153290 14.214558 31.305634
v 86.898521 -37.437733 17.826279
v 86.898445 14.214558 17.826279
v 86.898514 -37.437733 31.305632
v 86.898453 14.214558 31.305632
v -31.000483 0.902955 88.368561
v -31.000483 8.394761 88.368561
v -31.000483 0.902955 80.876755
v -31.000483 8.394761 80.876755
v -23.508677 0.902955 88.368561
v -23.508677 8.394761 88.368561
v -23.508677 0.902955 80.876755
v -23.508677 8.394761 80.876755
v -15.611029 -0.685262 98.441452
v -15.611029 6.806544 98.441452
v -15.611029 -0.685262 90.949646
v -15.611029 6.806544 90.949646
v -8.119223 -0.685262 98.441452
v -8.119223 6.806544 98.441452
v -8.119223 -0.685262 90.949646
v -8.119223 6.806544 90.949646
v 27.779156 -37.437729 33.455723
v 27.779169 -1.876125 33.455738
v 27.779156 -37.437729 24.833475
v 27.779169 -1.876125 24.833488
v 36.401402 -37.437729 33.455723
v 36.401421 -1.876125 33.455738
v 36.401402 -37.437729 24.833475
v 36.401421 -1.876125 24.833488
v -91.440254 -37.437729 -33.367214
v -91.440254 5.401939 -33.367214
v -91.440254 -37.437729 -42.906002
v -91.440254 5.401939 -42.906002
v -81.901466 -37.437729 -33.367214
v -81.901466 5.401939 -33.367214
v -81.901466 -37.437729 -42.906002
v -81.901466 5.401939 -42.906002
v -118.546295 -37.437733 -56.107307
v -118.546295 17.342718 -56.107307
v -118.546295 -37.437733 -65.646095
v -118.546295 17.342718 -65.646095
v -109.007507 -37.437733 -56.107307
v -109.007507 17.342718 -56.107307
v -109.007507 -37.437733 -65.646095
v -109.007507 17.342718 -65.646095
v -147.238785 -37.437737 -22.382263
v -147.238800 16.432449 -22.382263
v -147.238785 -37.437737 -54.686741
v -147.238800 16.432449 -54.686745
v -114.934326 -37.437737 -22.382263
v -114.934326 16.432449 -22.382263
v -114.934326 -37.437737 -54.686741
v -114.934326 16.432449 -54.686745
v -125.776382 21.833748 -47.671597
v -125.776382 35.454712 -47.671597
v -125.776382 21.833748 -61.292561
v -125.776382 35.454712 -61.292561
v -112.155426 21.833748 -47.671597
v -112.155426 35.454712 -47.671597
v -112.155426 21.833748 -61.292561
v -112.155426 35.454712 -61.292561
v -105.700493 -37.437733 3.052267
v -105.700493 17.378727 3.052267
v -105.700500 -37.437733 12.344879
v -105.700500 17.378727 12.344880
v -114.993103 -37.437733 3.052264
v -114.993103 17.378727 3.052264
v -114.993111 -37.437733 12.344876
v -114.993111 17.378727 12.344877
v -90.434952 -37.437729 98.485031
v -90.434982 9.286095 98.485085
v -90.434952 -37.437729 74.910240
v -90.434982 9.286095 74.910271
v -66.860138 -37.437729 98.485031
v -66.860168 9.286095 98.485085
v -66.860138 -37.437729 74.910240
v -66.860168 9.286095 74.910271
v 87.782944 -37.437737 56.583172
v 87.782944 15.879036 56.583172
v 97.081223 -37.437737 56.583172
v 97.081223 15.879036 56.583172
v 87.782944 -37.437737 65.881454
v 87.782944 15.879036 65.881454
v 97.081223 -37.437737 65.881454
v 97.081223 15.879036 65.881454
v 102.366768 -37.006851 -3.959909
v 102.366791 13.492189 -3.959907
v 102.366768 -37.006851 11.548851
v 102.366791 13.492189 11.548855
v 87.150238 -37.006851 -3.959914
v 87.150253 13.492189 -3.959912
v 87.150230 -37.006851 11.548846
v 87.150253 13.492189 11.548851
v -177.447067 -37.437729 179.558075
v -177.447159 12.179100 179.558167
v -177.447067 -37.437729 83.608170
v -177.447159 12.179100 83.608215
v -81.497162 -37.437729 179.558075
v -81.497208 12.179100 179.558167
v -81.497162 -37.437729 83.608170
v -81.497208 12.179100 83.608215
v -113.480461 -37.437729 83.608170
v -145.463776 -37.437729 83.608170
v -145.463837 12.179100 83.608215
v -113.480522 12.179100 83.608215
v -145.463776 -37.437729 179.558075
v -113.480461 -37.437729 179.558075
v -113.480522 12.179100 179.558167
v -145.463837 12.179100 179.558167
v -113.480461 -37.437729 80.781837
v -145.463776 -37.437729 80.781837
v -145.463837 12.179100 80.781883
v -113.480522 12.179100 80.781883
v -75.512505 -37.006851 -73.754395
v -75.512444 25.860729 -73.754402
v -75.512505 -37.006851 -58.460846
v -75.512436 25.860729 -58.460842
v -121.604050 -37.006851 -73.754410
v -121.604050 25.860729 -73.754425
v -121.604050 -37.006851 -58.460861
v -121.604057 25.860729 -58.460865
v -77.215981 -37.006847 -71.618530
v -77.215912 11.645966 -71.618530
v -77.215988 -37.006847 -56.879532
v -77.215912 11.645966 -56.879524
v -121.636208 -37.006847 -71.618546
v -121.636200 11.645966 -71.618546
v -121.636215 -37.006847 -56.879547
v -121.636208 11.645966 -56.879543
v -171.404572 -37.006847 139.045410
v -171.404572 16.020302 139.045410
v -171.404572 -37.006847 113.281273
v -171.404572 16.020302 113.281273
v -145.640442 -37.006847 139.045410
v -145.640442 16.020302 139.045410
v -145.640442 -37.006847 113.281273
v -145.640442 16.020302 113.281273
v 67.926079 -37.437729 -106.608383
v 67.926079 9.504559 -106.608383
v 67.926071 -37.437729 -73.945831
v 67.926064 9.504559 -73.945831
v 52.245564 -37.437729 -106.608383
v 52.245548 9.504559 -106.608383
v 52.245552 -37.437729 -73.945831
v 52.245537 9.504559 -73.945831
v -77.089882 -37.437729 -64.521782
v -77.089882 16.645088 -64.521782
v -77.089882 -37.437729 -68.366081
v -77.089882 16.645088 -68.366081
v -73.245583 -37.437729 -64.521782
v -73.245583 16.645088 -64.521782
v -73.245583 -37.437729 -68.366081
v -73.245583 16.645088 -68.366081
v -80.783195 -37.437733 -57.804653
v -80.783203 21.305553 -57.804668
v -80.783195 -37.437733 -61.648952
v -80.783203 21.305553 -61.648968
v -74.788643 -37.437733 -57.804653
v -74.788651 21.305553 -57.804668
v -74.788643 -37.437733 -61.648952
v -74.788651 21.305553 -61.648968
v -141.754196 -37.437733 39.413368
v -141.754135 8.067343 39.413342
v -141.754196 -37.437733 8.386477
v -141.754135 8.067343 8.386466
v -110.727318 -37.437733 39.413368
v -110.727264 8.067343 39.413342
v -110.727318 -37.437733 8.386477
v -110.727264 8.067343 8.386466
v -2.515854 -37.437729 94.908485
v -2.515854 9.266243 94.908485
v -2.515854 -37.437729 79.715492
v -2.515854 9.266243 79.715492
v 4.562727 -37.437729 94.908485
v 4.562729 9.266243 94.908485
v 4.562727 -37.437729 79.715492
v 4.562729 9.266243 79.715492
v 78.037971 -37.437733 -117.212509
v 78.037971 10.745659 -117.212509
v 78.037956 -37.437733 -84.549957
v 78.037956 10.745659 -84.549957
v 62.357456 -37.437733 -117.212509
v 62.357441 10.745659 -117.212509
v 62.357445 -37.437733 -84.549957
v 62.357430 10.745659 -84.549957
vn -1.0000 -0.0000 -0.0000
vn -0.0000 -0.0000 -1.0000
vn 1.0000 -0.0000 -0.0000
vn -0.0000 -0.0000 1.0000
vn -0.0000 1.0000 -0.0000
vn -0.0000 -1.0000 -0.0000
vn 0.7071 -0.7071 -0.0000
vn -0.0000 -0.4739 -0.8806
vn -0.4739 -0.0000 -0.8806
vn 0.4739 -0.0000 0.8806
vn -0.0093 1.0000 -0.0032
vn 0.9937 -0.1118 -0.0000
vn 0.8565 0.2323 0.4610
vn -0.0005 0.9966 -0.0825
vn -0.0000 -0.4035 0.9150
vn 0.9070 0.4210 -0.0000
vn -0.0000 -0.1168 0.9932
vn 0.9088 0.4173 -0.0000
vn -0.8634 -0.5045 -0.0000
vn -0.8750 -0.4841 -0.0000
vn -0.9668 -0.2556 -0.0000
vn -0.9840 -0.1779 -0.0000
vn -0.9313 0.3644 -0.0000
vn -0.9742 0.2257 -0.0000
vn 0.9895 -0.1443 -0.0000
vn 0.9765 -0.2157 -0.0000
vn 0.9530 -0.3029 -0.0000
vn -0.9764 -0.2159 -0.0000
vn -0.9482 -0.3177 -0.0000
vn -0.9627 0.2704 -0.0000
vn 0.9575 -0.2885 -0.0000
vn -0.8065 -0.5913 -0.0000
vn -0.7385 -0.6743 -0.0000
vn -0.0000 -0.4370 0.8995
vn -0.8315 0.5555 -0.0000
vn -0.8381 0.5455 -0.0000
vt 0.000201 0.000977
vt 0.053804 0.000977
vt 0.053804 0.054579
vt 0.000201 0.054579
vt 0.055757 0.001083
vt 0.109359 0.001083
vt 0.109359 0.053908
vt 0.055757 0.053908
vt 0.111313 0.000977
vt 0.164915 0.000977
vt 0.164915 0.054579
vt 0.111313 0.054579
vt 0.166868 0.000977
vt 0.220471 0.000977
vt 0.220471 0.054579
vt 0.166868 0.054579
vt 0.222424 0.000977
vt 0.276026 0.000977
vt 0.276026 0.054579
vt 0.222424 0.054579
vt 0.277979 0.000977
vt 0.331582 0.000977
vt 0.331582 0.054579
vt 0.277979 0.054579
vt 0.333535 0.000977
vt 0.387137 0.000977
vt 0.387137 0.054579
vt 0.333535 0.054579
vt 0.389090 0.000977
vt 0.442693 0.000977
vt 0.442693 0.054579
vt 0.389090 0.054579
vt 0.444646 0.000977
vt 0.498248 0.000977
vt 0.498248 0.054579
vt 0.444646 0.054579
vt 0.500201 0.000977
vt 0.553804 0.000977
vt 0.553804 0.054579
vt 0.500201 0.054579
vt 0.555757 0.000977
vt 0.609359 0.000977
vt 0.609359 0.054579
vt 0.555757 0.054579
vt 0.611313 0.000977
vt 0.664915 0.000977
vt 0.664915 0.054579
vt 0.611313 0.054579
vt 0.666868 0.000977
vt 0.720471 0.000977
vt 0.720471 0.054579
vt 0.666868 0.054579
vt 0.722424 0.000977
vt 0.776026 0.000977
vt 0.776026 0.054579
vt 0.722424 0.054579
vt 0.777979 0.000977
vt 0.831582 0.000977
vt 0.831582 0.054579
vt 0.777979 0.054579
vt 0.833535 0.000977
vt 0.887137 0.000977
vt 0.887137 0.054579
vt 0.833535 0.054579
vt 0.944646 0.000977
vt 0.998248 0.000977
vt 0.998248 0.054579
vt 0.944646 0.054579
vt 0.554368 0.554111
vt 0.540737 0.554111
vt 0.540737 0.527553
vt 0.554368 0.527553
vt 0.527105 0.554111
vt 0.527105 0.527553
vt 0.513474 0.554111
vt 0.513474 0.527553
vt 0.499842 0.554111
vt 0.499842 0.527553
vt 0.889090 0.000977
vt 0.942693 0.000977
vt 0.942693 0.054579
vt 0.889090 0.054579
vt 0.540737 0.500996
vt 0.554368 0.500996
vt 0.527105 0.500996
vt 0.513474 0.500996
vt 0.458841 0.518312
vt 0.445361 0.518312
vt 0.445361 0.500671
vt 0.458841 0.500671
vt 0.458841 0.553592
vt 0.445361 0.553592
vt 0.445361 0.535952
vt 0.458841 0.535952
vt 0.499282 0.553592
vt 0.485802 0.553592
vt 0.485802 0.535952
vt 0.499282 0.535952
vt 0.472321 0.553592
vt 0.472321 0.535952
vt 0.472321 0.518312
vt 0.472321 0.500671
vt 0.000201 0.056532
vt 0.053804 0.056532
vt 0.053804 0.110135
vt 0.000201 0.110135
vt 0.513897 0.553992
vt 0.500414 0.553992
vt 0.500414 0.500058
vt 0.513897 0.500058
vt 0.554348 0.553992
vt 0.540864 0.553992
vt 0.540864 0.500058
vt 0.554348 0.500058
vt 0.527381 0.553992
vt 0.527381 0.500058
vt 0.111313 0.056532
vt 0.164915 0.056532
vt 0.164915 0.110135
vt 0.111313 0.110135
vt 0.166868 0.056532
vt 0.220471 0.056532
vt 0.220471 0.110135
vt 0.166868 0.110135
vt 0.222424 0.056532
vt 0.276026 0.056532
vt 0.276026 0.110135
vt 0.222424 0.110135
vt 0.481250 0.501621
vt 0.481250 0.553746
vt 0.499351 0.553746
vt 0.499351 0.501621
vt 0.445047 0.501621
vt 0.445047 0.553746
vt 0.463148 0.553746
vt 0.463148 0.501621
vt 0.277979 0.056532
vt 0.331582 0.056532
vt 0.331582 0.110135
vt 0.277979 0.110135
vt 0.333535 0.056532
vt 0.387137 0.056532
vt 0.387137 0.110135
vt 0.333535 0.110135
vt 0.389090 0.056532
vt 0.442693 0.056532
vt 0.442693 0.110135
vt 0.389090 0.110135
vt 0.444646 0.056532
vt 0.498248 0.056532
vt 0.498248 0.110135
vt 0.444646 0.110135
vt 0.500201 0.056532
vt 0.553804 0.056532
vt 0.553804 0.110135
vt 0.500201 0.110135
vt 0.555757 0.056532
vt 0.609359 0.056532
vt 0.609359 0.110135
vt 0.555757 0.110135
vt 0.611313 0.056532
vt 0.664915 0.056532
vt 0.664915 0.110135
vt 0.611313 0.110135
vt 0.666868 0.056532
vt 0.720471 0.056532
vt 0.720471 0.110135
vt 0.666868 0.110135
vt 0.722424 0.056532
vt 0.776026 0.056532
vt 0.776026 0.110135
vt 0.722424 0.110135
vt 0.777979 0.056532
vt 0.831582 0.056532
vt 0.831582 0.110135
vt 0.777979 0.110135
vt 0.833535 0.056532
vt 0.887137 0.056532
vt 0.887137 0.110135
vt 0.833535 0.110135
vt 0.889090 0.056532
vt 0.942693 0.056532
vt 0.942693 0.110135
vt 0.889090 0.110135
vt 0.944646 0.056532
vt 0.998248 0.056532
vt 0.998248 0.110135
vt 0.944646 0.110135
vt 0.000201 0.112088
vt 0.053804 0.112088
vt 0.053804 0.165690
vt 0.000201 0.165690
vt 0.055757 0.112088
vt 0.109359 0.112088
vt 0.109359 0.165690
vt 0.055757 0.165690
vt 0.111313 0.112088
vt 0.164915 0.112088
vt 0.164915 0.165690
vt 0.111313 0.165690
vt 0.166868 0.112088
vt 0.220471 0.112088
vt 0.220471 0.165690
vt 0.166868 0.165690
vt 0.222424 0.112088
vt 0.276026 0.112088
vt 0.276026 0.165690
vt 0.222424 0.165690
vt 0.277979 0.112088
vt 0.331582 0.112088
vt 0.331582 0.165690
vt 0.277979 0.165690
vt 0.333535 0.112088
vt 0.387137 0.112088
vt 0.387137 0.165690
vt 0.333535 0.165690
vt 0.389090 0.112088
vt 0.442693 0.112088
vt 0.442693 0.165690
vt 0.389090 0.165690
vt 0.444646 0.112088
vt 0.498248 0.112088
vt 0.498248 0.165690
vt 0.444646 0.165690
vt 0.500201 0.112088
vt 0.553804 0.112088
vt 0.553804 0.165690
vt 0.500201 0.165690
vt 0.555757 0.112088
vt 0.609359 0.112088
vt 0.609359 0.165690
vt 0.555757 0.165690
vt 0.611313 0.112088
vt 0.664915 0.112088
vt 0.664915 0.165690
vt 0.611313 0.165690
vt 0.666868 0.112088
vt 0.720471 0.112088
vt 0.720471 0.165690
vt 0.666868 0.165690
vt 0.722424 0.112088
vt 0.776026 0.112088
vt 0.776026 0.165690
vt 0.722424 0.165690
vt 0.777979 0.112088
vt 0.831582 0.112088
vt 0.831582 0.165690
vt 0.777979 0.165690
vt 0.513560 0.473031
vt 0.513560 0.500241
vt 0.499955 0.500241
vt 0.499955 0.473031
vt 0.833535 0.112088
vt 0.887137 0.112088
vt 0.887137 0.165690
vt 0.833535 0.165690
vt 0.889090 0.112088
vt 0.942693 0.112088
vt 0.942693 0.165690
vt 0.889090 0.165690
vt 0.554375 0.473031
vt 0.554375 0.500241
vt 0.540770 0.500241
vt 0.540770 0.473031
vt 0.527165 0.500241
vt 0.527165 0.473031
vt 0.527165 0.445822
vt 0.513560 0.445822
vt 0.540770 0.445822
vt 0.554375 0.445822
vt 0.944646 0.112088
vt 0.998248 0.112088
vt 0.998248 0.165690
vt 0.944646 0.165690
vt 0.000201 0.167643
vt 0.053804 0.167643
vt 0.053804 0.221246
vt 0.000201 0.221246
vt 0.055757 0.167643
vt 0.109359 0.167643
vt 0.109359 0.221246
vt 0.055757 0.221246
vt 0.111313 0.167643
vt 0.164915 0.167643
vt 0.164915 0.221246
vt 0.111313 0.221246
vt 0.166868 0.167643
vt 0.220471 0.167643
vt 0.220471 0.221246
vt 0.166868 0.221246
vt 0.222424 0.167643
vt 0.276026 0.167643
vt 0.276026 0.221246
vt 0.222424 0.221246
vt 0.277979 0.167643
vt 0.331582 0.167643
vt 0.331582 0.221246
vt 0.277979 0.221246
vt 0.333535 0.167643
vt 0.387137 0.167643
vt 0.387137 0.221246
vt 0.333535 0.221246
vt 0.389090 0.167643
vt 0.442693 0.167643
vt 0.442693 0.221246
vt 0.389090 0.221246
vt 0.444646 0.167643
vt 0.498248 0.167643
vt 0.498248 0.221246
vt 0.444646 0.221246
vt 0.500201 0.167643
vt 0.553804 0.167643
vt 0.553804 0.221246
vt 0.500201 0.221246
vt 0.555757 0.167643
vt 0.609359 0.167643
vt 0.609359 0.221246
vt 0.555757 0.221246
vt 0.611313 0.167643
vt 0.664915 0.167643
vt 0.664915 0.221246
vt 0.611313 0.221246
vt 0.666868 0.167643
vt 0.720471 0.167643
vt 0.720471 0.221246
vt 0.666868 0.221246
vt 0.722424 0.167643
vt 0.776026 0.167643
vt 0.776026 0.221246
vt 0.722424 0.221246
vt 0.777979 0.167643
vt 0.831582 0.167643
vt 0.831582 0.221246
vt 0.777979 0.221246
vt 0.833535 0.167643
vt 0.887137 0.167643
vt 0.887137 0.221246
vt 0.833535 0.221246
vt 0.889090 0.167643
vt 0.942693 0.167643
vt 0.942693 0.221246
vt 0.889090 0.221246
vt 0.944646 0.167643
vt 0.998248 0.167643
vt 0.998248 0.221246
vt 0.944646 0.221246
vt 0.000201 0.223199
vt 0.053804 0.223199
vt 0.053804 0.276801
vt 0.000201 0.276801
vt 0.055757 0.223199
vt 0.109359 0.223199
vt 0.109359 0.276801
vt 0.055757 0.276801
vt 0.111313 0.223199
vt 0.164915 0.223199
vt 0.164915 0.276801
vt 0.111313 0.276801
vt 0.166868 0.223199
vt 0.220471 0.223199
vt 0.220471 0.276801
vt 0.166868 0.276801
vt 0.222424 0.223199
vt 0.276026 0.223199
vt 0.276026 0.276801
vt 0.222424 0.276801
vt 0.277979 0.223199
vt 0.331582 0.223199
vt 0.331582 0.276801
vt 0.277979 0.276801
vt 0.333535 0.223199
vt 0.387137 0.223199
vt 0.387137 0.276801
vt 0.333535 0.276801
vt 0.389090 0.223199
vt 0.442693 0.223199
vt 0.442693 0.276801
vt 0.389090 0.276801
vt 0.444646 0.223199
vt 0.498248 0.223199
vt 0.498248 0.276801
vt 0.444646 0.276801
vt 0.500201 0.223199
vt 0.553804 0.223199
vt 0.553804 0.276801
vt 0.500201 0.276801
vt 0.555757 0.223199
vt 0.609359 0.223199
vt 0.609359 0.276801
vt 0.555757 0.276801
vt 0.611313 0.223199
vt 0.664915 0.223199
vt 0.664915 0.276801
vt 0.611313 0.276801
vt 0.666868 0.223199
vt 0.720471 0.223199
vt 0.720471 0.276801
vt 0.666868 0.276801
vt 0.722424 0.223199
vt 0.776026 0.223199
vt 0.776026 0.276801
vt 0.722424 0.276801
vt 0.777979 0.223199
vt 0.831582 0.223199
vt 0.831582 0.276801
vt 0.777979 0.276801
vt 0.833535 0.223199
vt 0.887137 0.223199
vt 0.887137 0.276801
vt 0.833535 0.276801
vt 0.889090 0.223199
vt 0.942693 0.223199
vt 0.942693 0.276801
vt 0.889090 0.276801
vt 0.944646 0.223199
vt 0.998248 0.223199
vt 0.998248 0.276801
vt 0.944646 0.276801
vt 0.000201 0.278754
vt 0.053804 0.278754
vt 0.053804 0.332357
vt 0.000201 0.332357
vt 0.055757 0.278754
vt 0.109359 0.278754
vt 0.109359 0.332357
vt 0.055757 0.332357
vt 0.111313 0.278754
vt 0.164915 0.278754
vt 0.164915 0.332357
vt 0.111313 0.332357
vt 0.166868 0.278754
vt 0.220471 0.278754
vt 0.220471 0.332357
vt 0.166868 0.332357
vt 0.222424 0.278754
vt 0.276026 0.278754
vt 0.276026 0.332357
vt 0.222424 0.332357
vt 0.333535 0.278754
vt 0.387137 0.278754
vt 0.387137 0.332357
vt 0.333535 0.332357
vt 0.277979 0.278754
vt 0.331582 0.278754
vt 0.331582 0.332357
vt 0.277979 0.332357
vt 0.389090 0.278754
vt 0.442693 0.278754
vt 0.442693 0.332357
vt 0.389090 0.332357
vt 0.444646 0.278754
vt 0.498248 0.278754
vt 0.498248 0.332357
vt 0.444646 0.332357
vt 0.500201 0.278754
vt 0.553804 0.278754
vt 0.553804 0.332357
vt 0.500201 0.332357
vt 0.555757 0.278754
vt 0.609359 0.278754
vt 0.609359 0.332357
vt 0.555757 0.332357
vt 0.611313 0.278754
vt 0.664915 0.278754
vt 0.664915 0.332357
vt 0.611313 0.332357
vt 0.666868 0.278754
vt 0.720471 0.278754
vt 0.720471 0.332357
vt 0.666868 0.332357
vt 0.722424 0.278754
vt 0.776026 0.278754
vt 0.776026 0.332357
vt 0.722424 0.332357
vt 0.777979 0.278754
vt 0.831582 0.278754
vt 0.831582 0.332357
vt 0.777979 0.332357
vt 0.833535 0.278754
vt 0.887137 0.278754
vt 0.887137 0.332357
vt 0.833535 0.332357
vt 0.889090 0.278754
vt 0.942693 0.278754
vt 0.942693 0.332357
vt 0.889090 0.332357
vt 0.944646 0.278754
vt 0.998248 0.278754
vt 0.998248 0.332357
vt 0.944646 0.332357
vt 0.000201 0.334310
vt 0.053804 0.334310
vt 0.053804 0.387912
vt 0.000201 0.387912
vt 0.055757 0.334310
vt 0.109359 0.334310
vt 0.109359 0.387912
vt 0.055757 0.387912
vt 0.111313 0.334310
vt 0.164915 0.334310
vt 0.164915 0.387912
vt 0.111313 0.387912
vt 0.166868 0.334310
vt 0.220471 0.334310
vt 0.220471 0.387912
vt 0.166868 0.387912
vt 0.222424 0.334310
vt 0.276026 0.334310
vt 0.276026 0.387912
vt 0.222424 0.387912
vt 0.333535 0.334310
vt 0.387137 0.334310
vt 0.387137 0.387912
vt 0.333535 0.387912
vt 0.389090 0.334310
vt 0.442693 0.334310
vt 0.442693 0.387912
vt 0.389090 0.387912
vt 0.444646 0.334310
vt 0.498248 0.334310
vt 0.498248 0.387912
vt 0.444646 0.387912
vt 0.500201 0.334310
vt 0.553804 0.334310
vt 0.553804 0.387912
vt 0.500201 0.387912
vt 0.277979 0.334310
vt 0.331582 0.334310
vt 0.331582 0.387912
vt 0.277979 0.387912
vt 0.555757 0.334310
vt 0.609359 0.334310
vt 0.609359 0.387912
vt 0.555757 0.387912
vt 0.611313 0.334310
vt 0.664915 0.334310
vt 0.664915 0.387912
vt 0.611313 0.387912
vt 0.666868 0.334310
vt 0.720471 0.334310
vt 0.720471 0.387912
vt 0.666868 0.387912
vt 0.722424 0.334310
vt 0.776026 0.334310
vt 0.776026 0.387912
vt 0.722424 0.387912
vt 0.777979 0.334310
vt 0.831582 0.334310
vt 0.831582 0.387912
vt 0.777979 0.387912
vt 0.833535 0.334310
vt 0.887137 0.334310
vt 0.887137 0.387912
vt 0.833535 0.387912
vt 0.889090 0.334310
vt 0.942693 0.334310
vt 0.942693 0.387912
vt 0.889090 0.387912
vt 0.944646 0.334310
vt 0.998248 0.334310
vt 0.998248 0.387912
vt 0.944646 0.387912
vt 0.000201 0.389865
vt 0.053804 0.389865
vt 0.053804 0.443468
vt 0.000201 0.443468
vt 0.055757 0.389865
vt 0.109359 0.389865
vt 0.109359 0.443468
vt 0.055757 0.443468
vt 0.111313 0.389865
vt 0.164915 0.389865
vt 0.164915 0.443468
vt 0.111313 0.443468
vt 0.166868 0.389865
vt 0.220471 0.389865
vt 0.220471 0.443468
vt 0.166868 0.443468
vt 0.222424 0.389865
vt 0.276026 0.389865
vt 0.276026 0.443468
vt 0.222424 0.443468
vt 0.277979 0.389865
vt 0.331582 0.389865
vt 0.331582 0.443468
vt 0.277979 0.443468
vt 0.333535 0.389865
vt 0.387137 0.389865
vt 0.387137 0.443468
vt 0.333535 0.443468
vt 0.389090 0.389865
vt 0.442693 0.389865
vt 0.442693 0.443468
vt 0.389090 0.443468
vt 0.444646 0.389865
vt 0.498248 0.389865
vt 0.498248 0.443468
vt 0.444646 0.443468
vt 0.500201 0.389865
vt 0.553804 0.389865
vt 0.553804 0.443468
vt 0.500201 0.443468
vt 0.555757 0.389865
vt 0.609359 0.389865
vt 0.609359 0.443468
vt 0.555757 0.443468
vt 0.611313 0.389865
vt 0.664915 0.389865
vt 0.664915 0.443468
vt 0.611313 0.443468
vt 0.666868 0.389865
vt 0.720471 0.389865
vt 0.720471 0.443468
vt 0.666868 0.443468
vt 0.722424 0.389865
vt 0.776026 0.389865
vt 0.776026 0.443468
vt 0.722424 0.443468
vt 0.777979 0.389865
vt 0.831582 0.389865
vt 0.831582 0.443468
vt 0.777979 0.443468
vt 0.833535 0.389865
vt 0.887137 0.389865
vt 0.887137 0.443468
vt 0.833535 0.443468
vt 0.889090 0.389865
vt 0.942693 0.389865
vt 0.942693 0.443468
vt 0.889090 0.443468
vt 0.944646 0.389865
vt 0.998248 0.389865
vt 0.998248 0.443468
vt 0.944646 0.443468
vt 0.000201 0.445421
vt 0.053804 0.445421
vt 0.053804 0.499023
vt 0.000201 0.499023
vt 0.055757 0.445421
vt 0.109359 0.445421
vt 0.109359 0.499023
vt 0.055757 0.499023
vt 0.111313 0.445421
vt 0.164915 0.445421
vt 0.164915 0.499023
vt 0.111313 0.499023
vt 0.166868 0.445421
vt 0.220471 0.445421
vt 0.220471 0.499023
vt 0.166868 0.499023
vt 0.222424 0.445421
vt 0.276026 0.445421
vt 0.276026 0.499023
vt 0.222424 0.499023
vt 0.277979 0.445421
vt 0.331582 0.445421
vt 0.331582 0.499023
vt 0.277979 0.499023
vt 0.333535 0.445421
vt 0.387137 0.445421
vt 0.387137 0.499023
vt 0.333535 0.499023
vt 0.389090 0.445421
vt 0.442693 0.445421
vt 0.442693 0.499023
vt 0.389090 0.499023
vt 0.444646 0.445421
vt 0.498248 0.445421
vt 0.498248 0.499023
vt 0.444646 0.499023
vt 0.500201 0.445421
vt 0.553804 0.445421
vt 0.553804 0.499023
vt 0.500201 0.499023
vt 0.555757 0.445421
vt 0.609359 0.445421
vt 0.609359 0.499023
vt 0.555757 0.499023
vt 0.611313 0.445421
vt 0.664915 0.445421
vt 0.664915 0.499023
vt 0.611313 0.499023
vt 0.666868 0.445421
vt 0.720471 0.445421
vt 0.720471 0.499023
vt 0.666868 0.499023
vt 0.722424 0.445421
vt 0.776026 0.445421
vt 0.776026 0.499023
vt 0.722424 0.499023
vt 0.777979 0.445421
vt 0.831582 0.445421
vt 0.831582 0.499023
vt 0.777979 0.499023
vt 0.833535 0.445421
vt 0.887137 0.445421
vt 0.887137 0.499023
vt 0.833535 0.499023
vt 0.889090 0.445421
vt 0.942693 0.445421
vt 0.942693 0.499023
vt 0.889090 0.499023
vt 0.944646 0.445421
vt 0.998248 0.445421
vt 0.998248 0.499023
vt 0.944646 0.499023
vt 0.000201 0.500977
vt 0.053804 0.500977
vt 0.053804 0.554579
vt 0.000201 0.554579
vt 0.055757 0.500977
vt 0.109359 0.500977
vt 0.109359 0.554579
vt 0.055757 0.554579
vt 0.111313 0.500977
vt 0.164915 0.500977
vt 0.164915 0.554579
vt 0.111313 0.554579
vt 0.166868 0.500977
vt 0.220471 0.500977
vt 0.220471 0.554579
vt 0.166868 0.554579
vt 0.222424 0.500977
vt 0.276026 0.500977
vt 0.276026 0.554579
vt 0.222424 0.554579
vt 0.277979 0.500977
vt 0.331582 0.500977
vt 0.331582 0.554579
vt 0.277979 0.554579
vt 0.333535 0.500977
vt 0.387137 0.500977
vt 0.387137 0.554579
vt 0.333535 0.554579
vt 0.389090 0.500977
vt 0.442693 0.500977
vt 0.442693 0.554579
vt 0.389090 0.554579
vt 0.444646 0.500977
vt 0.498248 0.500977
vt 0.498248 0.554579
vt 0.444646 0.554579
vt 0.500201 0.500977
vt 0.553804 0.500977
vt 0.553804 0.554579
vt 0.500201 0.554579
vt 0.555757 0.500977
vt 0.609359 0.500977
vt 0.609359 0.554579
vt 0.555757 0.554579
vt 0.611313 0.500977
vt 0.664915 0.500977
vt 0.664915 0.554579
vt 0.611313 0.554579
vt 0.666868 0.500977
vt 0.720471 0.500977
vt 0.720471 0.554579
vt 0.666868 0.554579
vt 0.722424 0.500977
vt 0.776026 0.500977
vt 0.776026 0.554579
vt 0.722424 0.554579
vt 0.777979 0.500977
vt 0.831582 0.500977
vt 0.831582 0.554579
vt 0.777979 0.554579
vt 0.833535 0.500977
vt 0.887137 0.500977
vt 0.887137 0.554579
vt 0.833535 0.554579
vt 0.889090 0.500977
vt 0.942693 0.500977
vt 0.942693 0.554579
vt 0.889090 0.554579
vt 0.944646 0.500977
vt 0.998248 0.500977
vt 0.998248 0.554579
vt 0.944646 0.554579
vt 0.000201 0.556532
vt 0.053804 0.556532
vt 0.053804 0.610135
vt 0.000201 0.610135
vt 0.111313 0.556532
vt 0.164915 0.556532
vt 0.164915 0.610135
vt 0.111313 0.610135
vt 0.166868 0.556532
vt 0.220471 0.556532
vt 0.220471 0.610135
vt 0.166868 0.610135
vt 0.222424 0.556532
vt 0.276026 0.556532
vt 0.276026 0.610135
vt 0.222424 0.610135
vt 0.277979 0.556532
vt 0.331582 0.556532
vt 0.331582 0.610135
vt 0.277979 0.610135
vt 0.333535 0.556532
vt 0.387137 0.556532
vt 0.387137 0.610135
vt 0.333535 0.610135
vt 0.444646 0.556532
vt 0.498248 0.556532
vt 0.498248 0.610135
vt 0.444646 0.610135
vt 0.500201 0.556532
vt 0.553804 0.556532
vt 0.553804 0.610135
vt 0.500201 0.610135
vt 0.555757 0.556532
vt 0.609359 0.556532
vt 0.609359 0.610135
vt 0.555757 0.610135
vt 0.611313 0.556532
vt 0.664915 0.556532
vt 0.664915 0.610135
vt 0.611313 0.610135
vt 0.666868 0.556532
vt 0.720471 0.556532
vt 0.720471 0.610135
vt 0.666868 0.610135
vt 0.722424 0.556532
vt 0.776026 0.556532
vt 0.776026 0.610135
vt 0.722424 0.610135
vt 0.777979 0.556532
vt 0.831582 0.556532
vt 0.831582 0.610135
vt 0.777979 0.610135
vt 0.833535 0.556532
vt 0.887137 0.556532
vt 0.887137 0.610135
vt 0.833535 0.610135
vt 0.889090 0.556532
vt 0.942693 0.556532
vt 0.942693 0.610135
vt 0.889090 0.610135
vt 0.944646 0.556532
vt 0.998248 0.556532
vt 0.998248 0.610135
vt 0.944646 0.610135
vt 0.000201 0.612088
vt 0.053804 0.612088
vt 0.053804 0.665690
vt 0.000201 0.665690
vt 0.055757 0.612088
vt 0.109359 0.612088
vt 0.109359 0.665690
vt 0.055757 0.665690
vt 0.389090 0.556532
vt 0.442693 0.556532
vt 0.442693 0.610135
vt 0.389090 0.610135
vt 0.111313 0.612088
vt 0.164915 0.612088
vt 0.164915 0.665690
vt 0.111313 0.665690
vt 0.166868 0.612088
vt 0.220471 0.612088
vt 0.220471 0.665690
vt 0.166868 0.665690
vt 0.222424 0.612088
vt 0.276026 0.612088
vt 0.276026 0.665690
vt 0.222424 0.665690
vt 0.277979 0.612088
vt 0.331582 0.612088
vt 0.331582 0.665690
vt 0.277979 0.665690
vt 0.333535 0.612088
vt 0.387137 0.612088
vt 0.387137 0.665690
vt 0.333535 0.665690
vt 0.389090 0.612088
vt 0.442693 0.612088
vt 0.442693 0.665690
vt 0.389090 0.665690
vt 0.444646 0.612088
vt 0.498248 0.612088
vt 0.498248 0.665690
vt 0.444646 0.665690
vt 0.500201 0.612088
vt 0.553804 0.612088
vt 0.553804 0.665690
vt 0.500201 0.665690
vt 0.555757 0.612088
vt 0.609359 0.612088
vt 0.609359 0.665690
vt 0.555757 0.665690
vt 0.611313 0.612088
vt 0.664915 0.612088
vt 0.664915 0.665690
vt 0.611313 0.665690
vt 0.666868 0.612088
vt 0.720471 0.612088
vt 0.720471 0.665690
vt 0.666868 0.665690
vt 0.722424 0.612088
vt 0.776026 0.612088
vt 0.776026 0.665690
vt 0.722424 0.665690
vt 0.777979 0.612088
vt 0.831582 0.612088
vt 0.831582 0.665690
vt 0.777979 0.665690
vt 0.833535 0.612088
vt 0.887137 0.612088
vt 0.887137 0.665690
vt 0.833535 0.665690
vt 0.889090 0.612088
vt 0.942693 0.612088
vt 0.942693 0.665690
vt 0.889090 0.665690
vt 0.944646 0.612088
vt 0.998248 0.612088
vt 0.998248 0.665690
vt 0.944646 0.665690
vt 0.000201 0.667643
vt 0.053804 0.667643
vt 0.053804 0.721246
vt 0.000201 0.721246
vt 0.055757 0.667643
vt 0.109359 0.667643
vt 0.109359 0.721246
vt 0.055757 0.721246
vt 0.111313 0.667643
vt 0.164915 0.667643
vt 0.164915 0.721246
vt 0.111313 0.721246
vt 0.222424 0.667643
vt 0.276026 0.667643
vt 0.276026 0.721246
vt 0.222424 0.721246
vt 0.166868 0.667643
vt 0.220471 0.667643
vt 0.220471 0.721246
vt 0.166868 0.721246
vt 0.277979 0.667643
vt 0.331582 0.667643
vt 0.331582 0.721246
vt 0.277979 0.721246
vt 0.333535 0.667643
vt 0.387137 0.667643
vt 0.387137 0.721246
vt 0.333535 0.721246
vt 0.389090 0.667643
vt 0.442693 0.667643
vt 0.442693 0.721246
vt 0.389090 0.721246
vt 0.444646 0.667643
vt 0.498248 0.667643
vt 0.498248 0.721246
vt 0.444646 0.721246
vt 0.500201 0.667643
vt 0.553804 0.667643
vt 0.553804 0.721246
vt 0.500201 0.721246
vt 0.555757 0.667643
vt 0.609359 0.667643
vt 0.609359 0.721246
vt 0.555757 0.721246
vt 0.611313 0.667643
vt 0.664915 0.667643
vt 0.664915 0.721246
vt 0.611313 0.721246
vt 0.666868 0.667643
vt 0.720471 0.667643
vt 0.720471 0.721246
vt 0.666868 0.721246
vt 0.722424 0.667643
vt 0.776026 0.667643
vt 0.776026 0.721246
vt 0.722424 0.721246
vt 0.777979 0.667643
vt 0.831582 0.667643
vt 0.831582 0.721246
vt 0.777979 0.721246
vt 0.833535 0.667643
vt 0.887137 0.667643
vt 0.887137 0.721246
vt 0.833535 0.721246
vt 0.889090 0.667643
vt 0.942693 0.667643
vt 0.942693 0.721246
vt 0.889090 0.721246
vt 0.944646 0.667643
vt 0.998248 0.667643
vt 0.998248 0.721246
vt 0.944646 0.721246
vt 0.000201 0.723199
vt 0.053804 0.723199
vt 0.053804 0.776801
vt 0.000201 0.776801
vt 0.055757 0.723199
vt 0.109359 0.723199
vt 0.109359 0.776801
vt 0.055757 0.776801
vt 0.111313 0.723199
vt 0.164915 0.723199
vt 0.164915 0.776801
vt 0.111313 0.776801
vt 0.166868 0.723199
vt 0.220471 0.723199
vt 0.220471 0.776801
vt 0.166868 0.776801
vt 0.222424 0.723199
vt 0.276026 0.723199
vt 0.276026 0.776801
vt 0.222424 0.776801
vt 0.277979 0.723199
vt 0.331582 0.723199
vt 0.331582 0.776801
vt 0.277979 0.776801
vt 0.333535 0.723199
vt 0.387137 0.723199
vt 0.387137 0.776801
vt 0.333535 0.776801
vt 0.389090 0.723199
vt 0.442693 0.723199
vt 0.442693 0.776801
vt 0.389090 0.776801
vt 0.444646 0.723199
vt 0.498248 0.723199
vt 0.498248 0.776801
vt 0.444646 0.776801
vt 0.500201 0.723199
vt 0.553804 0.723199
vt 0.553804 0.776801
vt 0.500201 0.776801
vt 0.555757 0.723199
vt 0.609359 0.723199
vt 0.609359 0.776801
vt 0.555757 0.776801
vt 0.611313 0.723199
vt 0.664915 0.723199
vt 0.664915 0.776801
vt 0.611313 0.776801
vt 0.666868 0.723199
vt 0.720471 0.723199
vt 0.720471 0.776801
vt 0.666868 0.776801
vt 0.722424 0.723199
vt 0.776026 0.723199
vt 0.776026 0.776801
vt 0.722424 0.776801
vt 0.777979 0.723199
vt 0.831582 0.723199
vt 0.831582 0.776801
vt 0.777979 0.776801
vt 0.833535 0.723199
vt 0.887137 0.723199
vt 0.887137 0.776801
vt 0.833535 0.776801
vt 0.889090 0.723199
vt 0.942693 0.723199
vt 0.942693 0.776801
vt 0.889090 0.776801
vt 0.944646 0.723199
vt 0.998248 0.723199
vt 0.998248 0.776801
vt 0.944646 0.776801
vt 0.000201 0.778754
vt 0.053804 0.778754
vt 0.053804 0.832357
vt 0.000201 0.832357
vt 0.055757 0.778754
vt 0.109359 0.778754
vt 0.109359 0.832357
vt 0.055757 0.832357
vt 0.111313 0.778754
vt 0.164915 0.778754
vt 0.164915 0.832357
vt 0.111313 0.832357
vt 0.166868 0.778754
vt 0.220471 0.778754
vt 0.220471 0.832357
vt 0.166868 0.832357
vt 0.222424 0.778754
vt 0.276026 0.778754
vt 0.276026 0.832357
vt 0.222424 0.832357
vt 0.277979 0.778754
vt 0.331582 0.778754
vt 0.331582 0.832357
vt 0.277979 0.832357
vt 0.333535 0.778754
vt 0.387137 0.778754
vt 0.387137 0.832357
vt 0.333535 0.832357
vt 0.389090 0.778754
vt 0.442693 0.778754
vt 0.442693 0.832357
vt 0.389090 0.832357
vt 0.444646 0.778754
vt 0.498248 0.778754
vt 0.498248 0.832357
vt 0.444646 0.832357
vt 0.500201 0.778754
vt 0.553804 0.778754
vt 0.553804 0.832357
vt 0.500201 0.832357
vt 0.555757 0.778754
vt 0.609359 0.778754
vt 0.609359 0.832357
vt 0.555757 0.832357
vt 0.611313 0.778754
vt 0.664915 0.778754
vt 0.664915 0.832357
vt 0.611313 0.832357
vt 0.666868 0.778754
vt 0.720471 0.778754
vt 0.720471 0.832357
vt 0.666868 0.832357
vt 0.722424 0.778754
vt 0.776026 0.778754
vt 0.776026 0.832357
vt 0.722424 0.832357
vt 0.777979 0.778754
vt 0.831582 0.778754
vt 0.831582 0.832357
vt 0.777979 0.832357
vt 0.833535 0.778754
vt 0.887137 0.778754
vt 0.887137 0.832357
vt 0.833535 0.832357
vt 0.889090 0.778754
vt 0.942693 0.778754
vt 0.942693 0.832357
vt 0.889090 0.832357
vt 0.944646 0.778754
vt 0.998248 0.778754
vt 0.998248 0.832357
vt 0.944646 0.832357
vt 0.000201 0.834310
vt 0.053804 0.834310
vt 0.053804 0.887912
vt 0.000201 0.887912
vt 0.055757 0.834310
vt 0.109359 0.834310
vt 0.109359 0.887912
vt 0.055757 0.887912
vt 0.111313 0.834310
vt 0.164915 0.834310
vt 0.164915 0.887912
vt 0.111313 0.887912
vt 0.166868 0.834310
vt 0.220471 0.834310
vt 0.220471 0.887912
vt 0.166868 0.887912
vt 0.222424 0.834310
vt 0.276026 0.834310
vt 0.276026 0.887912
vt 0.222424 0.887912
vt 0.277979 0.834310
vt 0.331582 0.834310
vt 0.331582 0.887912
vt 0.277979 0.887912
vt 0.333535 0.834310
vt 0.387137 0.834310
vt 0.387137 0.887912
vt 0.333535 0.887912
vt 0.389090 0.834310
vt 0.442693 0.834310
vt 0.442693 0.887912
vt 0.389090 0.887912
vt 0.444646 0.834310
vt 0.498248 0.834310
vt 0.498248 0.887912
vt 0.444646 0.887912
vt 0.500201 0.834310
vt 0.553804 0.834310
vt 0.553804 0.887912
vt 0.500201 0.887912
vt 0.555757 0.834310
vt 0.609359 0.834310
vt 0.609359 0.887912
vt 0.555757 0.887912
vt 0.611313 0.834310
vt 0.664915 0.834310
vt 0.664915 0.887912
vt 0.611313 0.887912
vt 0.666868 0.834310
vt 0.720471 0.834310
vt 0.720471 0.887912
vt 0.666868 0.887912
vt 0.722424 0.834310
vt 0.776026 0.834310
vt 0.776026 0.887912
vt 0.722424 0.887912
vt 0.777979 0.834310
vt 0.831582 0.834310
vt 0.831582 0.887912
vt 0.777979 0.887912
vt 0.833535 0.834310
vt 0.887137 0.834310
vt 0.887137 0.887912
vt 0.833535 0.887912
vt 0.889090 0.834310
vt 0.942693 0.834310
vt 0.942693 0.887912
vt 0.889090 0.887912
vt 0.944646 0.834310
vt 0.998248 0.834310
vt 0.998248 0.887912
vt 0.944646 0.887912
vt 0.000201 0.889865
vt 0.053804 0.889865
vt 0.053804 0.943468
vt 0.000201 0.943468
vt 0.055757 0.889865
vt 0.109359 0.889865
vt 0.109359 0.943468
vt 0.055757 0.943468
vt 0.111313 0.889865
vt 0.164915 0.889865
vt 0.164915 0.943468
vt 0.111313 0.943468
vt 0.166868 0.889865
vt 0.220471 0.889865
vt 0.220471 0.943468
vt 0.166868 0.943468
vt 0.222424 0.889865
vt 0.276026 0.889865
vt 0.276026 0.943468
vt 0.222424 0.943468
vt 0.277979 0.889865
vt 0.331582 0.889865
vt 0.331582 0.943468
vt 0.277979 0.943468
vt 0.333535 0.889865
vt 0.387137 0.889865
vt 0.387137 0.943468
vt 0.333535 0.943468
vt 0.389090 0.889865
vt 0.442693 0.889865
vt 0.442693 0.943468
vt 0.389090 0.943468
vt 0.444646 0.889865
vt 0.498248 0.889865
vt 0.498248 0.943468
vt 0.444646 0.943468
vt 0.500201 0.889865
vt 0.553804 0.889865
vt 0.553804 0.943468
vt 0.500201 0.943468
vt 0.555757 0.889865
vt 0.609359 0.889865
vt 0.609359 0.943468
vt 0.555757 0.943468
vt 0.611313 0.889865
vt 0.664915 0.889865
vt 0.664915 0.943468
vt 0.611313 0.943468
vt 0.666868 0.889865
vt 0.720471 0.889865
vt 0.720471 0.943468
vt 0.666868 0.943468
vt 0.722424 0.889865
vt 0.776026 0.889865
vt 0.776026 0.943468
vt 0.722424 0.943468
vt 0.777979 0.889865
vt 0.831582 0.889865
vt 0.831582 0.943468
vt 0.777979 0.943468
vt 0.833535 0.889865
vt 0.887137 0.889865
vt 0.887137 0.943468
vt 0.833535 0.943468
vt 0.889090 0.889865
vt 0.942693 0.889865
vt 0.942693 0.943468
vt 0.889090 0.943468
vt 0.944646 0.889865
vt 0.998248 0.889865
vt 0.998248 0.943468
vt 0.944646 0.943468
vt 0.000201 0.945421
vt 0.053804 0.945421
vt 0.053804 0.999023
vt 0.000201 0.999023
vt 0.055757 0.945421
vt 0.109359 0.945421
vt 0.109359 0.999023
vt 0.055757 0.999023
vt 0.111313 0.945421
vt 0.164915 0.945421
vt 0.164915 0.999023
vt 0.111313 0.999023
vt 0.166868 0.945421
vt 0.220471 0.945421
vt 0.220471 0.999023
vt 0.166868 0.999023
vt 0.222424 0.945421
vt 0.276026 0.945421
vt 0.276026 0.999023
vt 0.222424 0.999023
vt 0.277979 0.945421
vt 0.331582 0.945421
vt 0.331582 0.999023
vt 0.277979 0.999023
vt 0.333535 0.945421
vt 0.387137 0.945421
vt 0.387137 0.999023
vt 0.333535 0.999023
vt 0.389090 0.945421
vt 0.442693 0.945421
vt 0.442693 0.999023
vt 0.389090 0.999023
vt 0.444646 0.945421
vt 0.498248 0.945421
vt 0.498248 0.999023
vt 0.444646 0.999023
vt 0.500201 0.945421
vt 0.553804 0.945421
vt 0.553804 0.999023
vt 0.500201 0.999023
vt 0.555757 0.945421
vt 0.609359 0.945421
vt 0.609359 0.999023
vt 0.555757 0.999023
vt 0.611313 0.945421
vt 0.664915 0.945421
vt 0.664915 0.999023
vt 0.611313 0.999023
vt 0.666868 0.945421
vt 0.720471 0.945421
vt 0.720471 0.999023
vt 0.666868 0.999023
vt 0.722424 0.945421
vt 0.776026 0.945421
vt 0.776026 0.999023
vt 0.722424 0.999023
s 0
f 1/1/1 2/2/1 4/3/1 3/4/1
f 3/1/2 4/2/2 8/3/2 7/4/2
f 7/1/3 8/2/3 6/3/3 5/4/3
f 5/1/4 6/2/4 2/3/4 1/4/4
f 8/5/5 4/6/5 2/7/5 6/8/5
f 21/9/1 22/10/1 12/11/1 11/12/1
f 17/9/2 18/10/2 16/11/2 15/12/2
f 23/9/3 24/10/3 14/11/3 13/12/3
f 19/13/3 20/14/3 28/15/3 29/16/3
f 25/17/5 22/18/5 10/19/5 20/20/5
f 24/17/5 25/18/5 20/19/5 14/20/5
f 13/9/4 14/10/4 20/11/4 19/12/4
f 11/9/2 12/10/2 18/11/2 17/12/2
f 16/21/2 18/22/2 30/23/2 31/24/2
f 18/17/5 12/18/5 22/19/5 25/20/5
f 15/9/3 16/10/3 24/11/3 23/12/3
f 9/9/1 10/10/1 22/11/1 21/12/1
f 29/9/4 28/10/4 27/11/4 26/12/4
f 10/13/1 9/14/1 26/15/1 27/16/1
f 20/25/5 10/26/5 27/27/5 28/28/5
f 31/17/5 30/18/5 33/19/5 32/20/5
f 25/21/4 24/22/4 32/23/4 33/24/4
f 24/21/3 16/22/3 31/23/3 32/24/3
f 18/21/1 25/22/1 33/23/1 30/24/1
f 42/29/1 45/30/1 37/31/1 36/32/1
f 50/33/5 41/34/5 56/35/5 55/36/5
f 46/29/3 48/30/3 39/31/3 38/32/3
f 51/37/4 52/38/4 35/39/4 34/40/4
f 54/41/5 44/42/5 35/43/5 52/44/5
f 50/41/5 37/42/5 45/43/5 53/44/5
f 53/41/5 45/42/5 44/43/5 54/44/5
f 47/21/5 48/22/5 64/23/5 63/24/5
f 48/45/4 46/46/4 62/47/4 64/48/4
f 34/29/1 35/30/1 44/31/1 43/32/1
f 43/29/1 44/30/1 45/31/1 42/32/1
f 53/21/1 54/22/1 68/23/1 67/24/1
f 41/41/5 50/42/5 53/43/5 47/44/5
f 48/41/5 54/42/5 52/43/5 39/44/5
f 38/37/4 39/38/4 52/39/4 51/40/4
f 36/37/2 37/38/2 50/39/2 49/40/2
f 58/37/2 55/38/2 56/39/2 57/40/2
f 49/49/1 50/50/1 55/51/1 58/52/1
f 41/49/3 40/50/3 57/51/3 56/52/3
f 60/29/3 59/30/3 63/31/3 61/32/3
f 61/29/3 63/30/3 64/31/3 62/32/3
f 40/45/2 41/46/2 59/47/2 60/48/2
f 41/21/5 47/22/5 63/23/5 59/24/5
f 65/41/5 67/42/5 68/43/5 66/44/5
f 54/53/4 48/54/4 66/55/4 68/56/4
f 48/21/3 47/22/3 65/23/3 66/24/3
f 47/53/2 53/54/2 67/55/2 65/56/2
f 77/57/1 80/58/1 72/59/1 71/60/1
f 93/57/2 100/58/2 76/59/2 75/60/2
f 84/61/5 74/62/5 89/63/5 88/64/5
f 101/57/4 108/58/4 70/59/4 69/60/4
f 72/65/1 80/66/1 117/67/1 118/68/1
f 109/65/4 110/66/4 128/67/4 127/68/4
f 80/65/1 79/66/1 121/67/1 117/68/1
f 81/13/2 84/14/2 88/15/2 91/16/2
f 82/57/3 83/58/3 84/59/3 81/60/3
f 69/57/1 70/58/1 79/59/1 78/60/1
f 78/57/1 79/58/1 80/59/1 77/60/1
f 91/57/3 88/58/3 89/59/3 90/60/3
f 86/57/3 85/58/3 92/59/3 87/60/3
f 75/13/2 76/14/2 85/15/2 86/16/2
f 83/13/4 82/14/4 87/15/4 92/16/4
f 74/13/4 73/14/4 90/15/4 89/16/4
f 76/61/5 83/62/5 92/63/5 85/64/5
f 83/69/5 112/70/5 116/71/5 84/72/5
f 112/70/5 111/73/5 115/74/5 116/71/5
f 111/73/5 110/75/5 114/76/5 115/74/5
f 110/75/5 109/77/5 113/78/5 114/76/5
f 76/79/5 100/80/5 112/81/5 83/82/5
f 108/65/4 107/66/4 126/67/4 119/68/4
f 79/65/1 70/66/1 120/67/1 121/68/1
f 100/65/2 99/66/2 124/67/2 125/68/2
f 84/72/5 116/71/5 105/83/5 74/84/5
f 116/71/5 115/74/5 106/85/5 105/83/5
f 115/74/5 114/76/5 107/86/5 106/85/5
f 112/65/3 100/66/3 125/67/3 130/68/3
f 73/57/4 74/58/4 105/59/4 104/60/4
f 104/57/4 105/58/4 106/59/4 103/60/4
f 103/57/4 106/58/4 107/59/4 102/60/4
f 102/57/4 107/58/4 108/59/4 101/60/4
f 71/57/2 72/58/2 97/59/2 96/60/2
f 96/57/2 97/58/2 98/59/2 95/60/2
f 95/57/2 98/58/2 99/59/2 94/60/2
f 94/57/2 99/58/2 100/59/2 93/60/2
f 131/87/5 121/88/5 120/89/5 119/90/5
f 122/91/5 118/92/5 117/93/5 127/94/5
f 127/94/5 117/93/5 121/88/5 131/87/5
f 125/95/5 124/96/5 129/97/5 130/98/5
f 124/96/5 123/99/5 128/100/5 129/97/5
f 123/99/5 122/91/5 127/94/5 128/100/5
f 132/101/5 131/87/5 119/90/5 126/102/5
f 110/65/4 111/66/4 129/67/4 128/68/4
f 70/65/4 108/66/4 119/67/4 120/68/4
f 97/65/2 72/66/2 118/67/2 122/68/2
f 111/65/4 112/66/4 130/67/4 129/68/4
f 98/65/2 97/66/2 122/67/2 123/68/2
f 107/65/3 114/66/3 132/67/3 126/68/3
f 113/65/3 109/66/3 127/67/3 131/68/3
f 99/65/2 98/66/2 123/67/2 124/68/2
f 114/65/2 113/66/2 131/67/2 132/68/2
f 133/103/1 134/104/1 136/105/1 135/106/1
f 141/13/1 145/14/1 155/15/1 158/16/1
f 139/103/3 140/104/3 138/105/3 137/106/3
f 146/57/4 151/58/4 134/59/4 133/60/4
f 143/107/5 136/108/5 134/109/5 151/110/5
f 140/111/5 145/112/5 149/113/5 138/114/5
f 145/112/5 144/115/5 150/116/5 149/113/5
f 144/115/5 143/107/5 151/110/5 150/116/5
f 137/57/4 138/58/4 149/59/4 148/60/4
f 148/57/4 149/58/4 150/59/4 147/60/4
f 147/57/4 150/58/4 151/59/4 146/60/4
f 142/57/2 144/58/2 145/59/2 141/60/2
f 158/57/2 155/58/2 156/59/2 157/60/2
f 153/57/2 152/58/2 160/59/2 154/60/2
f 154/57/2 160/58/2 161/59/2 159/60/2
f 136/61/5 143/62/5 160/63/5 152/64/5
f 145/61/5 140/62/5 156/63/5 155/64/5
f 143/61/5 144/62/5 161/63/5 160/64/5
f 140/13/3 139/14/3 157/15/3 156/16/3
f 135/13/1 136/14/1 152/15/1 153/16/1
f 144/13/3 142/14/3 159/15/3 161/16/3
f 170/117/1 173/118/1 165/119/1 164/120/1
f 165/25/5 180/26/5 208/27/5 201/28/5
f 183/117/4 188/118/4 163/119/4 162/120/4
f 192/17/5 172/18/5 163/19/5 188/20/5
f 180/17/5 165/18/5 173/19/5 189/20/5
f 189/17/5 173/18/5 172/19/5 192/20/5
f 168/117/3 169/118/3 175/119/3 174/120/3
f 167/121/4 166/122/4 197/123/4 196/124/4
f 162/117/1 163/118/1 172/119/1 171/120/1
f 171/117/1 172/118/1 173/119/1 170/120/1
f 175/17/5 191/18/5 194/19/5 176/20/5
f 191/17/5 190/18/5 193/19/5 194/20/5
f 189/21/1 192/22/1 211/23/1 209/24/1
f 169/17/5 182/18/5 191/19/5 175/20/5
f 182/17/5 181/18/5 190/19/5 191/20/5
f 181/17/5 180/18/5 189/19/5 190/20/5
f 176/17/5 194/18/5 186/19/5 167/20/5
f 194/17/5 193/18/5 187/19/5 186/20/5
f 193/17/5 192/18/5 188/19/5 187/20/5
f 166/117/4 167/118/4 186/119/4 185/120/4
f 185/117/4 186/118/4 187/119/4 184/120/4
f 184/117/4 187/118/4 188/119/4 183/120/4
f 177/125/1 182/126/1 204/127/1 207/128/1
f 179/117/2 180/118/2 181/119/2 178/120/2
f 178/117/2 181/118/2 182/119/2 177/120/2
f 198/117/3 195/118/3 196/119/3 197/120/3
f 199/117/3 200/118/3 195/119/3 198/120/3
f 175/21/5 176/22/5 195/23/5 200/24/5
f 176/21/5 167/22/5 196/23/5 195/24/5
f 174/121/2 175/122/2 200/123/2 199/124/2
f 207/117/2 204/118/2 205/119/2 206/120/2
f 202/117/2 201/118/2 208/119/2 203/120/2
f 180/125/3 179/126/3 203/127/3 208/128/3
f 182/25/5 169/26/5 205/27/5 204/28/5
f 164/125/1 165/126/1 201/127/1 202/128/1
f 169/125/3 168/126/3 206/127/3 205/128/3
f 210/17/5 209/18/5 211/19/5 212/20/5
f 190/21/2 189/22/2 209/23/2 210/24/2
f 193/21/3 190/22/3 210/23/3 212/24/3
f 192/21/4 193/22/4 212/23/4 211/24/4
f 221/129/1 224/130/1 216/131/1 215/132/1
f 229/57/2 232/58/2 220/59/2 219/60/2
f 225/57/3 228/58/3 218/59/3 217/60/3
f 233/57/4 236/58/4 214/59/4 213/60/4
f 239/79/5 223/80/5 214/81/5 236/82/5
f 216/65/1 224/66/1 241/67/1 242/68/1
f 237/79/5 224/80/5 223/81/5 239/82/5
f 219/57/3 220/58/3 227/59/3 226/60/3
f 226/57/3 227/58/3 228/59/3 225/60/3
f 213/133/1 214/134/1 223/135/1 222/136/1
f 222/136/1 223/135/1 224/130/1 221/129/1
f 227/79/5 238/80/5 240/81/5 228/82/5
f 238/79/5 237/80/5 239/81/5 240/82/5
f 237/65/4 238/66/4 246/67/4 248/68/4
f 231/65/2 216/66/2 242/67/2 247/68/2
f 228/79/5 240/80/5 235/81/5 218/82/5
f 240/79/5 239/80/5 236/81/5 235/82/5
f 217/57/4 218/58/4 235/59/4 234/60/4
f 234/57/4 235/58/4 236/59/4 233/60/4
f 215/57/2 216/58/2 231/59/2 230/60/2
f 230/57/2 231/58/2 232/59/2 229/60/2
f 247/79/5 242/80/5 241/81/5 248/82/5
f 244/79/5 243/80/5 246/81/5 245/82/5
f 243/79/5 247/80/5 248/81/5 246/82/5
f 232/65/2 231/66/2 247/67/2 243/68/2
f 238/65/4 227/66/4 245/67/4 246/68/4
f 227/65/3 220/66/3 244/67/3 245/68/3
f 220/65/2 232/66/2 243/67/2 244/68/2
f 224/65/4 237/66/4 248/67/4 241/68/4
f 271/137/1 258/138/1 252/139/1 267/140/1
f 273/137/2 262/138/2 256/139/2 268/140/2
f 270/137/3 260/138/3 254/139/3 269/140/3
f 250/141/1 266/142/1 282/143/1 283/144/1
f 265/145/5 258/146/5 250/147/5 264/148/5
f 254/149/3 260/150/3 278/151/3 279/152/3
f 268/137/3 256/138/3 260/139/3 270/140/3
f 266/137/1 250/138/1 258/139/1 271/140/1
f 262/149/2 252/150/2 275/151/2 276/152/2
f 264/149/4 254/150/4 279/151/4 281/152/4
f 269/137/4 254/138/4 264/139/4 272/140/4
f 267/137/2 252/138/2 262/139/2 273/140/2
f 251/153/2 267/154/2 273/155/2 261/156/2
f 253/153/4 269/154/4 272/155/4 263/156/4
f 249/153/1 266/154/1 271/155/1 257/156/1
f 255/153/3 268/154/3 270/155/3 259/156/3
f 263/153/4 272/154/4 266/155/4 249/156/4
f 259/153/3 270/154/3 269/155/3 253/156/3
f 261/153/2 273/154/2 268/155/2 255/156/2
f 257/153/1 271/154/1 267/155/1 251/156/1
f 276/145/5 275/146/5 274/147/5 280/148/5
f 277/145/5 276/146/5 280/147/5 278/148/5
f 278/145/5 280/146/5 281/147/5 279/148/5
f 265/149/1 264/150/1 281/151/1 280/152/1
f 260/149/3 256/150/3 277/151/3 278/152/3
f 258/149/4 265/150/4 280/151/4 274/152/4
f 252/149/1 258/150/1 274/151/1 275/152/1
f 256/149/2 262/150/2 276/151/2 277/152/2
f 285/137/4 284/138/4 283/139/4 282/140/4
f 264/157/5 250/158/5 283/159/5 284/160/5
f 266/157/6 272/158/6 285/159/6 282/160/6
f 272/141/3 264/142/3 284/143/3 285/144/3
f 302/29/1 303/30/1 289/31/1 288/32/1
f 294/161/2 297/162/2 293/163/2 292/164/2
f 304/29/3 305/30/3 291/31/3 290/32/3
f 298/161/4 301/162/4 287/163/4 286/164/4
f 287/65/4 301/66/4 310/67/4 311/68/4
f 305/165/5 306/166/5 300/167/5 291/168/5
f 306/165/5 307/166/5 301/167/5 300/168/5
f 290/161/4 291/162/4 300/163/4 299/164/4
f 300/61/5 301/62/5 319/63/5 318/64/5
f 288/161/2 289/162/2 296/163/2 295/164/2
f 295/161/2 296/162/2 297/163/2 294/164/2
f 289/21/1 303/22/1 308/23/1 309/24/1
f 293/165/5 297/166/5 306/167/5 305/168/5
f 297/65/2 296/66/2 312/67/2 313/68/2
f 292/29/3 293/30/3 305/31/3 304/32/3
f 286/29/1 287/30/1 303/31/1 302/32/1
f 314/165/5 308/166/5 311/167/5 310/168/5
f 313/165/5 312/166/5 314/167/5 315/168/5
f 312/165/5 309/166/5 308/167/5 314/168/5
f 303/21/1 287/22/1 311/23/1 308/24/1
f 307/65/4 306/66/4 315/67/4 314/68/4
f 296/65/2 289/66/2 309/67/2 312/68/2
f 306/21/3 297/22/3 313/23/3 315/24/3
f 301/21/3 307/22/3 314/23/3 310/24/3
f 317/161/4 318/162/4 319/163/4 316/164/4
f 299/49/3 300/50/3 318/51/3 317/52/3
f 301/49/1 298/50/1 316/51/1 319/52/1
f 320/169/1 321/170/1 323/171/1 322/172/1
f 328/173/2 331/174/2 327/175/2 326/176/2
f 326/169/3 327/170/3 325/171/3 324/172/3
f 332/173/4 335/174/4 321/175/4 320/176/4
f 330/177/5 323/178/5 321/179/5 335/180/5
f 327/177/5 331/178/5 334/179/5 325/180/5
f 331/177/5 330/178/5 335/179/5 334/180/5
f 324/173/4 325/174/4 334/175/4 333/176/4
f 335/181/1 332/182/1 336/183/1 339/184/1
f 322/173/2 323/174/2 330/175/2 329/176/2
f 329/173/2 330/174/2 331/175/2 328/176/2
f 337/173/4 338/174/4 339/175/4 336/176/4
f 334/157/5 335/158/5 339/159/5 338/160/5
f 333/181/3 334/182/3 338/183/3 337/184/3
f 364/29/1 365/30/1 343/31/1 342/32/1
f 348/29/2 351/30/2 347/31/2 346/32/2
f 366/29/3 367/30/3 345/31/3 344/32/3
f 344/49/3 345/50/3 358/51/3 359/52/3
f 369/17/5 365/18/5 341/19/5 355/20/5
f 367/17/5 368/18/5 354/19/5 345/20/5
f 368/17/5 369/18/5 355/19/5 354/20/5
f 355/25/5 341/26/5 357/27/5 361/28/5
f 353/29/4 354/30/4 355/31/4 352/32/4
f 342/29/2 343/30/2 350/31/2 349/32/2
f 349/29/2 350/30/2 351/31/2 348/32/2
f 362/29/4 361/30/4 357/31/4 356/32/4
f 359/29/4 358/30/4 363/31/4 360/32/4
f 345/25/5 354/26/5 363/27/5 358/28/5
f 352/49/3 355/50/3 361/51/3 362/52/3
f 341/49/1 340/50/1 356/51/1 357/52/1
f 354/49/1 353/50/1 360/51/1 363/52/1
f 368/21/3 351/22/3 373/23/3 374/24/3
f 347/17/5 351/18/5 368/19/5 367/20/5
f 351/21/2 350/22/2 372/23/2 373/24/2
f 346/29/3 347/30/3 367/31/3 366/32/3
f 340/29/1 341/30/1 365/31/1 364/32/1
f 373/17/5 372/18/5 375/19/5 374/20/5
f 372/17/5 371/18/5 370/19/5 375/20/5
f 343/21/1 365/22/1 370/23/1 371/24/1
f 350/21/2 343/22/2 371/23/2 372/24/2
f 365/21/4 369/22/4 375/23/4 370/24/4
f 369/21/4 368/22/4 374/23/4 375/24/4
f 376/185/1 377/186/1 379/187/1 378/188/1
f 384/117/2 387/118/2 383/119/2 382/120/2
f 382/185/3 383/186/3 381/187/3 380/188/3
f 391/25/5 377/26/5 393/27/5 397/28/5
f 386/189/5 379/190/5 377/191/5 391/192/5
f 383/189/5 387/190/5 390/191/5 381/192/5
f 387/189/5 386/190/5 391/191/5 390/192/5
f 390/125/1 389/126/1 396/127/1 399/128/1
f 389/117/4 390/118/4 391/119/4 388/120/4
f 378/117/2 379/118/2 386/119/2 385/120/2
f 385/117/2 386/118/2 387/119/2 384/120/2
f 398/117/4 397/118/4 393/119/4 392/120/4
f 395/117/4 394/118/4 399/119/4 396/120/4
f 380/125/3 381/126/3 394/127/3 395/128/3
f 381/25/5 390/26/5 399/27/5 394/28/5
f 388/125/3 391/126/3 397/127/3 398/128/3
f 377/125/1 376/126/1 392/127/1 393/128/1
f 416/117/1 417/118/1 403/119/1 402/120/1
f 411/65/5 407/66/5 426/67/5 425/68/5
f 405/125/4 404/126/4 432/127/4 431/128/4
f 412/193/4 415/194/4 401/195/4 400/196/4
f 421/165/5 417/166/5 401/167/5 415/168/5
f 419/165/5 420/166/5 414/167/5 405/168/5
f 420/165/5 421/166/5 415/167/5 414/168/5
f 404/193/4 405/194/4 414/195/4 413/196/4
f 413/193/4 414/194/4 415/195/4 412/196/4
f 408/121/1 411/122/1 425/123/1 428/124/1
f 409/193/2 410/194/2 411/195/2 408/196/2
f 411/165/5 410/166/5 421/167/5 420/168/5
f 407/165/5 411/166/5 420/167/5 419/168/5
f 410/165/5 403/166/5 417/167/5 421/168/5
f 406/117/3 407/118/3 419/119/3 418/120/3
f 400/117/1 401/118/1 417/119/1 416/120/1
f 428/193/2 425/194/2 426/195/2 427/196/2
f 423/193/2 422/194/2 429/195/2 424/196/2
f 403/65/5 410/66/5 429/67/5 422/68/5
f 402/121/1 403/122/1 422/123/1 423/124/1
f 407/121/3 406/122/3 427/123/3 426/124/3
f 410/121/3 409/122/3 424/123/3 429/124/3
f 433/117/3 430/118/3 431/119/3 432/120/3
f 418/125/2 419/126/2 430/127/2 433/128/2
f 419/25/5 405/26/5 431/27/5 430/28/5
f 442/197/1 445/198/1 437/199/1 436/200/1
f 449/201/2 452/202/2 441/203/2 440/204/2
f 453/201/4 456/202/4 435/203/4 434/204/4
f 459/165/5 444/166/5 435/167/5 456/168/5
f 451/165/5 437/166/5 445/167/5 457/168/5
f 457/165/5 445/166/5 444/167/5 459/168/5
f 440/197/3 441/198/3 447/199/3 446/200/3
f 439/205/4 438/206/4 471/207/4 470/208/4
f 434/197/1 435/198/1 444/199/1 443/200/1
f 443/197/1 444/198/1 445/199/1 442/200/1
f 455/65/4 439/66/4 462/67/4 466/68/4
f 458/165/5 457/166/5 459/167/5 460/168/5
f 441/165/5 452/166/5 458/167/5 447/168/5
f 452/165/5 451/166/5 457/167/5 458/168/5
f 447/65/2 458/66/2 464/67/2 463/68/2
f 459/21/1 456/22/1 467/23/1 468/24/1
f 438/201/4 439/202/4 455/203/4 454/204/4
f 454/201/4 455/202/4 456/203/4 453/204/4
f 436/201/2 437/202/2 451/203/2 450/204/2
f 450/201/2 451/202/2 452/203/2 449/204/2
f 463/165/5 464/166/5 465/167/5 461/168/5
f 461/165/5 465/166/5 466/167/5 462/168/5
f 465/165/5 468/166/5 467/167/5 466/168/5
f 439/21/3 448/22/3 461/23/3 462/24/3
f 448/21/3 447/22/3 463/23/3 461/24/3
f 460/65/2 459/66/2 468/67/2 465/68/2
f 458/21/1 460/22/1 465/23/1 464/24/1
f 456/65/4 455/66/4 466/67/4 467/68/4
f 472/197/3 469/198/3 470/199/3 471/200/3
f 473/197/3 474/198/3 469/199/3 472/200/3
f 447/21/5 448/22/5 469/23/5 474/24/5
f 448/21/5 439/22/5 470/23/5 469/24/5
f 446/205/2 447/206/2 474/207/2 473/208/2
f 481/153/1 484/154/1 478/155/1 477/156/1
f 499/25/7 493/26/7 505/27/7 500/28/7
f 485/153/3 488/154/3 480/155/3 479/156/3
f 491/9/4 492/10/4 476/11/4 475/12/4
f 476/25/4 492/26/4 507/27/4 508/28/4
f 490/209/5 478/210/5 484/211/5 496/212/5
f 496/209/5 484/210/5 483/211/5 494/212/5
f 493/25/8 497/26/8 503/27/8 505/28/8
f 495/153/3 487/154/3 488/155/3 485/156/3
f 475/153/1 476/154/1 483/155/1 482/156/1
f 484/213/2 481/214/2 511/215/2 514/216/2
f 487/209/5 496/210/5 494/211/5 488/212/5
f 488/209/5 494/210/5 492/211/5 480/212/5
f 479/9/4 480/10/4 492/11/4 491/12/4
f 477/9/2 478/10/2 490/11/2 498/12/2
f 497/25/5 493/26/5 496/27/5 487/28/5
f 486/13/3 497/14/3 487/15/3 495/16/3
f 493/21/5 499/22/5 490/23/5 496/24/5
f 499/213/2 489/214/2 498/215/2 490/216/2
f 506/29/2 500/30/2 501/31/2 502/32/2
f 502/29/3 501/30/3 503/31/3 504/32/3
f 501/17/5 500/18/5 505/19/5 503/20/5
f 497/13/9 486/14/9 504/15/9 503/16/9
f 489/13/10 499/14/10 500/15/10 506/16/10
f 510/209/5 509/210/5 508/211/5 507/212/5
f 494/25/2 483/26/2 509/27/2 510/28/2
f 492/157/3 494/158/3 510/159/3 507/160/3
f 483/157/1 476/158/1 508/159/1 509/160/1
f 512/153/1 513/154/1 514/155/1 511/156/1
f 483/149/5 484/150/5 514/151/5 513/152/5
f 482/213/4 483/214/4 513/215/4 512/216/4
f 515/217/1 516/218/1 518/219/1 517/220/1
f 517/221/2 518/222/2 522/223/2 521/224/2
f 521/217/3 522/218/3 520/219/3 519/220/3
f 519/221/4 520/222/4 516/223/4 515/224/4
f 522/225/5 518/226/5 516/227/5 520/228/5
f 523/29/1 524/30/1 526/31/1 525/32/1
f 525/29/2 526/30/2 530/31/2 529/32/2
f 529/29/3 530/30/3 528/31/3 527/32/3
f 527/29/4 528/30/4 524/31/4 523/32/4
f 530/17/5 526/18/5 524/19/5 528/20/5
f 531/29/1 532/30/1 534/31/1 533/32/1
f 533/29/2 534/30/2 538/31/2 537/32/2
f 537/29/3 538/30/3 536/31/3 535/32/3
f 535/29/4 536/30/4 532/31/4 531/32/4
f 538/17/5 534/18/5 532/19/5 536/20/5
f 539/229/1 540/230/1 542/231/1 541/232/1
f 541/229/2 542/230/2 546/231/2 545/232/2
f 545/229/3 546/230/3 544/231/3 543/232/3
f 543/229/4 544/230/4 540/231/4 539/232/4
f 546/233/5 542/234/5 540/235/5 544/236/5
f 547/237/1 548/238/1 550/239/1 549/240/1
f 549/237/2 550/238/2 554/239/2 553/240/2
f 553/237/3 554/238/3 552/239/3 551/240/3
f 551/237/4 552/238/4 548/239/4 547/240/4
f 554/241/5 550/242/5 548/243/5 552/244/5
f 584/245/1 556/246/1 558/247/1 585/248/1
f 593/165/2 568/166/2 562/167/2 586/168/2
f 586/245/3 562/246/3 560/247/3 587/248/3
f 590/249/4 573/250/4 556/251/4 584/252/4
f 566/253/5 558/254/5 556/255/5 573/256/5
f 562/253/5 568/254/5 571/255/5 560/256/5
f 567/257/1 572/258/1 609/259/1 606/260/1
f 567/253/5 566/254/5 573/255/5 572/256/5
f 587/261/4 560/262/4 571/263/4 588/264/4
f 588/264/4 571/263/4 572/265/4 589/266/4
f 589/266/4 572/265/4 573/250/4 590/249/4
f 585/165/2 558/166/2 566/167/2 591/168/2
f 591/165/2 566/166/2 567/167/2 592/168/2
f 592/165/2 567/166/2 568/167/2 593/168/2
f 564/9/2 582/10/2 583/11/2 563/12/2
f 565/9/2 581/10/2 582/11/2 564/12/2
f 557/9/2 575/10/2 581/11/2 565/12/2
f 569/13/3 579/14/3 601/15/3 599/16/3
f 570/9/4 578/10/4 579/11/4 569/12/4
f 577/25/5 578/26/5 600/27/5 594/28/5
f 561/229/3 576/230/3 577/231/3 559/232/3
f 563/9/2 583/10/2 576/11/2 561/12/2
f 555/229/1 574/230/1 575/231/1 557/232/1
f 582/165/2 592/166/2 593/167/2 583/168/2
f 581/165/2 591/166/2 592/167/2 582/168/2
f 575/165/2 585/166/2 591/167/2 581/168/2
f 579/267/4 589/266/4 590/249/4 580/268/4
f 578/269/4 588/264/4 589/266/4 579/267/4
f 577/270/4 587/261/4 588/264/4 578/269/4
f 578/13/1 570/14/1 596/15/1 600/16/1
f 576/245/3 586/246/3 587/247/3 577/248/3
f 583/165/2 593/166/2 586/167/2 576/168/2
f 574/245/1 584/246/1 585/247/1 575/248/1
f 599/9/4 601/10/4 602/11/4 598/12/4
f 595/9/4 594/10/4 600/11/4 596/12/4
f 598/9/4 602/10/4 603/11/4 597/12/4
f 602/165/4 604/166/4 605/167/4 603/168/4
f 590/25/5 584/26/5 605/27/5 604/28/5
f 580/61/3 590/62/3 604/63/3 602/64/3
f 579/25/5 580/26/5 602/27/5 601/28/5
f 584/61/1 574/62/1 603/63/1 605/64/1
f 574/13/1 555/14/1 597/15/1 603/16/1
f 559/13/3 577/14/3 594/15/3 595/16/3
f 607/253/5 606/254/5 609/255/5 608/256/5
f 568/21/2 567/22/2 606/23/2 607/24/2
f 571/257/3 568/258/3 607/259/3 608/260/3
f 572/21/4 571/22/4 608/23/4 609/24/4
f 629/271/1 634/272/1 613/273/1 612/274/1
f 635/271/3 640/272/3 615/273/3 614/274/3
f 623/275/4 628/276/4 611/277/4 610/278/4
f 628/21/3 649/22/3 682/23/3 680/24/3
f 640/41/5 643/42/5 626/43/5 615/44/5
f 643/41/5 646/42/5 627/43/5 626/44/5
f 646/41/5 649/42/5 628/43/5 627/44/5
f 614/275/4 615/276/4 626/277/4 625/278/4
f 625/275/4 626/276/4 627/277/4 624/278/4
f 624/275/4 627/276/4 628/277/4 623/278/4
f 622/33/5 617/34/5 654/35/5 653/36/5
f 619/275/2 620/276/2 621/277/2 618/278/2
f 613/33/5 620/34/5 658/35/5 650/36/5
f 621/41/5 620/42/5 647/43/5 644/44/5
f 648/25/1 649/26/1 679/27/1 678/28/1
f 641/25/1 642/26/1 673/27/1 672/28/1
f 622/41/5 621/42/5 644/43/5 641/44/5
f 641/41/5 644/42/5 645/43/5 642/44/5
f 642/41/5 645/42/5 646/43/5 643/44/5
f 645/25/3 644/26/3 674/27/3 675/28/3
f 638/25/3 617/26/3 669/27/3 670/28/3
f 639/41/5 642/42/5 643/43/5 640/44/5
f 620/41/5 613/42/5 634/43/5 647/44/5
f 647/41/5 634/42/5 633/43/5 648/44/5
f 648/41/5 633/42/5 632/43/5 649/44/5
f 616/271/3 617/272/3 638/273/3 637/274/3
f 637/271/3 638/272/3 639/273/3 636/274/3
f 636/271/3 639/272/3 640/273/3 635/274/3
f 632/279/2 631/280/2 660/281/2 665/282/2
f 631/271/1 632/272/1 633/273/1 630/274/1
f 634/279/2 629/280/2 663/281/2 667/282/2
f 656/275/2 653/276/2 654/277/2 655/278/2
f 651/275/2 650/276/2 658/277/2 652/278/2
f 657/275/2 659/276/2 653/277/2 656/278/2
f 620/279/3 619/280/3 652/281/3 658/282/3
f 617/279/3 616/280/3 655/281/3 654/282/3
f 612/279/1 613/280/1 650/281/1 651/282/1
f 618/279/1 621/280/1 659/281/1 657/282/1
f 621/33/5 622/34/5 653/35/5 659/36/5
f 661/271/1 662/272/1 665/273/1 660/274/1
f 664/271/1 666/272/1 667/273/1 663/274/1
f 610/279/4 611/280/4 662/281/4 661/282/4
f 633/25/5 634/26/5 667/27/5 666/28/5
f 630/279/4 633/280/4 666/281/4 664/282/4
f 611/25/5 632/26/5 665/27/5 662/28/5
f 674/41/5 677/42/5 678/43/5 675/44/5
f 675/41/5 678/42/5 679/43/5 676/44/5
f 669/41/5 668/42/5 672/43/5 670/44/5
f 670/41/5 672/42/5 673/43/5 671/44/5
f 617/33/2 622/34/2 668/35/2 669/36/2
f 639/25/3 638/26/3 670/27/3 671/28/3
f 646/25/3 645/26/3 675/27/3 676/28/3
f 649/33/4 646/34/4 676/35/4 679/36/4
f 644/33/2 647/34/2 677/35/2 674/36/2
f 642/33/4 639/34/4 671/35/4 673/36/4
f 622/25/1 641/26/1 672/27/1 668/28/1
f 647/25/1 648/26/1 678/27/1 677/28/1
f 682/41/5 683/42/5 681/43/5 680/44/5
f 611/53/4 628/54/4 680/55/4 681/56/4
f 649/53/2 632/54/2 683/55/2 682/56/2
f 632/21/1 611/22/1 681/23/1 683/24/1
f 692/283/1 699/284/1 687/285/1 686/286/1
f 708/117/2 710/118/2 691/119/2 690/120/2
f 700/283/3 707/284/3 689/285/3 688/286/3
f 711/117/4 714/118/4 685/119/4 684/120/4
f 721/209/5 696/210/5 685/211/5 714/212/5
f 709/209/5 687/210/5 699/211/5 715/212/5
f 697/149/1 696/150/1 729/151/1 730/152/1
f 720/149/3 718/150/3 735/151/3 737/152/3
f 717/149/3 715/150/3 733/151/3 734/152/3
f 690/283/3 691/284/3 704/285/3 703/286/3
f 703/283/3 704/284/3 705/285/3 702/286/3
f 702/283/3 705/284/3 706/285/3 701/286/3
f 706/157/5 707/158/5 746/159/5 745/160/5
f 684/283/1 685/284/1 696/285/1 695/286/1
f 695/283/1 696/284/1 697/285/1 694/286/1
f 694/283/1 697/284/1 698/285/1 693/286/1
f 693/283/1 698/284/1 699/285/1 692/286/1
f 706/209/5 720/210/5 722/211/5 707/212/5
f 720/209/5 719/210/5 721/211/5 722/212/5
f 705/209/5 718/210/5 720/211/5 706/212/5
f 719/21/4 720/22/4 737/23/4 736/24/4
f 704/209/5 716/210/5 718/211/5 705/212/5
f 716/209/5 715/210/5 717/211/5 718/212/5
f 691/209/5 710/210/5 716/211/5 704/212/5
f 710/209/5 709/210/5 715/211/5 716/212/5
f 707/209/5 722/210/5 713/211/5 689/212/5
f 722/209/5 721/210/5 714/211/5 713/212/5
f 688/117/4 689/118/4 713/119/4 712/120/4
f 712/117/4 713/118/4 714/119/4 711/120/4
f 724/117/2 723/118/2 727/119/2 725/120/2
f 725/117/2 727/118/2 728/119/2 726/120/2
f 687/25/5 709/26/5 727/27/5 723/28/5
f 710/125/3 708/126/3 726/127/3 728/128/3
f 709/25/5 710/26/5 728/27/5 727/28/5
f 686/125/1 687/126/1 723/127/1 724/128/1
f 733/209/5 732/210/5 731/211/5 734/212/5
f 731/157/1 730/158/1 739/159/1 740/160/1
f 736/209/5 730/210/5 729/211/5 738/212/5
f 735/209/5 734/210/5 736/211/5 737/212/5
f 696/21/4 721/22/4 738/23/4 729/24/4
f 718/21/2 717/22/2 734/23/2 735/24/2
f 698/149/1 697/150/1 730/151/1 731/152/1
f 715/21/2 699/22/2 732/23/2 733/24/2
f 699/149/1 698/150/1 731/151/1 732/152/1
f 721/149/3 719/150/3 736/151/3 738/152/3
f 741/209/5 740/210/5 739/211/5 742/212/5
f 730/25/4 736/26/4 742/27/4 739/28/4
f 734/25/2 731/26/2 740/27/2 741/28/2
f 736/157/3 734/158/3 741/159/3 742/160/3
f 744/283/3 745/284/3 746/285/3 743/286/3
f 701/125/2 706/126/2 745/127/2 744/128/2
f 707/125/4 700/126/4 743/127/4 746/128/4
f 767/287/1 768/288/1 750/289/1 749/290/1
f 754/291/3 753/292/3 765/293/3 764/294/3
f 769/287/3 770/288/3 752/289/3 751/290/3
f 759/295/4 762/296/4 748/297/4 747/298/4
f 772/299/5 768/300/5 748/301/5 762/302/5
f 770/299/5 771/300/5 761/301/5 752/302/5
f 772/303/1 762/304/1 778/305/1 780/306/1
f 751/295/4 752/296/4 761/297/4 760/298/4
f 760/295/4 761/296/4 762/297/4 759/298/4
f 749/295/2 750/296/2 757/297/2 756/298/2
f 756/295/2 757/296/2 758/297/2 755/298/2
f 766/295/2 763/296/2 764/297/2 765/298/2
f 758/53/5 754/54/5 764/55/5 763/56/5
f 755/291/1 758/292/1 763/293/1 766/294/1
f 758/299/5 757/300/5 772/301/5 771/302/5
f 754/299/5 758/300/5 771/301/5 770/302/5
f 757/299/5 750/300/5 768/301/5 772/302/5
f 753/307/2 754/308/2 773/309/2 774/310/2
f 747/287/1 748/288/1 768/289/1 767/290/1
f 774/287/3 773/288/3 776/289/3 775/290/3
f 754/303/5 770/304/5 776/305/5 773/306/5
f 770/307/4 769/308/4 775/309/4 776/310/4
f 779/299/5 780/300/5 778/301/5 777/302/5
f 762/33/4 761/34/4 777/35/4 778/36/4
f 771/33/2 772/34/2 780/35/2 779/36/2
f 761/303/3 771/304/3 779/305/3 777/306/3
f 781/237/1 782/238/1 784/239/1 783/240/1
f 783/237/2 784/238/2 788/239/2 787/240/2
f 787/237/3 788/238/3 786/239/3 785/240/3
f 785/237/4 786/238/4 782/239/4 781/240/4
f 788/241/5 784/242/5 782/243/5 786/244/5
f 798/25/5 799/26/5 804/27/5 809/28/5
f 791/311/2 792/312/2 796/313/2 795/314/2
f 800/9/3 803/10/3 794/11/3 793/12/3
f 793/311/4 794/312/4 790/313/4 789/314/4
f 803/315/5 798/316/5 790/317/5 794/318/5
f 796/315/5 792/316/5 799/317/5 802/318/5
f 802/315/5 799/316/5 798/317/5 803/318/5
f 795/9/3 796/10/3 802/11/3 801/12/3
f 801/9/3 802/10/3 803/11/3 800/12/3
f 789/9/1 790/10/1 798/11/1 797/12/1
f 797/13/4 798/14/4 809/15/4 808/16/4
f 807/9/1 804/10/1 805/11/1 806/12/1
f 808/9/1 809/10/1 804/11/1 807/12/1
f 799/25/5 792/26/5 805/27/5 804/28/5
f 792/13/2 791/14/2 806/15/2 805/16/2
f 810/319/2 811/320/2 813/321/2 812/322/2
f 812/323/3 813/324/3 817/325/3 816/326/3
f 816/319/4 817/320/4 815/321/4 814/322/4
f 814/323/1 815/324/1 811/325/1 810/326/1
f 817/327/5 813/328/5 811/329/5 815/330/5
f 842/331/1 843/332/1 821/333/1 820/334/1
f 826/335/2 831/336/2 825/337/2 824/338/2
f 844/331/3 845/332/3 823/333/3 822/334/3
f 832/335/4 837/336/4 819/337/4 818/338/4
f 848/339/5 843/340/5 819/341/5 837/342/5
f 845/339/5 846/340/5 835/341/5 823/342/5
f 846/339/5 847/340/5 836/341/5 835/342/5
f 847/339/5 848/340/5 837/341/5 836/342/5
f 822/335/4 823/336/4 835/337/4 834/338/4
f 834/335/4 835/336/4 836/337/4 833/338/4
f 833/343/3 836/344/3 840/345/3 839/346/3
f 820/335/2 821/336/2 829/337/2 828/338/2
f 828/335/2 829/336/2 830/337/2 827/338/2
f 827/335/2 830/336/2 831/337/2 826/338/2
f 839/335/4 840/336/4 841/337/4 838/338/4
f 836/33/5 837/34/5 841/35/5 840/36/5
f 837/343/1 832/344/1 838/345/1 841/346/1
f 830/339/5 829/340/5 848/341/5 847/342/5
f 830/347/1 847/348/1 852/349/1 849/350/1
f 825/339/5 831/340/5 846/341/5 845/342/5
f 829/339/5 821/340/5 843/341/5 848/342/5
f 824/331/3 825/332/3 845/333/3 844/334/3
f 818/331/1 819/332/1 843/333/1 842/334/1
f 850/339/5 849/340/5 852/341/5 851/342/5
f 847/33/4 846/34/4 851/35/4 852/36/4
f 831/33/2 830/34/2 849/35/2 850/36/2
f 846/347/3 831/348/3 850/349/3 851/350/3
f 853/351/1 854/352/1 856/353/1 855/354/1
f 855/351/2 856/352/2 860/353/2 859/354/2
f 859/351/3 860/352/3 858/353/3 857/354/3
f 857/351/4 858/352/4 854/353/4 853/354/4
f 860/355/5 856/356/5 854/357/5 858/358/5
f 861/359/1 862/360/1 864/361/1 863/362/1
f 863/359/2 864/360/2 868/361/2 867/362/2
f 867/359/3 868/360/3 866/361/3 865/362/3
f 865/359/4 866/360/4 862/361/4 861/362/4
f 868/145/5 864/146/5 862/147/5 866/148/5
f 877/363/1 885/364/1 872/365/1 871/366/1
f 896/271/2 903/272/2 876/273/2 875/274/2
f 886/363/3 895/364/3 874/365/3 873/366/3
f 904/271/4 911/272/4 870/273/4 869/274/4
f 928/25/2 881/26/2 933/27/2 941/28/2
f 912/65/3 900/66/3 946/67/3 947/68/3
f 912/367/5 885/368/5 884/369/5 916/370/5
f 916/367/5 884/368/5 883/369/5 920/370/5
f 920/367/5 883/368/5 882/369/5 924/370/5
f 924/367/5 882/368/5 881/369/5 928/370/5
f 875/363/3 876/364/3 891/365/3 890/366/3
f 890/363/3 891/364/3 892/365/3 889/366/3
f 889/363/3 892/364/3 893/365/3 888/366/3
f 888/363/3 893/364/3 894/365/3 887/366/3
f 887/363/3 894/364/3 895/365/3 886/366/3
f 882/279/2 880/280/2 951/281/2 953/282/2
f 870/61/5 881/62/5 952/63/5 950/64/5
f 880/363/1 882/364/1 883/365/1 879/366/1
f 879/363/1 883/364/1 884/365/1 878/366/1
f 878/363/1 884/364/1 885/365/1 877/366/1
f 894/367/5 927/368/5 930/369/5 895/370/5
f 927/367/5 926/368/5 929/369/5 930/370/5
f 924/61/1 928/62/1 941/63/1 938/64/1
f 910/25/4 909/26/4 934/27/4 935/28/4
f 893/367/5 923/368/5 927/369/5 894/370/5
f 923/367/5 922/368/5 926/369/5 927/370/5
f 921/61/1 925/62/1 939/63/1 936/64/1
f 921/367/5 920/368/5 924/369/5 925/370/5
f 892/367/5 919/368/5 923/369/5 893/370/5
f 919/367/5 918/368/5 922/369/5 923/370/5
f 918/367/5 917/368/5 921/369/5 922/370/5
f 917/367/5 916/368/5 920/369/5 921/370/5
f 891/367/5 915/368/5 919/369/5 892/370/5
f 915/367/5 914/368/5 918/369/5 919/370/5
f 914/367/5 913/368/5 917/369/5 918/370/5
f 913/367/5 912/368/5 916/369/5 917/370/5
f 876/367/5 903/368/5 915/369/5 891/370/5
f 903/367/5 902/368/5 914/369/5 915/370/5
f 902/367/5 901/368/5 913/369/5 914/370/5
f 901/367/5 900/368/5 912/369/5 913/370/5
f 895/367/5 930/368/5 908/369/5 874/370/5
f 930/367/5 929/368/5 909/369/5 908/370/5
f 870/25/4 911/26/4 931/27/4 932/28/4
f 926/61/3 922/62/3 937/63/3 940/64/3
f 873/271/4 874/272/4 908/273/4 907/274/4
f 907/271/4 908/272/4 909/273/4 906/274/4
f 906/271/4 909/272/4 910/273/4 905/274/4
f 905/271/4 910/272/4 911/273/4 904/274/4
f 871/271/2 872/272/2 900/273/2 899/274/2
f 899/271/2 900/272/2 901/273/2 898/274/2
f 898/271/2 901/272/2 902/273/2 897/274/2
f 897/271/2 902/272/2 903/273/2 896/274/2
f 941/367/5 933/368/5 932/369/5 931/370/5
f 940/367/5 939/368/5 942/369/5 943/370/5
f 939/367/5 938/368/5 941/369/5 942/370/5
f 937/367/5 936/368/5 939/369/5 940/370/5
f 943/367/5 942/368/5 935/369/5 934/370/5
f 942/367/5 941/368/5 931/369/5 935/370/5
f 911/25/4 910/26/4 935/27/4 931/28/4
f 909/61/3 929/62/3 943/63/3 934/64/3
f 925/25/2 924/26/2 938/27/2 939/28/2
f 929/61/3 926/62/3 940/63/3 943/64/3
f 922/25/2 921/26/2 936/27/2 937/28/2
f 881/61/1 870/62/1 932/63/1 933/64/1
f 946/367/5 945/368/5 944/369/5 947/370/5
f 872/65/1 885/66/1 944/67/1 945/68/1
f 885/21/4 912/22/4 947/23/4 944/24/4
f 900/21/2 872/22/2 945/23/2 946/24/2
f 949/363/1 950/364/1 952/365/1 948/366/1
f 948/363/1 952/364/1 953/365/1 951/366/1
f 881/61/5 882/62/5 953/63/5 952/64/5
f 870/371/5 950/372/5 957/373/5 955/374/5
f 954/279/4 955/280/4 957/281/4 956/282/4
f 869/375/3 870/376/3 955/377/3 954/378/3
f 950/375/1 949/376/1 956/377/1 957/378/1
f 1018/149/6 1046/150/6 1070/151/6 1067/152/6
f 1033/209/2 971/210/2 965/211/2 1019/212/2
f 1039/209/3 989/210/3 963/211/3 1021/212/3
f 1027/209/4 977/210/4 959/211/4 1016/212/4
f 998/145/5 981/146/5 959/147/5 977/148/5
f 989/145/5 992/146/5 975/147/5 963/148/5
f 992/145/5 995/146/5 976/147/5 975/148/5
f 995/145/5 998/146/5 977/147/5 976/148/5
f 1021/209/4 963/210/4 975/211/4 1023/212/4
f 1023/209/4 975/210/4 976/211/4 1025/212/4
f 1025/209/4 976/210/4 977/211/4 1027/212/4
f 961/157/5 969/158/5 1072/159/5 1071/160/5
f 1029/209/2 969/210/2 970/211/2 1031/212/2
f 1031/209/2 970/210/2 971/211/2 1033/212/2
f 970/145/5 969/146/5 996/147/5 993/148/5
f 996/149/1 997/150/1 1078/151/1 1077/152/1
f 994/145/5 997/146/5 998/147/5 995/148/5
f 971/145/5 970/146/5 993/147/5 990/148/5
f 990/145/5 993/146/5 994/147/5 991/148/5
f 991/145/5 994/146/5 995/147/5 992/148/5
f 990/157/1 991/158/1 1062/159/1 1061/160/1
f 991/157/4 988/158/4 1060/159/4 1062/160/4
f 988/145/5 991/146/5 992/147/5 989/148/5
f 969/145/5 961/146/5 983/147/5 996/148/5
f 996/145/5 983/146/5 982/147/5 997/148/5
f 997/145/5 982/146/5 981/147/5 998/148/5
f 1019/209/3 965/210/3 987/211/3 1035/212/3
f 1035/209/3 987/210/3 988/211/3 1037/212/3
f 1037/209/3 988/210/3 989/211/3 1039/212/3
f 1016/209/1 959/210/1 981/211/1 1041/212/1
f 1041/209/1 981/210/1 982/211/1 1043/212/1
f 1046/21/4 1045/22/4 1069/23/4 1070/24/4
f 979/379/1 1013/380/1 1014/381/1 978/382/1
f 980/379/1 1012/380/1 1013/381/1 979/382/1
f 958/379/1 999/380/1 1012/381/1 980/382/1
f 985/379/3 1010/380/3 1011/381/3 984/382/3
f 986/379/3 1009/380/3 1010/381/3 985/382/3
f 964/379/3 1001/380/3 1009/381/3 986/382/3
f 967/379/2 1007/380/2 1008/381/2 966/382/2
f 968/379/2 1006/380/2 1007/381/2 967/382/2
f 960/379/2 1000/380/2 1006/381/2 968/382/2
f 973/379/4 1004/380/4 1005/381/4 972/382/4
f 974/379/4 1003/380/4 1004/381/4 973/382/4
f 962/379/4 1002/380/4 1003/381/4 974/382/4
f 972/379/4 1005/380/4 999/381/4 958/382/4
f 984/379/3 1011/380/3 1002/381/3 962/382/3
f 1034/157/5 1020/158/5 1051/159/5 1052/160/5
f 978/379/1 1014/380/1 1000/381/1 960/382/1
f 1013/209/1 1044/210/1 1046/211/1 1014/212/1
f 1044/209/1 1043/210/1 1045/211/1 1046/212/1
f 1012/209/1 1042/210/1 1044/211/1 1013/212/1
f 1042/209/1 1041/210/1 1043/211/1 1044/212/1
f 999/209/1 1015/210/1 1042/211/1 1012/212/1
f 1015/209/1 1016/210/1 1041/211/1 1042/212/1
f 1010/209/3 1038/210/3 1040/211/3 1011/212/3
f 1038/209/3 1037/210/3 1039/211/3 1040/212/3
f 1009/209/3 1036/210/3 1038/211/3 1010/212/3
f 1036/209/3 1035/210/3 1037/211/3 1038/212/3
f 1001/209/3 1020/210/3 1036/211/3 1009/212/3
f 1020/209/3 1019/210/3 1035/211/3 1036/212/3
f 1007/209/2 1032/210/2 1034/211/2 1008/212/2
f 1032/209/2 1031/210/2 1033/211/2 1034/212/2
f 1006/209/2 1030/210/2 1032/211/2 1007/212/2
f 1031/367/3 1032/368/3 1056/369/3 1055/370/3
f 1000/209/2 1018/210/2 1030/211/2 1006/212/2
f 1018/209/2 1017/210/2 1029/211/2 1030/212/2
f 1004/209/4 1026/210/4 1028/211/4 1005/212/4
f 1026/209/4 1025/210/4 1027/211/4 1028/212/4
f 1003/209/4 1024/210/4 1026/211/4 1004/212/4
f 1024/209/4 1023/210/4 1025/211/4 1026/212/4
f 1002/209/4 1022/210/4 1024/211/4 1003/212/4
f 1022/209/4 1021/210/4 1023/211/4 1024/212/4
f 1005/209/4 1028/210/4 1015/211/4 999/212/4
f 1028/209/4 1027/210/4 1016/211/4 1015/212/4
f 1011/209/3 1040/210/3 1022/211/3 1002/212/3
f 1040/209/3 1039/210/3 1021/211/3 1022/212/3
f 966/383/1 1008/384/1 1050/385/1 1049/386/1
f 1034/209/2 1033/210/2 1019/211/2 1020/212/2
f 1014/209/1 1046/210/1 1018/211/1 1000/212/1
f 1045/149/6 1043/150/6 1068/151/6 1069/152/6
f 1049/379/2 1050/380/2 1047/381/2 1048/382/2
f 1050/209/2 1052/210/2 1051/211/2 1047/212/2
f 1020/25/3 1001/26/3 1047/27/3 1051/28/3
f 1008/25/1 1034/26/1 1052/27/1 1050/28/1
f 1001/383/3 964/384/3 1048/385/3 1047/386/3
f 1054/209/2 1053/210/2 1055/211/2 1056/212/2
f 1030/367/1 1029/368/1 1053/369/1 1054/370/1
f 1032/387/6 1030/388/6 1054/389/6 1056/390/6
f 1029/387/5 1031/388/5 1055/389/5 1053/390/5
f 1058/145/5 1057/146/5 1061/147/5 1059/148/5
f 1059/145/5 1061/146/5 1062/147/5 1060/148/5
f 965/157/2 971/158/2 1057/159/2 1058/160/2
f 987/157/3 965/158/3 1058/159/3 1059/160/3
f 971/157/1 990/158/1 1061/159/1 1057/160/1
f 988/157/3 987/158/3 1059/159/3 1060/160/3
f 1069/209/1 1063/210/1 1064/211/1 1066/212/1
f 1068/209/1 1065/210/1 1063/211/1 1069/212/1
f 1070/209/1 1069/210/1 1066/211/1 1067/212/1
f 1017/21/2 1018/22/2 1067/23/2 1066/24/2
f 982/149/5 983/150/5 1063/151/5 1065/152/5
f 1043/21/4 982/22/4 1065/23/4 1068/24/4
f 983/149/5 961/150/5 1064/151/5 1063/152/5
f 961/21/2 1017/22/2 1066/23/2 1064/24/2
f 1073/209/2 1071/210/2 1072/211/2 1074/212/2
f 1017/25/1 961/26/1 1071/27/1 1073/28/1
f 1029/157/6 1017/158/6 1073/159/6 1074/160/6
f 969/25/3 1029/26/3 1074/27/3 1072/28/3
f 1075/145/5 1077/146/5 1078/147/5 1076/148/5
f 993/149/2 996/150/2 1077/151/2 1075/152/2
f 997/149/4 994/150/4 1076/151/4 1078/152/4
f 994/149/3 993/150/3 1075/151/3 1076/152/3
f 1098/391/1 1080/392/1 1082/393/1 1099/394/1
f 1107/209/2 1092/210/2 1086/211/2 1100/212/2
f 1100/391/3 1086/392/3 1084/393/3 1101/394/3
f 1104/209/4 1097/210/4 1080/211/4 1098/212/4
f 1090/395/5 1082/396/5 1080/397/5 1097/398/5
f 1086/395/5 1092/396/5 1095/397/5 1084/398/5
f 1092/395/5 1091/396/5 1096/397/5 1095/398/5
f 1091/395/5 1090/396/5 1097/397/5 1096/398/5
f 1103/125/1 1094/126/1 1111/127/1 1115/128/1
f 1102/209/4 1095/210/4 1096/211/4 1103/212/4
f 1103/209/4 1096/210/4 1097/211/4 1104/212/4
f 1099/209/2 1082/210/2 1090/211/2 1105/212/2
f 1105/209/2 1090/210/2 1091/211/2 1106/212/2
f 1106/209/2 1091/210/2 1092/211/2 1107/212/2
f 1088/283/2 1106/284/2 1107/285/2 1087/286/2
f 1089/283/2 1105/284/2 1106/285/2 1088/286/2
f 1081/283/2 1099/284/2 1105/285/2 1089/286/2
f 1094/283/4 1103/284/4 1104/285/4 1093/286/4
f 1101/25/3 1084/26/3 1112/27/3 1108/28/3
f 1102/157/5 1103/158/5 1115/159/5 1114/160/5
f 1093/283/4 1104/284/4 1098/285/4 1079/286/4
f 1085/399/3 1100/400/3 1101/401/3 1083/402/3
f 1087/283/2 1107/284/2 1100/285/2 1085/286/2
f 1079/399/1 1098/400/1 1099/401/1 1081/402/1
f 1108/209/4 1112/210/4 1113/211/4 1114/212/4
f 1110/283/4 1114/284/4 1115/285/4 1111/286/4
f 1083/125/3 1101/126/3 1108/127/3 1109/128/3
f 1095/25/1 1102/26/1 1114/27/1 1113/28/1
f 1084/157/5 1095/158/5 1113/159/5 1112/160/5
f 1117/283/4 1116/284/4 1119/285/4 1118/286/4
f 1114/125/1 1110/126/1 1118/127/1 1119/128/1
f 1109/125/3 1108/126/3 1116/127/3 1117/128/3
f 1108/157/5 1114/158/5 1119/159/5 1116/160/5
f 1120/403/1 1121/404/1 1123/405/1 1122/406/1
f 1122/403/2 1123/404/2 1127/405/2 1126/406/2
f 1126/403/3 1127/404/3 1125/405/3 1124/406/3
f 1124/403/4 1125/404/4 1121/405/4 1120/406/4
f 1127/407/5 1123/408/5 1121/409/5 1125/410/5
f 1128/237/1 1129/238/1 1131/239/1 1130/240/1
f 1130/411/2 1131/412/2 1135/413/2 1134/414/2
f 1134/237/3 1135/238/3 1133/239/3 1132/240/3
f 1132/411/4 1133/412/4 1129/413/4 1128/414/4
f 1135/415/5 1131/416/5 1129/417/5 1133/418/5
f 1136/29/1 1137/30/1 1139/31/1 1138/32/1
f 1138/29/2 1139/30/2 1143/31/2 1142/32/2
f 1142/29/3 1143/30/3 1141/31/3 1140/32/3
f 1140/29/4 1141/30/4 1137/31/4 1136/32/4
f 1143/17/5 1139/18/5 1137/19/5 1141/20/5
f 1144/419/1 1145/420/1 1147/421/1 1146/422/1
f 1146/423/2 1147/424/2 1151/425/2 1150/426/2
f 1150/419/3 1151/420/3 1149/421/3 1148/422/3
f 1148/423/4 1149/424/4 1145/425/4 1144/426/4
f 1151/427/5 1147/428/5 1145/429/5 1149/430/5
f 1160/431/1 1161/432/1 1155/433/1 1154/434/1
f 1154/435/2 1155/436/2 1159/437/2 1158/438/2
f 1162/431/3 1163/432/3 1157/433/3 1156/434/3
f 1156/435/4 1157/436/4 1153/437/4 1152/438/4
f 1163/439/2 1161/440/2 1171/441/2 1168/442/2
f 1159/443/5 1155/444/5 1161/445/5 1163/446/5
f 1158/447/2 1159/448/2 1164/449/2 1165/450/2
f 1152/431/1 1153/432/1 1161/433/1 1160/434/1
f 1165/431/3 1164/432/3 1167/433/3 1166/434/3
f 1159/451/5 1163/452/5 1167/453/5 1164/454/5
f 1163/447/4 1162/448/4 1166/449/4 1167/450/4
f 1168/443/5 1171/444/5 1170/445/5 1169/446/5
f 1157/451/3 1163/452/3 1168/453/3 1169/454/3
f 1161/451/1 1153/452/1 1170/453/1 1171/454/1
f 1153/439/4 1157/440/4 1169/441/4 1170/442/4
f 1172/237/1 1173/238/1 1175/239/1 1174/240/1
f 1174/455/2 1175/456/2 1179/457/2 1178/458/2
f 1178/237/3 1179/238/3 1177/239/3 1176/240/3
f 1176/455/4 1177/456/4 1173/457/4 1172/458/4
f 1179/459/5 1175/460/5 1173/461/5 1177/462/5
f 1180/463/1 1181/464/1 1183/465/1 1182/466/1
f 1182/463/2 1183/464/2 1187/465/2 1186/466/2
f 1186/463/3 1187/464/3 1185/465/3 1184/466/3
f 1184/463/4 1185/464/4 1181/465/4 1180/466/4
f 1187/241/5 1183/242/5 1181/243/5 1185/244/5
f 1188/467/1 1189/468/1 1191/469/1 1190/470/1
f 1190/471/2 1191/472/2 1195/473/2 1194/474/2
f 1194/467/3 1195/468/3 1193/469/3 1192/470/3
f 1192/471/4 1193/472/4 1189/473/4 1188/474/4
f 1195/475/5 1191/476/5 1189/477/5 1193/478/5
f 1196/237/1 1197/238/1 1199/239/1 1198/240/1
f 1198/237/2 1199/238/2 1203/239/2 1202/240/2
f 1202/237/3 1203/238/3 1201/239/3 1200/240/3
f 1200/237/4 1201/238/4 1197/239/4 1196/240/4
f 1203/241/5 1199/242/5 1197/243/5 1201/244/5
f 1204/217/1 1205/218/1 1207/219/1 1206/220/1
f 1206/217/2 1207/218/2 1211/219/2 1210/220/2
f 1210/217/3 1211/218/3 1209/219/3 1208/220/3
f 1208/217/4 1209/218/4 1205/219/4 1204/220/4
f 1211/479/5 1207/480/5 1205/481/5 1209/482/5
f 1212/351/1 1213/352/1 1215/353/1 1214/354/1
f 1214/351/2 1215/352/2 1219/353/2 1218/354/2
f 1218/351/3 1219/352/3 1217/353/3 1216/354/3
f 1216/351/4 1217/352/4 1213/353/4 1212/354/4
f 1219/355/5 1215/356/5 1213/357/5 1217/358/5
f 1220/483/1 1221/484/1 1223/485/1 1222/486/1
f 1222/463/2 1223/464/2 1227/465/2 1226/466/2
f 1226/483/3 1227/484/3 1225/485/3 1224/486/3
f 1224/463/4 1225/464/4 1221/465/4 1220/466/4
f 1227/487/5 1223/488/5 1221/489/5 1225/490/5
f 1228/491/1 1229/492/1 1231/493/1 1230/494/1
f 1230/495/2 1231/496/2 1235/497/2 1234/498/2
f 1234/491/3 1235/492/3 1233/493/3 1232/494/3
f 1232/495/4 1233/496/4 1229/497/4 1228/498/4
f 1235/499/5 1231/500/5 1229/501/5 1233/502/5
f 1244/471/2 1245/472/2 1239/473/2 1238/474/2
f 1238/471/3 1239/472/3 1243/473/3 1242/474/3
f 1246/471/4 1247/472/4 1241/473/4 1240/474/4
f 1240/471/1 1241/472/1 1237/473/1 1236/474/1
f 1247/503/3 1245/504/3 1251/505/3 1248/506/3
f 1243/479/5 1239/480/5 1245/481/5 1247/482/5
f 1242/471/4 1243/472/4 1247/473/4 1246/474/4
f 1236/471/2 1237/472/2 1245/473/2 1244/474/2
f 1248/479/5 1251/480/5 1250/481/5 1249/482/5
f 1241/503/4 1247/504/4 1248/505/4 1249/506/4
f 1245/503/2 1237/504/2 1250/505/2 1251/506/2
f 1237/503/1 1241/504/1 1249/505/1 1250/506/1
f 1260/507/2 1263/508/2 1255/509/2 1254/510/2
f 1276/335/3 1277/336/3 1259/337/3 1258/338/3
f 1278/335/1 1279/336/1 1253/337/1 1252/338/1
f 1281/511/5 1262/512/5 1253/513/5 1279/514/5
f 1263/33/1 1280/34/1 1285/35/1 1282/36/1
f 1280/511/5 1263/512/5 1262/513/5 1281/514/5
f 1258/515/3 1259/516/3 1268/517/3 1269/518/3
f 1265/507/4 1266/508/4 1267/509/4 1264/510/4
f 1252/507/2 1253/508/2 1262/509/2 1261/510/2
f 1261/507/2 1262/508/2 1263/509/2 1260/510/2
f 1269/507/4 1268/508/4 1271/509/4 1270/510/4
f 1266/515/1 1265/516/1 1270/517/1 1271/518/1
f 1259/519/5 1266/520/5 1271/521/5 1268/522/5
f 1275/507/4 1272/508/4 1273/509/4 1274/510/4
f 1264/523/3 1267/524/3 1272/525/3 1275/526/3
f 1267/527/5 1257/528/5 1273/529/5 1272/530/5
f 1257/523/1 1256/524/1 1274/525/1 1273/526/1
f 1266/511/5 1280/512/5 1281/513/5 1267/514/5
f 1259/511/5 1277/512/5 1280/513/5 1266/514/5
f 1257/531/4 1267/532/4 1286/533/4 1287/534/4
f 1256/335/1 1257/336/1 1279/337/1 1278/338/1
f 1254/335/3 1255/336/3 1277/337/3 1276/338/3
f 1284/511/5 1283/512/5 1282/513/5 1285/514/5
f 1255/535/2 1263/536/2 1282/537/2 1283/538/2
f 1280/535/4 1277/536/4 1284/537/4 1285/538/4
f 1277/33/3 1255/34/3 1283/35/3 1284/36/3
f 1286/511/5 1288/512/5 1289/513/5 1287/514/5
f 1279/53/1 1257/54/1 1287/55/1 1289/56/1
f 1281/531/2 1279/532/2 1289/533/2 1288/534/2
f 1267/53/3 1281/54/3 1288/55/3 1286/56/3
f 1290/539/1 1291/540/1 1293/541/1 1292/542/1
f 1292/543/2 1293/544/2 1297/545/2 1296/546/2
f 1296/539/3 1297/540/3 1295/541/3 1294/542/3
f 1294/543/4 1295/544/4 1291/545/4 1290/546/4
f 1297/547/5 1293/548/5 1291/549/5 1295/550/5
f 1298/551/1 1299/552/1 1301/553/1 1300/554/1
f 1300/555/2 1301/556/2 1305/557/2 1304/558/2
f 1304/551/3 1305/552/3 1303/553/3 1302/554/3
f 1302/555/4 1303/556/4 1299/557/4 1298/558/4
f 1305/559/5 1301/560/5 1299/561/5 1303/562/5
f 1306/563/1 1307/564/1 1309/565/1 1308/566/1
f 1308/563/2 1309/564/2 1313/565/2 1312/566/2
f 1312/563/3 1313/564/3 1311/565/3 1310/566/3
f 1310/563/4 1311/564/4 1307/565/4 1306/566/4
f 1313/241/5 1309/242/5 1307/243/5 1311/244/5
f 1314/567/1 1315/568/1 1317/569/1 1316/570/1
f 1316/567/2 1317/568/2 1321/569/2 1320/570/2
f 1320/567/3 1321/568/3 1319/569/3 1318/570/3
f 1318/567/4 1319/568/4 1315/569/4 1314/570/4
f 1321/17/5 1317/18/5 1315/19/5 1319/20/5
f 1322/153/1 1323/154/1 1325/155/1 1324/156/1
f 1324/571/2 1325/572/2 1329/573/2 1328/574/2
f 1328/153/3 1329/154/3 1327/155/3 1326/156/3
f 1326/571/4 1327/572/4 1323/573/4 1322/574/4
f 1329/575/5 1325/576/5 1323/577/5 1327/578/5
f 1330/359/1 1331/360/1 1333/361/1 1332/362/1
f 1332/359/2 1333/360/2 1337/361/2 1336/362/2
f 1336/359/3 1337/360/3 1335/361/3 1334/362/3
f 1334/359/4 1335/360/4 1331/361/4 1330/362/4
f 1337/145/5 1333/146/5 1331/147/5 1335/148/5
f 1347/149/5 1341/150/5 1351/151/5 1350/152/5
f 1340/185/2 1341/186/2 1345/187/2 1344/188/2
f 1348/283/3 1349/284/3 1343/285/3 1342/286/3
f 1342/185/4 1343/186/4 1339/187/4 1338/188/4
f 1349/579/5 1347/580/5 1339/581/5 1343/582/5
f 1345/579/5 1341/580/5 1347/581/5 1349/582/5
f 1344/283/3 1345/284/3 1349/285/3 1348/286/3
f 1338/283/1 1339/284/1 1347/285/1 1346/286/1
f 1353/283/1 1350/284/1 1351/285/1 1352/286/1
f 1341/121/2 1340/122/2 1352/123/2 1351/124/2
f 1346/121/4 1347/122/4 1350/123/4 1353/124/4
f 1354/359/1 1355/360/1 1357/361/1 1356/362/1
f 1356/359/2 1357/360/2 1361/361/2 1360/362/2
f 1360/359/3 1361/360/3 1359/361/3 1358/362/3
f 1358/359/4 1359/360/4 1355/361/4 1354/362/4
f 1361/145/5 1357/146/5 1355/147/5 1359/148/5
f 1375/503/5 1365/504/5 1388/505/5 1387/506/5
f 1370/583/2 1371/584/2 1369/585/2 1368/586/2
f 1376/583/3 1377/584/3 1367/585/3 1366/586/3
f 1373/503/5 1363/504/5 1384/505/5 1385/506/5
f 1378/479/5 1375/480/5 1363/481/5 1373/482/5
f 1377/479/5 1378/480/5 1373/481/5 1367/482/5
f 1366/583/4 1367/584/4 1373/585/4 1372/586/4
f 1364/583/2 1365/584/2 1371/585/2 1370/586/2
f 1371/503/1 1378/504/1 1382/505/1 1379/506/1
f 1371/479/5 1365/480/5 1375/481/5 1378/482/5
f 1368/583/3 1369/584/3 1377/585/3 1376/586/3
f 1362/583/1 1363/584/1 1375/585/1 1374/586/1
f 1380/479/5 1379/480/5 1382/481/5 1381/482/5
f 1369/503/2 1371/504/2 1379/505/2 1380/506/2
f 1378/503/4 1377/504/4 1381/505/4 1382/506/4
f 1377/503/3 1369/504/3 1380/505/3 1381/506/3
f 1386/583/4 1385/584/4 1384/585/4 1383/586/4
f 1372/587/3 1373/588/3 1385/589/3 1386/590/3
f 1363/587/1 1362/588/1 1383/589/1 1384/590/1
f 1390/583/1 1387/584/1 1388/585/1 1389/586/1
f 1374/587/4 1375/588/4 1387/589/4 1390/590/4
f 1365/587/2 1364/588/2 1389/589/2 1388/590/2
f 1391/591/2 1392/592/2 1394/593/2 1393/594/2
f 1393/471/3 1394/472/3 1398/473/3 1397/474/3
f 1397/591/4 1398/592/4 1396/593/4 1395/594/4
f 1395/471/1 1396/472/1 1392/473/1 1391/474/1
f 1398/595/5 1394/596/5 1392/597/5 1396/598/5
f 1399/237/1 1400/238/1 1402/239/1 1401/240/1
f 1401/237/2 1402/238/2 1406/239/2 1405/240/2
f 1405/237/3 1406/238/3 1404/239/3 1403/240/3
f 1403/237/4 1404/238/4 1400/239/4 1399/240/4
f 1406/241/5 1402/242/5 1400/243/5 1404/244/5
f 1407/411/1 1408/412/1 1410/413/1 1409/414/1
f 1409/237/2 1410/238/2 1414/239/2 1413/240/2
f 1413/411/3 1414/412/3 1412/413/3 1411/414/3
f 1411/237/4 1412/238/4 1408/239/4 1407/240/4
f 1414/599/5 1410/600/5 1408/601/5 1412/602/5
f 1415/153/1 1416/154/1 1418/155/1 1417/156/1
f 1417/153/2 1418/154/2 1422/155/2 1421/156/2
f 1421/153/3 1422/154/3 1420/155/3 1419/156/3
f 1419/153/4 1420/154/4 1416/155/4 1415/156/4
f 1422/145/5 1418/146/5 1416/147/5 1420/148/5
f 1423/603/2 1424/604/2 1426/605/2 1425/606/2
f 1425/607/3 1426/608/3 1430/609/3 1429/610/3
f 1429/603/4 1430/604/4 1428/605/4 1427/606/4
f 1427/607/1 1428/608/1 1424/609/1 1423/610/1
f 1430/327/5 1426/328/5 1424/329/5 1428/330/5
f 1431/551/1 1432/552/1 1434/553/1 1433/554/1
f 1433/551/2 1434/552/2 1438/553/2 1437/554/2
f 1437/551/3 1438/552/3 1436/553/3 1435/554/3
f 1435/551/4 1436/552/4 1432/553/4 1431/554/4
f 1438/241/5 1434/242/5 1432/243/5 1436/244/5
f 1439/611/1 1440/612/1 1442/613/1 1441/614/1
f 1441/615/2 1442/616/2 1446/617/2 1445/618/2
f 1445/611/3 1446/612/3 1444/613/3 1443/614/3
f 1443/615/4 1444/616/4 1440/617/4 1439/618/4
f 1446/619/5 1442/620/5 1440/621/5 1444/622/5
f 1447/623/1 1448/624/1 1450/625/1 1449/626/1
f 1449/551/2 1450/552/2 1454/553/2 1453/554/2
f 1453/623/3 1454/624/3 1452/625/3 1451/626/3
f 1451/551/4 1452/552/4 1448/553/4 1447/554/4
f 1454/627/5 1450/628/5 1448/629/5 1452/630/5
f 1455/631/1 1456/632/1 1458/633/1 1457/634/1
f 1457/631/2 1458/632/2 1462/633/2 1461/634/2
f 1461/631/3 1462/632/3 1460/633/3 1459/634/3
f 1459/631/4 1460/632/4 1456/633/4 1455/634/4
f 1462/635/5 1458/636/5 1456/637/5 1460/638/5
f 1463/639/1 1464/640/1 1466/641/1 1465/642/1
f 1465/639/2 1466/640/2 1470/641/2 1469/642/2
f 1469/639/3 1470/640/3 1468/641/3 1467/642/3
f 1467/639/4 1468/640/4 1464/641/4 1463/642/4
f 1470/643/11 1466/644/11 1464/645/11 1468/646/11
f 1471/603/2 1472/604/2 1474/605/2 1473/606/2
f 1473/607/3 1474/608/3 1478/609/3 1477/610/3
f 1477/603/4 1478/604/4 1476/605/4 1475/606/4
f 1475/607/1 1476/608/1 1472/609/1 1471/610/1
f 1478/327/5 1474/328/5 1472/329/5 1476/330/5
f 1479/319/1 1480/320/1 1482/321/1 1481/322/1
f 1481/647/2 1482/648/2 1486/649/2 1485/650/2
f 1485/319/3 1486/320/3 1484/321/3 1483/322/3
f 1483/647/4 1484/648/4 1480/649/4 1479/650/4
f 1486/651/5 1482/652/5 1480/653/5 1484/654/5
f 1487/237/1 1488/238/1 1490/239/1 1489/240/1
f 1489/237/2 1490/238/2 1494/239/2 1493/240/2
f 1493/237/3 1494/238/3 1492/239/3 1491/240/3
f 1491/237/4 1492/238/4 1488/239/4 1487/240/4
f 1494/241/5 1490/242/5 1488/243/5 1492/244/5
f 1495/655/2 1496/656/2 1498/657/2 1497/658/2
f 1497/659/3 1498/660/3 1502/661/3 1501/662/3
f 1501/655/4 1502/656/4 1500/657/4 1499/658/4
f 1499/659/1 1500/660/1 1496/661/1 1495/662/1
f 1502/663/5 1498/664/5 1496/665/5 1500/666/5
f 1503/655/2 1504/656/2 1506/657/2 1505/658/2
f 1505/659/3 1506/660/3 1510/661/3 1509/662/3
f 1509/655/4 1510/656/4 1508/657/4 1507/658/4
f 1507/659/1 1508/660/1 1504/661/1 1503/662/1
f 1510/663/5 1506/664/5 1504/665/5 1508/666/5
f 1511/667/1 1512/668/1 1514/669/1 1513/670/1
f 1513/667/2 1514/668/2 1518/669/2 1517/670/2
f 1517/667/3 1518/668/3 1516/669/3 1515/670/3
f 1515/667/4 1516/668/4 1512/669/4 1511/670/4
f 1518/635/5 1514/636/5 1512/637/5 1516/638/5
f 1519/671/1 1520/672/1 1522/673/1 1521/674/1
f 1521/671/2 1522/672/2 1526/673/2 1525/674/2
f 1525/671/3 1526/672/3 1524/673/3 1523/674/3
f 1523/671/4 1524/672/4 1520/673/4 1519/674/4
f 1526/635/5 1522/636/5 1520/637/5 1524/638/5
f 1527/675/1 1528/676/1 1530/677/1 1529/678/1
f 1529/675/2 1530/676/2 1534/677/2 1533/678/2
f 1533/675/3 1534/676/3 1532/677/3 1531/678/3
f 1531/675/4 1532/676/4 1528/677/4 1527/678/4
f 1534/679/5 1530/680/5 1528/681/5 1532/682/5
f 1535/683/1 1536/684/1 1538/685/1 1537/686/1
f 1537/683/2 1538/684/2 1542/685/2 1541/686/2
f 1541/683/3 1542/684/3 1540/685/3 1539/686/3
f 1539/683/4 1540/684/4 1536/685/4 1535/686/4
f 1542/407/5 1538/408/5 1536/409/5 1540/410/5
f 1543/687/1 1544/688/1 1546/689/1 1545/690/1
f 1545/687/2 1546/688/2 1550/689/2 1549/690/2
f 1549/687/3 1550/688/3 1548/689/3 1547/690/3
f 1547/687/4 1548/688/4 1544/689/4 1543/690/4
f 1550/679/5 1546/680/5 1544/681/5 1548/682/5
f 1551/691/1 1552/692/1 1554/693/1 1553/694/1
f 1553/691/2 1554/692/2 1558/693/2 1557/694/2
f 1557/691/3 1558/692/3 1556/693/3 1555/694/3
f 1555/691/4 1556/692/4 1552/693/4 1551/694/4
f 1558/635/5 1554/636/5 1552/637/5 1556/638/5
f 1559/695/1 1560/696/1 1562/697/1 1561/698/1
f 1561/699/2 1562/700/2 1566/701/2 1565/702/2
f 1565/695/3 1566/696/3 1564/697/3 1563/698/3
f 1563/699/4 1564/700/4 1560/701/4 1559/702/4
f 1566/703/5 1562/704/5 1560/705/5 1564/706/5
f 1567/707/2 1568/708/2 1570/709/2 1569/710/2
f 1569/711/3 1570/712/3 1574/713/3 1573/714/3
f 1573/707/4 1574/708/4 1572/709/4 1571/710/4
f 1571/711/1 1572/712/1 1568/713/1 1567/714/1
f 1574/715/5 1570/716/5 1568/717/5 1572/718/5
f 1575/719/1 1576/720/1 1578/721/1 1577/722/1
f 1577/719/2 1578/720/2 1582/721/2 1581/722/2
f 1581/719/3 1582/720/3 1580/721/3 1579/722/3
f 1579/719/4 1580/720/4 1576/721/4 1575/722/4
f 1582/17/5 1578/18/5 1576/19/5 1580/20/5
f 1583/719/1 1584/720/1 1586/721/1 1585/722/1
f 1585/719/2 1586/720/2 1590/721/2 1589/722/2
f 1589/719/3 1590/720/3 1588/721/3 1587/722/3
f 1587/719/4 1588/720/4 1584/721/4 1583/722/4
f 1590/17/5 1586/18/5 1584/19/5 1588/20/5
f 1591/29/1 1592/30/1 1594/31/1 1593/32/1
f 1593/29/2 1594/30/2 1598/31/2 1597/32/2
f 1597/29/3 1598/30/3 1596/31/3 1595/32/3
f 1595/29/4 1596/30/4 1592/31/4 1591/32/4
f 1598/17/5 1594/18/5 1592/19/5 1596/20/5
f 1599/723/2 1600/724/2 1602/725/2 1601/726/2
f 1601/727/3 1602/728/3 1606/729/3 1605/730/3
f 1605/723/4 1606/724/4 1604/725/4 1603/726/4
f 1603/727/1 1604/728/1 1600/729/1 1599/730/1
f 1606/731/5 1602/732/5 1600/733/5 1604/734/5
f 1607/735/1 1608/736/1 1610/737/1 1609/738/1
f 1609/735/2 1610/736/2 1614/737/2 1613/738/2
f 1613/735/3 1614/736/3 1612/737/3 1611/738/3
f 1611/735/4 1612/736/4 1608/737/4 1607/738/4
f 1614/355/5 1610/356/5 1608/357/5 1612/358/5
f 1615/359/1 1616/360/1 1618/361/1 1617/362/1
f 1617/359/2 1618/360/2 1622/361/2 1621/362/2
f 1621/359/3 1622/360/3 1620/361/3 1619/362/3
f 1619/359/4 1620/360/4 1616/361/4 1615/362/4
f 1622/145/5 1618/146/5 1616/147/5 1620/148/5
f 1623/739/1 1624/740/1 1626/741/1 1625/742/1
f 1625/739/2 1626/740/2 1630/741/2 1629/742/2
f 1629/739/3 1630/740/3 1628/741/3 1627/742/3
f 1627/739/4 1628/740/4 1624/741/4 1623/742/4
f 1630/241/5 1626/242/5 1624/243/5 1628/244/5
f 1631/675/2 1632/676/2 1634/677/2 1633/678/2
f 1633/743/3 1634/744/3 1638/745/3 1637/746/3
f 1637/675/4 1638/676/4 1636/677/4 1635/678/4
f 1635/743/1 1636/744/1 1632/745/1 1631/746/1
f 1638/595/5 1634/596/5 1632/597/5 1636/598/5
f 1639/747/1 1640/748/1 1642/749/1 1641/750/1
f 1641/747/2 1642/748/2 1646/749/2 1645/750/2
f 1645/747/3 1646/748/3 1644/749/3 1643/750/3
f 1643/747/4 1644/748/4 1640/749/4 1639/750/4
f 1646/241/5 1642/242/5 1640/243/5 1644/244/5
f 1647/411/1 1648/412/1 1650/413/1 1649/414/1
f 1649/411/2 1650/412/2 1654/413/2 1653/414/2
f 1653/411/3 1654/412/3 1652/413/3 1651/414/3
f 1651/411/4 1652/412/4 1648/413/4 1647/414/4
f 1654/355/5 1650/356/5 1648/357/5 1652/358/5
f 1655/359/1 1656/360/1 1658/361/1 1657/362/1
f 1657/359/2 1658/360/2 1662/361/2 1661/362/2
f 1661/359/3 1662/360/3 1660/361/3 1659/362/3
f 1659/359/4 1660/360/4 1656/361/4 1655/362/4
f 1662/145/5 1658/146/5 1656/147/5 1660/148/5
f 1663/751/1 1664/752/1 1666/753/1 1665/754/1
f 1665/751/2 1666/752/2 1670/753/2 1669/754/2
f 1669/751/3 1670/752/3 1668/753/3 1667/754/3
f 1667/751/4 1668/752/4 1664/753/4 1663/754/4
f 1670/407/5 1666/408/5 1664/409/5 1668/410/5
f 1671/563/1 1672/564/1 1674/565/1 1673/566/1
f 1673/563/2 1674/564/2 1678/565/2 1677/566/2
f 1677/563/3 1678/564/3 1676/565/3 1675/566/3
f 1675/563/4 1676/564/4 1672/565/4 1671/566/4
f 1678/241/5 1674/242/5 1672/243/5 1676/244/5
f 1679/755/2 1680/756/2 1682/757/2 1681/758/2
f 1681/759/3 1682/760/3 1686/761/3 1685/762/3
f 1685/755/4 1686/756/4 1684/757/4 1683/758/4
f 1683/759/1 1684/760/1 1680/761/1 1679/762/1
f 1686/595/5 1682/596/5 1680/597/5 1684/598/5
f 1687/763/2 1688/764/2 1690/765/2 1689/766/2
f 1689/763/3 1690/764/3 1694/765/3 1693/766/3
f 1693/763/4 1694/764/4 1692/765/4 1691/766/4
f 1691/763/1 1692/764/1 1688/765/1 1687/766/1
f 1694/355/5 1690/356/5 1688/357/5 1692/358/5
f 1695/743/2 1696/744/2 1698/745/2 1697/746/2
f 1701/743/4 1702/744/4 1700/745/4 1699/746/4
f 1699/743/1 1700/744/1 1696/745/1 1695/746/1
f 1702/479/5 1698/480/5 1696/481/5 1700/482/5
f 1697/743/12 1698/744/12 1702/745/12 1701/746/12 1699/743/12 1695/744/12
f 1703/611/2 1704/612/2 1706/613/2 1705/614/2
f 1705/611/3 1706/612/3 1710/613/3 1709/614/3
f 1709/611/4 1710/612/4 1708/613/4 1707/614/4
f 1707/611/1 1708/612/1 1704/613/1 1703/614/1
f 1710/241/5 1706/242/5 1704/243/5 1708/244/5
f 1711/767/3 1712/768/3 1714/769/3 1713/770/3
f 1713/771/4 1714/772/4 1718/773/4 1717/774/4
f 1717/775/1 1718/776/1 1716/777/1 1715/778/1
f 1715/779/2 1716/780/2 1712/781/2 1711/782/2
f 1718/767/13 1714/768/13 1712/769/13 1716/770/13
f 1719/611/1 1720/612/1 1722/613/1 1721/614/1
f 1721/611/2 1722/612/2 1726/613/2 1725/614/2
f 1725/611/3 1726/612/3 1724/613/3 1723/614/3
f 1723/611/4 1724/612/4 1720/613/4 1719/614/4
f 1726/241/5 1722/242/5 1720/243/5 1724/244/5
f 1727/783/1 1728/784/1 1730/785/1 1729/786/1
f 1729/783/2 1730/784/2 1734/785/2 1733/786/2
f 1733/783/3 1734/784/3 1732/785/3 1731/786/3
f 1731/783/4 1732/784/4 1728/785/4 1727/786/4
f 1734/17/5 1730/18/5 1728/19/5 1732/20/5
f 1735/419/1 1736/420/1 1738/421/1 1737/422/1
f 1737/419/2 1738/420/2 1742/421/2 1741/422/2
f 1741/419/3 1742/420/3 1740/421/3 1739/422/3
f 1739/419/4 1740/420/4 1736/421/4 1735/422/4
f 1742/679/5 1738/680/5 1736/681/5 1740/682/5
f 1743/787/1 1744/788/1 1746/789/1 1745/790/1
f 1745/791/2 1746/792/2 1750/793/2 1749/794/2
f 1749/795/3 1750/796/3 1748/797/3 1747/798/3
f 1747/799/4 1748/800/4 1744/801/4 1743/802/4
f 1750/803/14 1746/804/14 1744/805/14 1748/806/14
f 1751/807/1 1752/808/1 1754/809/1 1753/810/1
f 1753/675/2 1754/676/2 1758/677/2 1757/678/2
f 1757/807/3 1758/808/3 1756/809/3 1755/810/3
f 1755/675/4 1756/676/4 1752/677/4 1751/678/4
f 1758/619/5 1754/620/5 1752/621/5 1756/622/5
f 1759/811/1 1760/812/1 1762/813/1 1761/814/1
f 1761/811/2 1762/812/2 1766/813/2 1765/814/2
f 1765/811/3 1766/812/3 1764/813/3 1763/814/3
f 1766/815/5 1762/816/5 1760/817/5 1764/818/5
f 1763/811/15 1764/812/15 1760/813/15 1759/814/15 1761/811/15 1765/812/15
f 1767/819/1 1768/820/1 1770/821/1 1769/822/1
f 1769/755/2 1770/756/2 1774/757/2 1773/758/2
f 1773/819/3 1774/820/3 1772/821/3 1771/822/3
f 1771/755/4 1772/756/4 1768/757/4 1767/758/4
f 1774/619/5 1770/620/5 1768/621/5 1772/622/5
f 1768/755/16 1767/756/16 1771/757/16 1773/758/16 1769/755/16
f 1775/823/1 1776/824/1 1778/825/1 1777/826/1
f 1777/827/2 1778/828/2 1782/829/2 1781/830/2
f 1781/823/3 1782/824/3 1780/825/3 1779/826/3
f 1779/827/4 1780/828/4 1776/829/4 1775/830/4
f 1782/627/5 1778/628/5 1776/629/5 1780/630/5
f 1783/831/1 1784/832/1 1786/833/1 1785/834/1
f 1785/831/2 1786/832/2 1790/833/2 1789/834/2
f 1789/831/3 1790/832/3 1788/833/3 1787/834/3
f 1787/831/4 1788/832/4 1784/833/4 1783/834/4
f 1790/679/5 1786/680/5 1784/681/5 1788/682/5
f 1791/807/1 1792/808/1 1794/809/1 1793/810/1
f 1793/807/2 1794/808/2 1798/809/2 1797/810/2
f 1797/807/3 1798/808/3 1796/809/3 1795/810/3
f 1795/807/4 1796/808/4 1792/809/4 1791/810/4
f 1798/241/5 1794/242/5 1792/243/5 1796/244/5
f 1799/491/1 1800/492/1 1802/493/1 1801/494/1
f 1801/491/2 1802/492/2 1806/493/2 1805/494/2
f 1805/491/3 1806/492/3 1804/493/3 1803/494/3
f 1803/491/4 1804/492/4 1800/493/4 1799/494/4
f 1806/355/5 1802/356/5 1800/357/5 1804/358/5
f 1807/359/1 1808/360/1 1810/361/1 1809/362/1
f 1809/359/2 1810/360/2 1814/361/2 1813/362/2
f 1813/359/3 1814/360/3 1812/361/3 1811/362/3
f 1811/359/4 1812/360/4 1808/361/4 1807/362/4
f 1814/145/5 1810/146/5 1808/147/5 1812/148/5
f 1815/835/1 1816/836/1 1818/837/1 1817/838/1
f 1817/839/2 1818/840/2 1822/841/2 1821/842/2
f 1821/835/3 1822/836/3 1820/837/3 1819/838/3
f 1819/839/4 1820/840/4 1816/841/4 1815/842/4
f 1822/843/5 1818/844/5 1816/845/5 1820/846/5
f 1823/591/2 1824/592/2 1826/593/2 1825/594/2
f 1825/471/3 1826/472/3 1830/473/3 1829/474/3
f 1829/591/4 1830/592/4 1828/593/4 1827/594/4
f 1827/471/1 1828/472/1 1824/473/1 1823/474/1
f 1830/595/5 1826/596/5 1824/597/5 1828/598/5
f 1831/763/1 1832/764/1 1834/765/1 1833/766/1
f 1833/847/2 1834/848/2 1838/849/2 1837/850/2
f 1837/763/3 1838/764/3 1836/765/3 1835/766/3
f 1835/847/4 1836/848/4 1832/849/4 1831/850/4
f 1838/851/5 1834/852/5 1832/853/5 1836/854/5
f 1839/855/1 1840/856/1 1842/857/1 1841/858/1
f 1841/859/2 1842/860/2 1846/861/2 1845/862/2
f 1845/855/3 1846/856/3 1844/857/3 1843/858/3
f 1846/619/5 1842/620/5 1840/621/5 1844/622/5
f 1843/859/17 1844/860/17 1840/861/17 1839/862/17 1841/859/17 1845/860/17
f 1847/863/4 1848/864/4 1850/865/4 1849/866/4
f 1849/867/1 1850/868/1 1854/869/1 1853/870/1
f 1853/863/2 1854/864/2 1852/865/2 1851/866/2
f 1851/867/3 1852/868/3 1848/869/3 1847/870/3
f 1854/487/5 1850/488/5 1848/489/5 1852/490/5
f 1854/863/18 1849/864/18 1847/865/18 1851/866/18 1853/863/18
f 1855/871/4 1856/872/4 1858/873/4 1857/874/4
f 1857/875/1 1858/876/1 1862/877/1 1861/878/1
f 1861/871/2 1862/872/2 1860/873/2 1859/874/2
f 1859/875/3 1860/876/3 1856/877/3 1855/878/3
f 1862/499/5 1858/500/5 1856/501/5 1860/502/5
f 1863/879/4 1864/880/4 1866/881/4 1865/882/4
f 1865/883/1 1866/884/1 1870/885/1 1869/886/1
f 1869/879/2 1870/880/2 1868/881/2 1867/882/2
f 1867/883/3 1868/884/3 1864/885/3 1863/886/3
f 1870/547/5 1866/548/5 1864/549/5 1868/550/5
f 1871/887/3 1872/888/3 1874/889/3 1873/890/3
f 1873/891/4 1874/892/4 1878/893/4 1877/894/4
f 1875/891/2 1876/892/2 1872/893/2 1871/894/2
f 1878/895/5 1874/896/5 1872/897/5 1876/898/5
f 1877/887/19 1878/888/19 1876/889/19 1875/890/19 1871/887/19 1873/888/19
f 1879/899/3 1880/900/3 1882/901/3 1881/902/3
f 1881/903/4 1882/904/4 1886/905/4 1885/906/4
f 1883/903/2 1884/904/2 1880/905/2 1879/906/2
f 1886/907/5 1882/908/5 1880/909/5 1884/910/5
f 1885/899/20 1886/900/20 1884/901/20 1883/902/20 1879/899/20 1881/900/20
f 1887/911/3 1888/912/3 1890/913/3 1889/914/3
f 1889/911/4 1890/912/4 1894/913/4 1893/914/4
f 1891/911/2 1892/912/2 1888/913/2 1887/914/2
f 1894/915/5 1890/916/5 1888/917/5 1892/918/5
f 1893/911/21 1894/912/21 1892/913/21 1891/914/21 1887/911/21 1889/912/21
f 1895/919/3 1896/920/3 1898/921/3 1897/922/3
f 1897/919/4 1898/920/4 1902/921/4 1901/922/4
f 1901/919/1 1902/920/1 1900/921/1 1899/922/1
f 1899/919/2 1900/920/2 1896/921/2 1895/922/2
f 1902/479/5 1898/480/5 1896/481/5 1900/482/5
f 1903/763/3 1904/764/3 1906/765/3 1905/766/3
f 1905/763/4 1906/764/4 1910/765/4 1909/766/4
f 1909/763/1 1910/764/1 1908/765/1 1907/766/1
f 1907/763/2 1908/764/2 1904/765/2 1903/766/2
f 1910/355/5 1906/356/5 1904/357/5 1908/358/5
f 1911/923/3 1912/924/3 1914/925/3 1913/926/3
f 1913/923/4 1914/924/4 1918/925/4 1917/926/4
f 1915/923/2 1916/924/2 1912/925/2 1911/926/2
f 1918/679/5 1914/680/5 1912/681/5 1916/682/5
f 1917/923/22 1918/924/22 1916/925/22 1915/926/22 1911/923/22 1913/924/22
f 1919/603/4 1920/604/4 1922/605/4 1921/606/4
f 1921/607/1 1922/608/1 1926/609/1 1925/610/1
f 1925/603/2 1926/604/2 1924/605/2 1923/606/2
f 1923/607/3 1924/608/3 1920/609/3 1919/610/3
f 1926/327/5 1922/328/5 1920/329/5 1924/330/5
f 1927/927/3 1928/928/3 1930/929/3 1929/930/3
f 1929/927/4 1930/928/4 1934/929/4 1933/930/4
f 1933/927/1 1934/928/1 1932/929/1 1931/930/1
f 1931/927/2 1932/928/2 1928/929/2 1927/930/2
f 1934/17/5 1930/18/5 1928/19/5 1932/20/5
f 1943/295/3 1946/296/3 1938/297/3 1937/298/3
f 1951/747/4 1952/748/4 1942/749/4 1941/750/4
f 1947/295/1 1950/296/1 1940/297/1 1939/298/1
f 1953/747/2 1954/748/2 1936/749/2 1935/750/2
f 1936/931/2 1954/932/2 1965/933/2 1966/934/2
f 1952/935/5 1938/936/5 1946/937/5 1955/938/5
f 1946/53/3 1945/54/3 1967/55/3 1968/56/3
f 1941/307/4 1942/308/4 1957/309/4 1958/310/4
f 1948/295/1 1949/296/1 1950/297/1 1947/298/1
f 1935/295/3 1936/296/3 1945/297/3 1944/298/3
f 1944/295/3 1945/296/3 1946/297/3 1943/298/3
f 1949/935/5 1955/936/5 1956/937/5 1950/938/5
f 1942/935/5 1952/936/5 1955/937/5 1949/938/5
f 1950/935/5 1956/936/5 1954/937/5 1940/938/5
f 1939/747/2 1940/748/2 1954/749/2 1953/750/2
f 1958/295/1 1957/296/1 1960/297/1 1959/298/1
f 1949/307/2 1948/308/2 1959/309/2 1960/310/2
f 1942/33/5 1949/34/5 1960/35/5 1957/36/5
f 1962/747/4 1961/748/4 1964/749/4 1963/750/4
f 1938/931/5 1952/932/5 1964/933/5 1961/934/5
f 1937/291/3 1938/292/3 1961/293/3 1962/294/3
f 1952/291/1 1951/292/1 1963/293/1 1964/294/1
f 1967/33/3 1966/34/3 1972/35/3 1973/36/3
f 1969/935/5 1968/936/5 1967/937/5 1970/938/5
f 1954/53/1 1956/54/1 1970/55/1 1965/56/1
f 1956/53/1 1955/54/1 1969/55/1 1970/56/1
f 1945/53/3 1936/54/3 1966/55/3 1967/56/3
f 1955/931/4 1946/932/4 1968/933/4 1969/934/4
f 1974/935/5 1973/936/5 1972/937/5 1971/938/5
f 1965/33/1 1970/34/1 1974/35/1 1971/36/1
f 1970/939/4 1967/940/4 1973/941/4 1974/942/4
f 1966/939/2 1965/940/2 1971/941/2 1972/942/2
f 1975/943/3 1976/944/3 1978/945/3 1977/946/3
f 1977/947/4 1978/948/4 1982/949/4 1981/950/4
f 1981/943/1 1982/944/1 1980/945/1 1979/946/1
f 1979/947/2 1980/948/2 1976/949/2 1975/950/2
f 1982/951/5 1978/952/5 1976/953/5 1980/954/5
f 1976/947/23 1975/948/23 1979/949/23 1981/950/23 1977/947/23
f 1983/955/3 1984/956/3 1986/957/3 1985/958/3
f 1985/955/4 1986/956/4 1990/957/4 1989/958/4
f 1989/955/1 1990/956/1 1988/957/1 1987/958/1
f 1987/955/2 1988/956/2 1984/957/2 1983/958/2
f 1990/959/5 1986/960/5 1984/961/5 1988/962/5
f 1991/659/3 1992/660/3 1994/661/3 1993/662/3
f 1993/659/4 1994/660/4 1998/661/4 1997/662/4
f 1997/659/1 1998/660/1 1996/661/1 1995/662/1
f 1995/659/2 1996/660/2 1992/661/2 1991/662/2
f 1998/355/5 1994/356/5 1992/357/5 1996/358/5
f 1999/359/3 2000/360/3 2002/361/3 2001/362/3
f 2001/359/4 2002/360/4 2006/361/4 2005/362/4
f 2005/359/1 2006/360/1 2004/361/1 2003/362/1
f 2003/359/2 2004/360/2 2000/361/2 1999/362/2
f 2006/145/5 2002/146/5 2000/147/5 2004/148/5
f 2007/963/3 2008/964/3 2010/965/3 2009/966/3
f 2009/963/4 2010/964/4 2014/965/4 2013/966/4
f 2013/963/1 2014/964/1 2012/965/1 2011/966/1
f 2011/963/2 2012/964/2 2008/965/2 2007/966/2
f 2014/407/5 2010/408/5 2008/409/5 2012/410/5
f 2015/967/3 2016/968/3 2018/969/3 2017/970/3
f 2017/971/4 2018/972/4 2022/973/4 2021/974/4
f 2021/967/1 2022/968/1 2020/969/1 2019/970/1
f 2019/971/2 2020/972/2 2016/973/2 2015/974/2
f 2022/475/5 2018/476/5 2016/477/5 2020/478/5
f 2016/971/24 2015/972/24 2019/973/24 2021/974/24 2017/971/24
f 2025/819/4 2026/820/4 2030/821/4 2029/822/4
f 2029/819/1 2030/820/1 2028/821/1 2027/822/1
f 2027/819/2 2028/820/2 2024/821/2 2023/822/2
f 2030/241/5 2026/242/5 2024/243/5 2028/244/5
f 2023/819/25 2024/820/25 2026/821/25 2025/822/25 2029/819/25 2027/820/25
f 2031/359/3 2032/360/3 2034/361/3 2033/362/3
f 2033/359/4 2034/360/4 2038/361/4 2037/362/4
f 2037/359/1 2038/360/1 2036/361/1 2035/362/1
f 2035/359/2 2036/360/2 2032/361/2 2031/362/2
f 2038/145/5 2034/146/5 2032/147/5 2036/148/5
f 2039/975/4 2040/976/4 2042/977/4 2041/978/4
f 2041/979/1 2042/980/1 2046/981/1 2045/982/1
f 2045/975/2 2046/976/2 2044/977/2 2043/978/2
f 2046/595/5 2042/596/5 2040/597/5 2044/598/5
f 2043/979/26 2044/980/26 2040/981/26 2039/982/26 2041/979/26 2045/980/26
f 2047/983/3 2048/984/3 2050/985/3 2049/986/3
f 2049/983/4 2050/984/4 2054/985/4 2053/986/4
f 2053/983/1 2054/984/1 2052/985/1 2051/986/1
f 2051/983/2 2052/984/2 2048/985/2 2047/986/2
f 2054/241/5 2050/242/5 2048/243/5 2052/244/5
f 2057/623/4 2058/624/4 2062/625/4 2061/626/4
f 2061/987/1 2062/988/1 2060/989/1 2059/990/1
f 2059/623/2 2060/624/2 2056/625/2 2055/626/2
f 2062/991/5 2058/992/5 2056/993/5 2060/994/5
f 2055/987/27 2056/988/27 2058/989/27 2057/990/27 2061/987/27 2059/988/27
f 2063/995/3 2064/996/3 2066/997/3 2065/998/3
f 2065/995/4 2066/996/4 2070/997/4 2069/998/4
f 2069/995/1 2070/996/1 2068/997/1 2067/998/1
f 2067/995/2 2068/996/2 2064/997/2 2063/998/2
f 2070/999/5 2066/1000/5 2064/1001/5 2068/1002/5
f 2071/1003/3 2072/1004/3 2074/1005/3 2073/1006/3
f 2073/1007/4 2074/1008/4 2078/1009/4 2077/1010/4
f 2075/1007/2 2076/1008/2 2072/1009/2 2071/1010/2
f 2078/1011/5 2074/1012/5 2072/1013/5 2076/1014/5
f 2077/1003/28 2078/1004/28 2076/1005/28 2075/1006/28 2071/1003/28 2073/1004/28
f 2079/1015/1 2080/1016/1 2082/1017/1 2081/1018/1
f 2081/1019/2 2082/1020/2 2086/1021/2 2085/1022/2
f 2085/1015/3 2086/1016/3 2084/1017/3 2083/1018/3
f 2083/1019/4 2084/1020/4 2080/1021/4 2079/1022/4
f 2086/1023/5 2082/1024/5 2080/1025/5 2084/1026/5
f 2087/1027/2 2088/1028/2 2090/1029/2 2089/1030/2
f 2089/1027/3 2090/1028/3 2094/1029/3 2093/1030/3
f 2093/1027/4 2094/1028/4 2092/1029/4 2091/1030/4
f 2091/1027/1 2092/1028/1 2088/1029/1 2087/1030/1
f 2094/355/5 2090/356/5 2088/357/5 2092/358/5
f 2095/1031/2 2096/1032/2 2098/1033/2 2097/1034/2
f 2097/543/3 2098/544/3 2102/545/3 2101/546/3
f 2101/1031/4 2102/1032/4 2100/1033/4 2099/1034/4
f 2099/543/1 2100/544/1 2096/545/1 2095/546/1
f 2102/1035/5 2098/1036/5 2096/1037/5 2100/1038/5
f 2103/787/1 2104/788/1 2106/789/1 2105/790/1
f 2105/1039/2 2106/1040/2 2110/1041/2 2109/1042/2
f 2109/787/3 2110/788/3 2108/789/3 2107/790/3
f 2107/1039/4 2108/1040/4 2104/1041/4 2103/1042/4
f 2110/511/5 2106/512/5 2104/513/5 2108/514/5
f 2111/1043/1 2112/1044/1 2114/1045/1 2113/1046/1
f 2113/1047/2 2114/1048/2 2118/1049/2 2117/1050/2
f 2117/1043/3 2118/1044/3 2116/1045/3 2115/1046/3
f 2115/1047/4 2116/1048/4 2112/1049/4 2111/1050/4
f 2118/595/5 2114/596/5 2112/597/5 2116/598/5
f 2119/1051/1 2120/1052/1 2122/1053/1 2121/1054/1
f 2121/1055/2 2122/1056/2 2126/1057/2 2125/1058/2
f 2125/1051/3 2126/1052/3 2124/1053/3 2123/1054/3
f 2123/1055/4 2124/1056/4 2120/1057/4 2119/1058/4
f 2126/951/5 2122/952/5 2120/953/5 2124/954/5
f 2127/1059/3 2128/1060/3 2130/1061/3 2129/1062/3
f 2129/1063/4 2130/1064/4 2134/1065/4 2133/1066/4
f 2131/1063/2 2132/1064/2 2128/1065/2 2127/1066/2
f 2134/1067/5 2130/1068/5 2128/1069/5 2132/1070/5
f 2133/1059/29 2134/1060/29 2132/1061/29 2131/1062/29 2127/1059/29 2129/1060/29
f 2135/1071/1 2136/1072/1 2138/1073/1 2137/1074/1
f 2137/1075/2 2138/1076/2 2142/1077/2 2141/1078/2
f 2141/1071/3 2142/1072/3 2140/1073/3 2139/1074/3
f 2139/1075/4 2140/1076/4 2136/1077/4 2135/1078/4
f 2142/1079/5 2138/1080/5 2136/1081/5 2140/1082/5
f 2143/1083/1 2144/1084/1 2146/1085/1 2145/1086/1
f 2145/1083/2 2146/1084/2 2150/1085/2 2149/1086/2
f 2149/1083/3 2150/1084/3 2148/1085/3 2147/1086/3
f 2147/1083/4 2148/1084/4 2144/1085/4 2143/1086/4
f 2150/1087/5 2146/1088/5 2144/1089/5 2148/1090/5
f 2151/1091/1 2152/1092/1 2154/1093/1 2153/1094/1
f 2153/1091/2 2154/1092/2 2158/1093/2 2157/1094/2
f 2157/1091/3 2158/1092/3 2156/1093/3 2155/1094/3
f 2155/1091/4 2156/1092/4 2152/1093/4 2151/1094/4
f 2158/1087/5 2154/1088/5 2152/1089/5 2156/1090/5
f 2159/1095/4 2160/1096/4 2162/1097/4 2161/1098/4
f 2161/1099/1 2162/1100/1 2166/1101/1 2165/1102/1
f 2165/1095/2 2166/1096/2 2164/1097/2 2163/1098/2
f 2163/1099/3 2164/1100/3 2160/1101/3 2159/1102/3
f 2166/1103/5 2162/1104/5 2160/1105/5 2164/1106/5
f 2167/1107/4 2168/1108/4 2170/1109/4 2169/1110/4
f 2169/1111/1 2170/1112/1 2174/1113/1 2173/1114/1
f 2173/1107/2 2174/1108/2 2172/1109/2 2171/1110/2
f 2171/1111/3 2172/1112/3 2168/1113/3 2167/1114/3
f 2174/1103/5 2170/1104/5 2168/1105/5 2172/1106/5
f 2175/1115/3 2176/1116/3 2178/1117/3 2177/1118/3
f 2177/1119/4 2178/1120/4 2182/1121/4 2181/1122/4
f 2181/1115/1 2182/1116/1 2180/1117/1 2179/1118/1
f 2179/1119/2 2180/1120/2 2176/1121/2 2175/1122/2
f 2182/1123/5 2178/1124/5 2176/1125/5 2180/1126/5
f 2183/1127/1 2184/1128/1 2186/1129/1 2185/1130/1
f 2185/1131/2 2186/1132/2 2190/1133/2 2189/1134/2
f 2189/1127/3 2190/1128/3 2188/1129/3 2187/1130/3
f 2187/1131/4 2188/1132/4 2184/1133/4 2183/1134/4
f 2190/575/5 2186/576/5 2184/577/5 2188/578/5
f 2191/1135/1 2192/1136/1 2194/1137/1 2193/1138/1
f 2193/1135/2 2194/1136/2 2198/1137/2 2197/1138/2
f 2197/1135/3 2198/1136/3 2196/1137/3 2195/1138/3
f 2195/1135/4 2196/1136/4 2192/1137/4 2191/1138/4
f 2198/145/5 2194/146/5 2192/147/5 2196/148/5
f 2199/1139/1 2200/1140/1 2202/1141/1 2201/1142/1
f 2201/1139/2 2202/1140/2 2206/1141/2 2205/1142/2
f 2205/1139/3 2206/1140/3 2204/1141/3 2203/1142/3
f 2203/1139/4 2204/1140/4 2200/1141/4 2199/1142/4
f 2206/479/5 2202/480/5 2200/481/5 2204/482/5
f 2207/455/1 2208/456/1 2210/457/1 2209/458/1
f 2209/455/2 2210/456/2 2214/457/2 2213/458/2
f 2213/455/3 2214/456/3 2212/457/3 2211/458/3
f 2211/455/4 2212/456/4 2208/457/4 2207/458/4
f 2214/407/5 2210/408/5 2208/409/5 2212/410/5
f 2215/1143/1 2216/1144/1 2218/1145/1 2217/1146/1
f 2217/1147/2 2218/1148/2 2222/1149/2 2221/1150/2
f 2221/1143/3 2222/1144/3 2220/1145/3 2219/1146/3
f 2219/1147/4 2220/1148/4 2216/1149/4 2215/1150/4
f 2222/559/5 2218/560/5 2216/561/5 2220/562/5
f 2223/431/1 2224/432/1 2226/433/1 2225/434/1
f 2225/431/2 2226/432/2 2230/433/2 2229/434/2
f 2229/431/3 2230/432/3 2228/433/3 2227/434/3
f 2227/431/4 2228/432/4 2224/433/4 2223/434/4
f 2230/679/5 2226/680/5 2224/681/5 2228/682/5
f 2231/639/2 2232/640/2 2234/641/2 2233/642/2
f 2233/1151/3 2234/1152/3 2238/1153/3 2237/1154/3
f 2237/639/4 2238/640/4 2236/641/4 2235/642/4
f 2235/1151/1 2236/1152/1 2232/1153/1 2231/1154/1
f 2238/327/5 2234/328/5 2232/329/5 2236/330/5
f 2239/947/4 2240/948/4 2242/949/4 2241/950/4
f 2241/1155/1 2242/1156/1 2246/1157/1 2245/1158/1
f 2245/947/2 2246/948/2 2244/949/2 2243/950/2
f 2243/1155/3 2244/1156/3 2240/1157/3 2239/1158/3
f 2246/511/5 2242/512/5 2240/513/5 2244/514/5
f 2247/1159/1 2248/1160/1 2250/1161/1 2249/1162/1
f 2249/1159/2 2250/1160/2 2254/1161/2 2253/1162/2
f 2253/1159/3 2254/1160/3 2252/1161/3 2251/1162/3
f 2251/1159/4 2252/1160/4 2248/1161/4 2247/1162/4
f 2254/1163/5 2250/1164/5 2248/1165/5 2252/1166/5
f 2255/1167/1 2256/1168/1 2258/1169/1 2257/1170/1
f 2257/1167/2 2258/1168/2 2262/1169/2 2261/1170/2
f 2261/1167/3 2262/1168/3 2260/1169/3 2259/1170/3
f 2259/1167/4 2260/1168/4 2256/1169/4 2255/1170/4
f 2262/1171/5 2258/1172/5 2256/1173/5 2260/1174/5
f 2263/1175/1 2264/1176/1 2266/1177/1 2265/1178/1
f 2265/1179/2 2266/1180/2 2270/1181/2 2269/1182/2
f 2269/1175/3 2270/1176/3 2268/1177/3 2267/1178/3
f 2267/1179/4 2268/1180/4 2264/1181/4 2263/1182/4
f 2270/511/5 2266/512/5 2264/513/5 2268/514/5
f 2271/1183/1 2272/1184/1 2274/1185/1 2273/1186/1
f 2273/1183/2 2274/1184/2 2278/1185/2 2277/1186/2
f 2277/1183/3 2278/1184/3 2276/1185/3 2275/1186/3
f 2275/1183/4 2276/1184/4 2272/1185/4 2271/1186/4
f 2278/1163/5 2274/1164/5 2272/1165/5 2276/1166/5
f 2279/1187/1 2280/1188/1 2282/1189/1 2281/1190/1
f 2281/1191/2 2282/1192/2 2286/1193/2 2285/1194/2
f 2285/1187/3 2286/1188/3 2284/1189/3 2283/1190/3
f 2283/1191/4 2284/1192/4 2280/1193/4 2279/1194/4
f 2286/1195/5 2282/1196/5 2280/1197/5 2284/1198/5
f 2287/1199/1 2288/1200/1 2290/1201/1 2289/1202/1
f 2289/1199/2 2290/1200/2 2294/1201/2 2293/1202/2
f 2293/1199/3 2294/1200/3 2292/1201/3 2291/1202/3
f 2291/1199/4 2292/1200/4 2288/1201/4 2287/1202/4
f 2294/815/5 2290/816/5 2288/817/5 2292/818/5
f 2295/1203/3 2296/1204/3 2298/1205/3 2297/1206/3
f 2297/739/4 2298/740/4 2302/741/4 2301/742/4
f 2301/1203/1 2302/1204/1 2300/1205/1 2299/1206/1
f 2299/739/2 2300/740/2 2296/741/2 2295/742/2
f 2302/487/5 2298/488/5 2296/489/5 2300/490/5
f 2297/1207/30 2298/1208/30 2295/1209/30 2299/1210/30 2301/1207/30
f 2303/241/1 2304/242/1 2306/243/1 2305/244/1
f 2305/241/2 2306/242/2 2310/243/2 2309/244/2
f 2309/241/3 2310/242/3 2308/243/3 2307/244/3
f 2307/241/4 2308/242/4 2304/243/4 2303/244/4
f 2305/241/6 2309/242/6 2307/243/6 2303/244/6
f 2310/241/5 2306/242/5 2304/243/5 2308/244/5
f 2311/241/1 2312/242/1 2314/243/1 2313/244/1
f 2313/241/2 2314/242/2 2318/243/2 2317/244/2
f 2317/241/3 2318/242/3 2316/243/3 2315/244/3
f 2315/241/4 2316/242/4 2312/243/4 2311/244/4
f 2313/241/6 2317/242/6 2315/243/6 2311/244/6
f 2318/241/5 2314/242/5 2312/243/5 2316/244/5
f 2319/1131/1 2320/1132/1 2322/1133/1 2321/1134/1
f 2321/1131/2 2322/1132/2 2326/1133/2 2325/1134/2
f 2325/1131/3 2326/1132/3 2324/1133/3 2323/1134/3
f 2323/1131/4 2324/1132/4 2320/1133/4 2319/1134/4
f 2326/355/5 2322/356/5 2320/357/5 2324/358/5
f 2327/507/1 2328/508/1 2330/509/1 2329/510/1
f 2329/507/2 2330/508/2 2334/509/2 2333/510/2
f 2333/507/3 2334/508/3 2332/509/3 2331/510/3
f 2331/507/4 2332/508/4 2328/509/4 2327/510/4
f 2334/407/5 2330/408/5 2328/409/5 2332/410/5
f 2335/1211/1 2336/1212/1 2338/1213/1 2337/1214/1
f 2337/1211/2 2338/1212/2 2342/1213/2 2341/1214/2
f 2341/1211/3 2342/1212/3 2340/1213/3 2339/1214/3
f 2339/1211/4 2340/1212/4 2336/1213/4 2335/1214/4
f 2342/407/5 2338/408/5 2336/409/5 2340/410/5
f 2343/1215/1 2344/1216/1 2346/1217/1 2345/1218/1
f 2345/1215/2 2346/1216/2 2350/1217/2 2349/1218/2
f 2349/1215/3 2350/1216/3 2348/1217/3 2347/1218/3
f 2347/1215/4 2348/1216/4 2344/1217/4 2343/1218/4
f 2350/1219/5 2346/1220/5 2344/1221/5 2348/1222/5
f 2351/1223/1 2352/1224/1 2354/1225/1 2353/1226/1
f 2353/1223/2 2354/1224/2 2358/1225/2 2357/1226/2
f 2357/1223/3 2358/1224/3 2356/1225/3 2355/1226/3
f 2355/1223/4 2356/1224/4 2352/1225/4 2351/1226/4
f 2353/1223/6 2357/1224/6 2355/1225/6 2351/1226/6
f 2358/1223/5 2354/1224/5 2352/1225/5 2356/1226/5
f 2359/1227/3 2360/1228/3 2362/1229/3 2361/1230/3
f 2361/1227/4 2362/1228/4 2366/1229/4 2365/1230/4
f 2365/1227/1 2366/1228/1 2364/1229/1 2363/1230/1
f 2363/1227/2 2364/1228/2 2360/1229/2 2359/1230/2
f 2366/355/5 2362/356/5 2360/357/5 2364/358/5
f 2367/1231/1 2368/1232/1 2370/1233/1 2369/1234/1
f 2369/1231/2 2370/1232/2 2374/1233/2 2373/1234/2
f 2373/1231/3 2374/1232/3 2372/1233/3 2371/1234/3
f 2371/1231/4 2372/1232/4 2368/1233/4 2367/1234/4
f 2374/815/5 2370/816/5 2368/817/5 2372/818/5
f 2375/1235/2 2376/1236/2 2378/1237/2 2377/1238/2
f 2377/1235/3 2378/1236/3 2382/1237/3 2381/1238/3
f 2381/1235/4 2382/1236/4 2380/1237/4 2379/1238/4
f 2379/1235/1 2380/1236/1 2376/1237/1 2375/1238/1
f 2382/355/5 2378/356/5 2376/357/5 2380/358/5
f 2385/1239/4 2386/1240/4 2390/1241/4 2389/1242/4
f 2389/1243/1 2390/1244/1 2388/1245/1 2387/1246/1
f 2387/1239/2 2388/1240/2 2384/1241/2 2383/1242/2
f 2390/991/5 2386/992/5 2384/993/5 2388/994/5
f 2383/1243/31 2384/1244/31 2386/1245/31 2385/1246/31 2389/1243/31 2387/1244/31
f 2391/1247/1 2392/1248/1 2394/1249/1 2393/1250/1
f 2399/1251/2 2402/1252/2 2398/1253/2 2397/1254/2
f 2397/1247/3 2398/1248/3 2396/1249/3 2395/1250/3
f 2403/1251/4 2406/1252/4 2392/1253/4 2391/1254/4
f 2401/1255/5 2394/1256/5 2392/1257/5 2406/1258/5
f 2398/1255/5 2402/1256/5 2405/1257/5 2396/1258/5
f 2402/1255/5 2401/1256/5 2406/1257/5 2405/1258/5
f 2395/1251/4 2396/1252/4 2405/1253/4 2404/1254/4
f 2404/1251/4 2405/1252/4 2406/1253/4 2403/1254/4
f 2393/1251/2 2394/1252/2 2401/1253/2 2400/1254/2
f 2401/1259/5 2402/1260/5 2410/1261/5 2409/1262/5
f 2408/1251/2 2409/1252/2 2410/1253/2 2407/1254/2
f 2400/1263/1 2401/1264/1 2409/1265/1 2408/1266/1
f 2402/1263/3 2399/1264/3 2407/1265/3 2410/1266/3
f 2411/1267/3 2412/1268/3 2414/1269/3 2413/1270/3
f 2413/1271/4 2414/1272/4 2418/1273/4 2417/1274/4
f 2415/1271/2 2416/1272/2 2412/1273/2 2411/1274/2
f 2418/1275/5 2414/1276/5 2412/1277/5 2416/1278/5
f 2417/1267/32 2418/1268/32 2416/1269/32 2415/1270/32 2411/1267/32 2413/1268/32
f 2419/1279/3 2420/1280/3 2422/1281/3 2421/1282/3
f 2421/1283/4 2422/1284/4 2426/1285/4 2425/1286/4
f 2423/1283/2 2424/1284/2 2420/1285/2 2419/1286/2
f 2426/699/5 2422/700/5 2420/701/5 2424/702/5
f 2425/1279/33 2426/1280/33 2424/1281/33 2423/1282/33 2419/1279/33 2421/1280/33
f 2427/1287/1 2428/1288/1 2430/1289/1 2429/1290/1
f 2429/1287/2 2430/1288/2 2434/1289/2 2433/1290/2
f 2433/1287/3 2434/1288/3 2432/1289/3 2431/1290/3
f 2434/1171/5 2430/1172/5 2428/1173/5 2432/1174/5
f 2431/1287/34 2432/1288/34 2428/1289/34 2427/1290/34 2429/1287/34 2433/1288/34
f 2435/1291/3 2436/1292/3 2438/1293/3 2437/1294/3
f 2437/1295/4 2438/1296/4 2442/1297/4 2441/1298/4
f 2441/1291/1 2442/1292/1 2440/1293/1 2439/1294/1
f 2439/1295/2 2440/1296/2 2436/1297/2 2435/1298/2
f 2442/1299/5 2438/1300/5 2436/1301/5 2440/1302/5
f 2436/1295/35 2435/1296/35 2439/1297/35 2441/1298/35 2437/1295/35
f 2443/1303/1 2444/1304/1 2446/1305/1 2445/1306/1
f 2445/1303/2 2446/1304/2 2450/1305/2 2449/1306/2
f 2449/1303/3 2450/1304/3 2448/1305/3 2447/1306/3
f 2447/1303/4 2448/1304/4 2444/1305/4 2443/1306/4
f 2450/145/5 2446/146/5 2444/147/5 2448/148/5
f 2451/1307/1 2452/1308/1 2454/1309/1 2453/1310/1
f 2453/1311/2 2454/1312/2 2458/1313/2 2457/1314/2
f 2457/1307/3 2458/1308/3 2456/1309/3 2455/1310/3
f 2455/1311/4 2456/1312/4 2452/1313/4 2451/1314/4
f 2458/1315/5 2454/1316/5 2452/1317/5 2456/1318/5
f 2459/1319/1 2460/1320/1 2462/1321/1 2461/1322/1
f 2461/1319/2 2462/1320/2 2466/1321/2 2465/1322/2
f 2465/1319/3 2466/1320/3 2464/1321/3 2463/1322/3
f 2463/1319/4 2464/1320/4 2460/1321/4 2459/1322/4
f 2466/1163/5 2462/1164/5 2460/1165/5 2464/1166/5
f 2467/1323/1 2468/1324/1 2470/1325/1 2469/1326/1
f 2469/1327/2 2470/1328/2 2474/1329/2 2473/1330/2
f 2473/1323/3 2474/1324/3 2472/1325/3 2471/1326/3
f 2471/1327/4 2472/1328/4 2468/1329/4 2467/1330/4
f 2474/627/5 2470/628/5 2468/629/5 2472/630/5
f 2475/1331/3 2476/1332/3 2478/1333/3 2477/1334/3
f 2477/987/4 2478/988/4 2482/989/4 2481/990/4
f 2481/1331/1 2482/1332/1 2480/1333/1 2479/1334/1
f 2479/987/2 2480/988/2 2476/989/2 2475/990/2
f 2482/1299/5 2478/1300/5 2476/1301/5 2480/1302/5
f 2476/987/36 2475/988/36 2479/989/36 2481/990/36 2477/987/36
