# Blender 4.3.2
# www.blender.org
o Sphere
v -1.080521 -0.152396 0.990069
v -1.254130 -0.133014 0.652387
v -1.083159 -0.318493 0.824983
v -1.136344 -0.218671 0.894157
v -1.111458 -0.346113 0.696014
v -1.218762 -0.211823 0.704602
v -0.881337 -0.118405 1.147772
v -0.919965 -0.324041 0.998156
v -0.965546 -0.212983 1.072707
v -0.786032 -0.152166 1.177257
v -0.789549 -0.357105 1.032782
v -0.825372 -0.223573 1.133727
v -0.890081 -0.483498 0.646734
v -0.742122 -0.488686 0.808346
v -0.799554 -0.511989 0.705009
v -0.967814 -0.395284 0.877524
v -1.039330 -0.273199 0.945521
v -0.991664 -0.439728 0.695021
v -0.795930 -0.456024 0.881965
v -0.861695 -0.468683 0.766904
v -0.747813 -0.900208 -0.068939
v -1.253135 -0.132769 0.549471
v -1.109235 -0.344079 0.509535
v -1.211552 -0.219858 0.504084
v -1.080634 -0.316160 0.381452
v -1.129935 -0.222308 0.316088
v -1.058402 -0.474154 -0.114198
v -1.248546 -0.133096 0.077959
v -1.239343 -0.295541 -0.111199
v -1.280479 -0.204413 -0.036229
v -1.094442 -0.329620 0.103505
v -1.128382 -0.155109 0.249555
v -1.149456 -0.385837 -0.044642
v -1.220158 -0.259879 0.014648
v -0.890413 -0.484172 0.550178
v -0.782546 -0.525922 0.518378
v -0.754567 -0.502733 0.336982
v -0.966092 -0.450160 0.495990
v -0.962561 -0.397106 0.333599
v -1.041500 -0.274864 0.262008
v -0.870537 -0.470451 0.430085
v -0.740991 -0.493362 0.314106
v -0.895109 -0.482994 0.076951
v -0.964812 -0.509060 -0.040295
v -0.752917 -0.580580 0.001494
v -0.785838 -0.748427 -0.031537
v -0.792447 -0.582845 -0.021555
v -0.946480 -0.350711 0.240104
v -1.028511 -0.262573 0.228822
v -1.021010 -0.453913 0.011024
v -0.744189 -0.453486 0.234433
v -0.612695 -0.164616 1.181859
v -0.601867 -0.361933 1.038399
v -0.602544 -0.254826 1.127096
v -0.484056 -0.134778 1.158974
v -0.418131 -0.328140 1.002164
v -0.418907 -0.226116 1.095843
v -0.603281 -0.493619 0.813807
v -0.603453 -0.533623 0.698106
v -0.491382 -0.478339 0.796288
v -0.424246 -0.505314 0.692959
v -0.602323 -0.452260 0.909489
v -0.399885 -0.408869 0.901121
v -0.368711 -0.464200 0.748790
v -0.328468 -0.294798 0.967354
v -0.272530 -0.202960 1.020110
v -0.318053 -0.479579 0.626145
v 0.010626 -0.512332 0.802877
v 0.004797 -0.680293 0.646880
v -0.034738 -0.571119 0.714185
v -0.246987 -0.336568 0.869191
v -0.194371 -0.234917 0.926802
v -0.211113 -0.405153 0.719174
v -0.079565 -0.283172 0.709167
v -0.025625 -0.195118 0.757962
v -0.107160 -0.336985 0.674129
v -0.537113 -0.852944 0.072067
v -0.578001 -1.058496 -0.076942
v -0.624688 -0.944113 -0.006467
v -0.425767 -0.881611 0.095634
v -0.426246 -1.087685 -0.047594
v -0.425849 -0.974735 0.040808
v -0.241635 -0.888259 0.100780
v -0.219481 -1.091945 -0.058329
v -0.241119 -0.979655 0.038555
v -0.108595 -0.863577 0.083194
v -0.089937 -1.055950 -0.078336
v -0.021660 -0.955123 -0.015692
v -0.604127 -0.549911 0.493693
v -0.620493 -0.723113 0.332057
v -0.769523 -0.523093 0.494835
v -0.422817 -0.551928 0.462553
v -0.346689 -0.747360 0.349138
v -0.315194 -0.689756 0.404248
v -0.615968 -0.732572 0.094043
v -0.680733 -0.654241 0.042131
v -0.670105 -0.746745 0.053101
v -0.669637 -0.572627 0.082294
v -0.349090 -0.747827 0.174680
v -0.230678 -0.692276 0.466151
v -0.309413 -0.508556 0.481972
v -0.275493 -0.837502 0.372073
v -0.326539 -0.636826 0.415389
v -0.043901 -0.673603 0.461139
v -0.114788 -0.557877 0.497252
v 0.028391 -0.767133 0.385231
v -0.192386 -0.460932 0.484099
v -0.153769 -0.436794 0.482964
v -0.258418 -0.835567 0.127846
v -0.032502 -0.811481 0.086903
v 0.009475 -0.815721 0.048382
v -1.100048 -0.022228 1.010297
v -1.091739 0.160859 1.002375
v -1.077542 0.302009 0.986965
v -1.246689 0.024180 0.796001
v -1.248154 0.123310 0.796888
v -1.283955 -0.041413 0.692980
v -1.299611 0.171576 0.679283
v -1.208652 -0.031771 0.875787
v -1.202781 0.175947 0.871505
v -1.233930 -0.096345 0.772333
v -1.235093 0.243433 0.780293
v -1.269213 0.292156 0.681090
v -1.141146 0.360529 0.901687
v -1.105929 0.487935 0.846193
v -1.243454 0.361966 0.712215
v -1.155236 0.526550 0.689727
v -0.900376 -0.032643 1.171057
v -0.905584 0.161133 1.169500
v -0.986589 -0.051099 1.115672
v -0.999874 0.161582 1.099684
v -0.778366 -0.028575 1.226511
v -0.784914 0.162557 1.231779
v -0.886875 0.273315 1.152924
v -0.966501 0.359905 1.084090
v -0.928096 0.515353 1.019180
v -0.788244 0.339845 1.188818
v -0.701573 0.432441 1.145551
v -0.828103 0.401083 1.143243
v -0.784353 0.542843 1.073890
v -1.050615 0.420981 0.958408
v -1.001366 0.564050 0.910600
v -1.050127 0.609737 0.711982
v -0.849481 0.604398 0.952175
v -0.728600 0.620298 0.973645
v -0.923501 0.645999 0.835495
v -0.961150 0.672255 0.696435
v -0.790050 0.683873 0.868666
v -0.789636 0.732468 0.696627
v -1.292222 -0.022675 0.516149
v -1.301799 0.162571 0.508690
v -1.259793 0.014529 0.389656
v -1.263247 0.161470 0.383789
v -1.234363 -0.104337 0.429634
v -1.216006 -0.007908 0.313557
v -1.199758 0.152043 0.249588
v -1.268949 0.302482 0.509926
v -1.244983 0.270845 0.405134
v -1.231214 0.395577 0.509867
v -1.145057 0.532951 0.508148
v -1.161979 0.358068 0.250294
v -1.081038 0.483604 0.256738
v -1.276662 -0.023950 0.110889
v -1.290714 0.160277 0.130615
v -1.348097 -0.025761 -0.021526
v -1.368636 0.160467 -0.022598
v -1.180091 -0.016649 0.244945
v -1.201696 0.165543 0.244185
v -1.276866 0.344291 0.112028
v -1.249299 0.455302 0.079414
v -1.346354 0.346072 -0.022244
v -1.280034 0.525432 -0.036073
v -1.178994 0.362975 0.231549
v -1.162959 0.529901 0.161232
v -1.220405 0.580502 0.014577
v -1.048265 0.611374 0.510230
v -0.996223 0.559051 0.273249
v -1.032578 0.589056 0.224937
v -1.239499 0.616177 -0.110253
v -1.097530 0.653630 0.106699
v -1.155761 0.707161 -0.040656
v -1.061429 0.796839 -0.107881
v -0.959318 0.669993 0.509190
v -0.913628 0.619270 0.280377
v -0.790019 0.732466 0.509438
v -0.775789 0.678199 0.292770
v -0.972718 0.714969 0.161175
v -0.898348 0.804700 0.078331
v -1.023709 0.776506 0.017065
v -0.969242 0.838194 -0.033975
v -0.788115 0.762364 0.202747
v -0.787995 0.831397 0.110510
v -0.789571 0.902560 -0.021795
v -0.600842 -0.026224 1.234958
v -0.614709 0.167220 1.245163
v -0.442119 -0.024881 1.190489
v -0.427792 0.162340 1.198467
v -0.352564 -0.023456 1.143521
v -0.339932 0.161311 1.147818
v -0.615184 0.337498 1.206646
v -0.665035 0.434475 1.148949
v -0.543887 0.421089 1.140544
v -0.620522 0.549183 1.080823
v -0.462339 0.304130 1.177864
v -0.403148 0.360949 1.133286
v -0.413455 0.508818 1.038495
v -0.525151 0.609084 0.959896
v -0.416421 0.597800 0.932952
v -0.213378 -0.034662 1.049258
v -0.225285 0.162735 1.076516
v -0.138626 0.023745 0.978244
v -0.133789 0.161595 0.982602
v -0.231678 0.337188 1.024952
v -0.303538 0.459329 0.989745
v -0.151036 0.254168 0.965506
v -0.157895 -0.096304 0.958234
v 0.015455 -0.069998 0.786604
v -0.049309 0.162990 0.889195
v 0.022522 -0.008374 0.765865
v 0.021933 0.161909 0.761122
v -0.174978 0.381590 0.935088
v -0.244764 0.533533 0.867250
v -0.198625 0.580735 0.698042
v -0.099615 0.339962 0.877384
v -0.136234 0.450047 0.806326
v 0.019259 0.348634 0.661694
v -0.005434 0.430656 0.602086
v -0.645456 0.622775 0.975355
v -0.600741 0.686046 0.878901
v -0.602122 0.741316 0.697063
v -0.416842 0.651604 0.840176
v -0.415605 0.702296 0.698190
v -0.325322 0.616554 0.793106
v -0.293326 0.641161 0.696231
v -0.175922 0.601098 0.513179
v -0.176340 0.588218 0.284992
v -0.056321 0.516041 0.487209
v -0.124589 0.557337 0.285478
v -0.603077 0.746679 0.510587
v -0.603179 0.702278 0.298766
v -0.417765 0.717083 0.511623
v -0.424488 0.683797 0.279593
v -0.604239 0.775833 0.218897
v -0.604204 0.845614 0.130602
v -0.604006 0.924840 -0.022134
v -0.394670 0.778883 0.189484
v -0.449157 0.826347 0.156370
v -0.570006 0.898097 0.044084
v -0.357968 1.003338 -0.048978
v -0.265659 0.656400 0.512697
v -0.250914 0.626239 0.292107
v 0.006974 0.639701 0.455909
v -0.067229 0.659467 0.253484
v -0.242459 0.759926 0.234696
v -0.241698 0.923215 0.159893
v -0.236922 0.989297 0.050027
v -0.017200 0.710302 0.217911
v -0.067403 0.851920 0.143490
v -0.054081 0.942706 -0.013748
v -0.246853 1.028732 -0.039816
v -0.141482 0.987998 -0.060478
v -0.903557 -0.879915 -0.259546
v -0.882538 -1.022474 -0.452182
v -0.932430 -0.946078 -0.388077
v -0.756754 -1.074900 -0.230489
v -0.812735 -0.967803 -0.174471
v -0.790053 -1.129953 -0.391621
v -0.866626 -0.999312 -0.330529
v -0.885745 -1.025065 -0.525380
v -0.952667 -0.941581 -0.568872
v -0.931170 -0.882616 -0.742288
v -0.820638 -1.101806 -0.585947
v -0.869650 -1.008040 -0.645966
v -0.758191 -1.069523 -0.730398
v -0.841391 -0.985756 -0.755473
v -1.076334 -0.491266 -0.208821
v -1.079772 -0.493888 -0.392108
v -1.257783 -0.314299 -0.208615
v -1.326572 -0.211969 -0.207170
v -1.258935 -0.316149 -0.392168
v -1.327327 -0.211246 -0.393518
v -1.177844 -0.415073 -0.206707
v -1.181539 -0.417888 -0.393538
v -1.063303 -0.478000 -0.498448
v -1.242233 -0.299144 -0.497691
v -1.282406 -0.207107 -0.569410
v -1.249887 -0.138623 -0.682772
v -1.155963 -0.390788 -0.565646
v -1.222594 -0.262485 -0.621335
v -1.104420 -0.340304 -0.717718
v -1.160229 -0.220953 -0.771968
v -0.930743 -0.746868 -0.221050
v -0.936471 -0.577017 -0.211355
v -0.999129 -0.747699 -0.384913
v -1.006010 -0.542041 -0.385794
v -0.869724 -0.745534 -0.132759
v -0.869535 -0.578532 -0.114323
v -1.016363 -0.763471 -0.583119
v -1.025413 -0.482470 -0.570242
v -0.978559 -0.759792 -0.770507
v -0.985710 -0.561295 -0.760243
v -1.008515 -0.478501 -0.612656
v -0.955197 -0.445520 -0.758547
v -1.042918 -0.278048 -0.831934
v -0.879123 -0.839678 -0.848021
v -0.796744 -0.894363 -0.902930
v -1.090696 -0.160600 -0.875884
v -0.912045 -0.746660 -0.883824
v -0.922649 -0.572221 -0.902131
v -0.817595 -0.759346 -0.996926
v -0.850751 -0.563736 -0.993901
v -0.741756 -0.734953 -1.068820
v -0.757003 -0.569179 -1.078686
v -0.891899 -0.380562 -0.858000
v -0.962985 -0.200578 -0.957732
v -0.876961 -0.112719 -1.024139
v -0.818407 -0.312897 -0.936511
v -0.758862 -0.302074 -0.976438
v -0.732143 -0.418722 -1.056165
v -0.787795 -0.143602 -1.047997
v -0.548473 -1.212611 -0.273474
v -0.591512 -1.245224 -0.390519
v -0.425220 -1.233191 -0.247324
v -0.427783 -1.291048 -0.390843
v -0.629784 -1.135589 -0.185953
v -0.693018 -1.013065 -0.121123
v -0.681069 -1.197785 -0.385784
v -0.425225 -1.176470 -0.154761
v -0.589779 -1.251725 -0.565854
v -0.542545 -1.209349 -0.685625
v -0.431153 -1.297930 -0.582360
v -0.427554 -1.239333 -0.727858
v -0.680218 -1.200582 -0.576526
v -0.623057 -1.121882 -0.769845
v -0.694178 -1.014116 -0.842558
v -0.425959 -1.180263 -0.815580
v -0.240052 -1.229367 -0.253783
v -0.243005 -1.288787 -0.392048
v -0.132188 -1.203932 -0.283546
v -0.091428 -1.236772 -0.386004
v -0.239449 -1.175859 -0.160941
v -0.027064 -1.110345 -0.182667
v 0.025588 -1.011854 -0.122861
v -0.000704 -1.186322 -0.387151
v -0.243459 -1.303374 -0.579884
v -0.236370 -1.251611 -0.768235
v -0.071622 -1.252463 -0.579686
v -0.106090 -1.235257 -0.732573
v -0.236455 -1.204588 -0.842324
v 0.020121 -1.196203 -0.572164
v -0.049245 -1.194841 -0.786115
v -0.577269 -1.054972 -0.888312
v -0.639180 -0.952601 -0.961500
v -0.575876 -0.878975 -1.062678
v -0.418221 -1.081835 -0.947645
v -0.470012 -0.996095 -1.005650
v -0.348633 -1.020169 -1.029127
v -0.391190 -0.902625 -1.128055
v -0.221268 -1.150814 -0.929044
v -0.234755 -1.036226 -1.046704
v -0.242800 -0.944364 -1.129658
v -0.059614 -1.092118 -0.954761
v -0.005480 -0.985142 -1.005399
v -0.132137 -1.023878 -1.032049
v -0.055136 -0.931634 -1.080429
v -0.692714 -0.832188 -1.022271
v -0.632424 -0.744453 -1.135349
v -0.616392 -0.563652 -1.168996
v -0.441747 -0.773072 -1.188955
v -0.436668 -0.567449 -1.216761
v -0.683887 -0.301986 -1.016236
v -0.676766 -0.266719 -0.996830
v -0.601720 -0.377357 -1.126784
v -0.598623 -0.235934 -1.031169
v -0.331582 -0.324384 -1.163988
v -0.453370 -0.176797 -1.037880
v -0.366232 -0.674119 -1.212776
v -0.366311 -0.610464 -1.218185
v -0.336621 -0.136428 -1.208023
v -0.251714 -0.759041 -1.203441
v -0.182273 -0.541929 -1.201182
v -0.009424 -0.710778 -1.144134
v -0.115044 -0.616886 -1.169861
v -0.303472 -0.391248 -1.169762
v -0.327592 -0.257407 -1.194445
v -0.302994 -0.673700 -1.210535
v -0.165449 -0.556499 -1.201305
v 0.011882 -0.661804 -1.214144
v -0.153696 -0.520949 -1.260440
v -0.223242 -0.390172 -1.274374
v -0.253802 -0.193788 -1.316653
v -0.153808 -0.124966 -1.385949
v -0.080862 -0.402090 -1.371212
v -0.141167 -0.246524 -1.380719
v -0.022176 -0.346278 -1.414757
v -0.066992 -0.198163 -1.438109
v -1.392548 -0.025352 -0.207837
v -1.410718 0.160657 -0.208334
v -1.389525 -0.025119 -0.393804
v -1.403481 0.160548 -0.393939
v -1.385764 0.345707 -0.208551
v -1.320545 0.531829 -0.208114
v -1.378068 0.345743 -0.394127
v -1.299693 0.547688 -0.410412
v -1.235471 0.610292 -0.477958
v -1.341339 -0.024738 -0.579285
v -1.353386 0.160628 -0.578941
v -1.273347 -0.023085 -0.712103
v -1.278868 0.160513 -0.722296
v -1.212577 -0.023554 -0.804991
v -1.218552 0.160447 -0.813408
v -1.324860 0.345427 -0.578812
v -1.273076 0.487355 -0.577240
v -1.263478 0.343556 -0.697294
v -1.239912 0.439740 -0.668195
v -1.226961 0.579319 -0.577436
v -1.206057 0.344841 -0.791994
v -1.156960 0.522442 -0.757131
v -1.037833 0.589977 -0.826043
v -1.255707 0.632189 -0.209080
v -1.253202 0.630534 -0.358309
v -1.181743 0.733545 -0.207326
v -1.079479 0.814564 -0.208911
v -1.183469 0.728476 -0.399936
v -1.079693 0.814667 -0.392372
v -1.135112 0.714240 -0.573005
v -1.061641 0.797198 -0.495017
v -1.094521 0.654279 -0.709203
v -0.976324 0.885557 -0.207314
v -0.976934 0.887700 -0.393718
v -0.789584 0.951985 -0.207486
v -0.789954 0.956734 -0.393168
v -1.029759 0.775756 -0.618986
v -0.973761 0.842308 -0.567878
v -0.982580 0.719615 -0.769138
v -0.905739 0.811120 -0.689153
v -0.790425 0.917003 -0.579853
v -0.788272 0.775134 -0.817845
v -0.789195 0.843047 -0.728384
v -1.122257 -0.024321 -0.907036
v -1.132498 0.160589 -0.918527
v -1.112666 0.344520 -0.899326
v -1.080137 0.469869 -0.866922
v -1.001527 -0.024934 -1.001732
v -1.020110 0.160535 -1.006291
v -0.906146 -0.023583 -1.048535
v -0.927645 0.160499 -1.058286
v -0.789861 -0.025611 -1.091454
v -0.789519 0.160378 -1.111475
v -0.975921 0.363485 -1.005001
v -0.949393 0.536584 -0.948145
v -0.909741 0.311463 -1.047955
v -0.873779 0.429768 -1.022888
v -0.807563 0.534473 -1.011781
v -0.807697 0.363429 -1.079889
v -0.755964 0.472300 -1.050977
v -0.919954 0.648725 -0.876393
v -0.789390 0.686146 -0.910889
v -0.165445 0.599028 -0.832243
v -0.121400 0.575937 -0.813825
v -0.603968 0.972281 -0.207501
v -0.603980 0.975350 -0.392906
v -0.419429 0.948560 -0.205226
v -0.418645 0.953549 -0.393101
v -0.357287 0.991318 -0.149302
v -0.603722 0.936300 -0.578459
v -0.604042 0.789177 -0.835305
v -0.603579 0.857565 -0.748556
v -0.418239 0.912116 -0.578644
v -0.420201 0.774891 -0.816761
v -0.419521 0.839664 -0.725777
v -0.271633 0.924589 -0.328443
v -0.240372 0.900712 -0.322297
v -0.008875 0.748732 -0.306989
v -0.078354 0.910748 -0.245840
v -0.020505 0.765857 -0.298864
v -0.117895 0.829402 -0.329194
v -0.247844 1.013087 -0.161045
v -0.143612 0.979068 -0.135257
v -0.179005 0.777871 -0.624655
v -0.235263 0.841043 -0.571118
v -0.222856 0.719636 -0.775601
v -0.301187 0.810303 -0.688680
v 0.020706 0.649297 -0.592697
v -0.141776 0.800377 -0.502100
v -0.071292 0.615963 -0.743550
v -0.603845 -0.025349 -1.111698
v -0.603788 0.160209 -1.133369
v -0.413655 -0.004396 -1.092419
v -0.366465 0.146138 -1.099056
v -0.604053 0.583519 -1.014416
v -0.604004 0.346003 -1.113750
v -0.604085 0.491631 -1.061158
v -0.418982 0.558312 -1.003687
v -0.419408 0.345260 -1.088483
v -0.420150 0.464084 -1.047670
v -0.337084 -0.078048 -1.208359
v -0.329269 0.042765 -1.197404
v -0.374650 0.164693 -1.091385
v -0.197122 0.484508 -0.950677
v -0.300389 0.352956 -1.045498
v -0.256899 0.412730 -1.000756
v -0.163118 0.560899 -0.864464
v -0.124969 0.409213 -1.176239
v -0.071853 0.498426 -1.123320
v -0.251114 -0.019648 -1.321917
v -0.229398 0.168133 -1.281322
v -0.154769 -0.085035 -1.387402
v -0.145134 0.036000 -1.381554
v -0.114962 0.166273 -1.370660
v -0.066723 -0.025944 -1.444108
v -0.022056 0.165864 -1.419489
v -0.184289 0.288303 -1.236182
v -0.055059 0.338086 -1.314630
v -0.002777 0.450896 -1.225882
v 0.021096 0.256057 -1.387624
v -0.604270 0.705606 -0.929622
v -0.419084 0.686327 -0.911673
v -0.283040 0.649081 -0.876955
v 0.006604 0.623867 -0.879319
v 0.186089 -0.852049 0.647969
v 0.339577 -0.861266 0.817822
v 0.297189 -0.909701 0.682585
v 0.478604 -0.877676 0.835538
v 0.481960 -0.935259 0.708986
v 0.606914 -0.855343 0.812974
v 0.648906 -0.892251 0.698848
v 0.198618 -0.504891 0.972830
v 0.344796 -0.684943 0.988310
v 0.310985 -0.569246 1.030326
v 0.197530 -0.429322 0.974968
v 0.292181 -0.357248 1.017636
v 0.339059 -0.260925 0.986814
v 0.144003 -0.719045 0.848009
v 0.096641 -0.580702 0.893733
v 0.095162 -0.772981 0.715840
v 0.037117 -0.632673 0.766444
v 0.276133 -0.779242 0.912027
v 0.224942 -0.626407 0.956906
v 0.221608 -0.826751 0.767621
v 0.104185 -0.382790 0.921056
v 0.138311 -0.183601 0.910322
v 0.219502 -0.308611 0.960812
v 0.268679 -0.184735 0.943098
v 0.492076 -0.700322 1.004981
v 0.484312 -0.577205 1.056544
v 0.603980 -0.680286 0.983903
v 0.653686 -0.548117 1.015026
v 0.481687 -0.385730 1.051747
v 0.485417 -0.253402 0.994541
v 0.653985 -0.410417 1.008870
v 0.589844 -0.276442 0.973746
v 0.474409 -0.801028 0.939241
v 0.686401 -0.767001 0.903306
v 0.732089 -0.578078 0.957133
v 0.737423 -0.829978 0.707566
v 0.445820 -0.099026 0.910960
v 0.725737 -0.375952 0.953372
v 0.655163 -0.121685 0.859261
v 0.177238 -0.859849 0.514040
v 0.194737 -0.842244 0.399820
v 0.294412 -0.915101 0.506903
v 0.304639 -0.876791 0.356550
v 0.107770 -0.890554 -0.005380
v 0.297055 -0.903307 -0.050489
v 0.490168 -0.935029 0.502034
v 0.476070 -0.882375 0.354610
v 0.649423 -0.893613 0.524036
v 0.605079 -0.853868 0.388674
v 0.078400 -0.800708 0.512006
v 0.040127 -0.721263 0.252239
v 0.290627 -0.832587 0.270794
v 0.096619 -0.665382 0.122754
v 0.117418 -0.800952 0.038114
v 0.296811 -0.698212 0.071281
v 0.316154 -0.651070 0.056672
v 0.294950 -0.773638 0.047608
v 0.332759 -0.627544 0.050740
v 0.489271 -0.825201 0.261906
v 0.736532 -0.827300 0.496967
v 0.687981 -0.771008 0.307984
v 0.740009 -0.630613 0.254923
v 0.474337 -0.749520 0.157572
v 0.515507 -0.535793 0.002837
v 0.425034 -0.715662 -0.076557
v 0.426215 -0.531970 -0.018063
v 0.624717 -0.702058 0.194139
v 0.685933 -0.552702 0.135179
v 0.621594 -0.521406 -0.118467
v 0.791199 -0.701102 0.829983
v 0.831008 -0.565459 0.866242
v 0.830837 -0.746416 0.678498
v 0.899507 -0.571386 0.709421
v 0.815080 -0.402216 0.875709
v 0.782537 -0.236344 0.800949
v 0.896441 -0.321512 0.668501
v 0.842919 -0.291342 0.730876
v 0.965902 -0.135442 0.801518
v 0.975970 -0.317373 0.632845
v 1.038416 -0.217958 0.713200
v 1.164759 -0.166842 0.654907
v 0.826377 -0.746163 0.526845
v 0.917426 -0.445509 0.388206
v 0.788301 -0.697771 0.371163
v 0.862037 -0.503764 0.326652
v 0.949838 -0.482239 0.276738
v 0.902880 -0.429074 0.508910
v 0.878660 -0.474026 0.407332
v 1.038085 -0.365680 0.529442
v 1.095151 -0.279926 0.586483
v 1.022218 -0.449122 0.338699
v 0.759474 -0.555362 0.233344
v 0.843121 -0.504388 -0.032258
v 0.958955 -0.491131 0.150856
v 0.947190 -0.480023 0.031381
v 0.900197 -0.466189 -0.090057
v 1.052825 -0.453031 0.150788
v 1.020314 -0.444056 -0.033358
v 1.146653 -0.320297 0.467809
v 1.221663 -0.225847 0.532558
v 1.181538 -0.350585 0.335125
v 1.272433 -0.266640 0.334722
v 1.313613 -0.139857 0.458296
v 1.342195 -0.174899 0.335189
v 1.196836 -0.364153 0.150572
v 1.283875 -0.280147 0.150674
v 1.177385 -0.347729 -0.034181
v 1.267530 -0.262422 -0.033369
v 1.357543 -0.192944 0.150742
v 1.339727 -0.170572 -0.033256
v 0.388907 0.054475 0.965932
v 0.389050 0.070834 0.964148
v 0.126765 -0.014429 0.866196
v 0.162381 0.184859 0.840068
v 0.036515 0.025661 0.752101
v 0.044475 0.152489 0.723063
v 0.338890 -0.028316 0.958244
v 0.312121 0.143947 0.937686
v 0.164714 0.260642 0.801953
v 0.202744 0.444612 0.787999
v 0.017201 0.315475 0.681674
v 0.113455 0.516499 0.701261
v 0.318678 0.271069 0.892868
v 0.293336 0.516608 0.829726
v 0.237448 0.568226 0.767484
v 0.405083 0.054470 0.967785
v 0.405120 0.070934 0.965967
v 0.713949 0.248521 0.967306
v 0.713957 0.266894 0.967874
v 0.396924 -0.017397 0.945431
v 0.510198 0.145636 0.951865
v 0.562374 -0.151960 0.883647
v 0.656065 0.175792 0.963892
v 0.474817 0.342697 0.944108
v 0.474257 0.528448 0.904532
v 0.655633 0.333834 0.972032
v 0.659958 0.528385 0.935331
v 0.162941 0.662900 0.647605
v 0.361187 0.636962 0.799849
v 0.284573 0.718695 0.709691
v 0.344044 0.824435 0.638107
v 0.475391 0.677058 0.832408
v 0.476252 0.767525 0.766445
v 0.474957 0.861108 0.677601
v 0.659823 0.705076 0.853774
v 0.660345 0.790313 0.784061
v 0.659729 0.884765 0.702482
v 0.045110 0.577769 0.577924
v 0.102647 0.718282 0.527991
v 0.175781 0.822031 0.466914
v 0.050353 0.767017 0.334897
v 0.139732 0.854192 0.335524
v 0.226055 0.778563 0.585286
v 0.281502 0.874439 0.529500
v 0.292161 0.954610 0.351600
v 0.357707 0.995148 0.299314
v 0.018689 0.776204 0.099986
v 0.018162 0.787982 0.095861
v 0.094714 0.797905 -0.116266
v 0.251854 0.955603 0.150901
v 0.293452 0.952391 -0.045906
v 0.343585 1.003317 0.150872
v 0.359900 0.992378 0.009443
v 0.458534 0.960133 0.525318
v 0.393080 0.971870 0.418009
v 0.660262 0.966645 0.579218
v 0.511000 0.999815 0.463707
v 0.458322 1.026629 0.352000
v 0.660203 1.015685 0.488901
v 0.659818 1.065885 0.335943
v 0.399818 0.969864 -0.109744
v 0.474839 1.054270 0.150750
v 0.463147 1.022487 -0.046236
v 0.659897 1.083973 0.150685
v 0.660033 1.060779 -0.035117
v 0.751644 0.248597 0.964152
v 0.751671 0.266926 0.964573
v 0.845616 -0.028648 0.903892
v 0.827171 0.174693 0.960301
v 1.032810 -0.027151 0.840059
v 1.032914 0.157174 0.893887
v 1.087666 -0.081475 0.769826
v 0.827187 0.334028 0.963072
v 0.846237 0.528893 0.921113
v 1.033947 0.343461 0.896763
v 1.017647 0.527551 0.858863
v 1.093957 0.581770 0.769012
v 1.128601 0.040574 0.796490
v 1.149106 0.158899 0.815979
v 1.220710 -0.025073 0.704183
v 1.248790 0.158172 0.730516
v 1.302547 0.043354 0.615315
v 1.317468 0.159233 0.631377
v 1.147340 0.342453 0.814828
v 1.126081 0.459861 0.795304
v 1.253866 0.353525 0.712440
v 1.208330 0.530928 0.692527
v 1.311383 0.305576 0.624879
v 0.845805 0.689990 0.842917
v 0.844624 0.778634 0.774888
v 0.846857 0.872157 0.689211
v 0.973916 0.650062 0.811467
v 1.042013 0.726927 0.723894
v 0.985920 0.835041 0.648989
v 1.153627 0.665355 0.651356
v 1.280500 -0.079099 0.580025
v 1.346056 -0.024372 0.523492
v 1.383013 0.159014 0.522111
v 1.415516 -0.027950 0.336929
v 1.442575 0.159511 0.336097
v 1.291294 0.424985 0.599072
v 1.287240 0.543108 0.533695
v 1.291875 0.609189 0.417979
v 1.349313 0.358351 0.534630
v 1.325291 0.492196 0.482360
v 1.416696 0.343746 0.335025
v 1.347680 0.542254 0.350122
v 1.439277 -0.028489 0.151137
v 1.468715 0.158977 0.151685
v 1.418243 -0.029022 -0.035328
v 1.457151 0.158541 -0.034028
v 1.447339 0.343757 0.152077
v 1.392584 0.526768 0.152244
v 1.446135 0.344184 -0.032723
v 1.395504 0.528523 -0.032108
v 0.845505 0.959638 0.561279
v 1.101516 0.781237 0.588048
v 1.026903 0.905851 0.520398
v 1.068388 0.949551 0.335485
v 0.845088 1.005101 0.468265
v 0.846224 1.050641 0.336537
v 0.942121 0.978411 0.433397
v 0.973785 1.002851 0.334720
v 1.087672 0.960948 0.151241
v 1.068130 0.956960 -0.033808
v 0.846222 1.070671 0.150719
v 0.846434 1.046871 -0.035417
v 0.997833 1.016684 0.151093
v 0.973769 1.003215 -0.033240
v 1.196781 0.723352 0.529012
v 1.141218 0.823324 0.469258
v 1.269086 0.707018 0.350153
v 1.172399 0.855793 0.335164
v 1.311607 0.642308 0.298555
v 1.276752 0.758013 0.151695
v 1.193786 0.876165 0.151867
v 1.274105 0.757256 -0.031974
v 1.186966 0.866454 -0.033939
v 1.327919 0.666563 0.151819
v 1.329578 0.664587 -0.031309
v 0.087647 -1.069611 -0.258282
v 0.019930 -1.064455 -0.176239
v 0.150769 -1.069541 -0.364589
v 0.199682 -1.008984 -0.475484
v 0.236578 -1.033500 -0.262424
v 0.339125 -0.975869 -0.185879
v 0.236134 -1.045244 -0.374857
v 0.319188 -0.991208 -0.407958
v 0.125442 -1.122543 -0.570044
v 0.205052 -1.006518 -0.572492
v 0.104273 -1.090275 -0.760240
v 0.178716 -0.971707 -0.752639
v 0.304488 -0.889632 -0.579730
v 0.220112 -0.904173 -0.736925
v 0.420457 -0.874940 -0.217030
v 0.462646 -0.801358 -0.388803
v 0.367611 -0.870600 -0.504310
v 0.484907 -0.877439 -0.752683
v 0.572542 -0.834529 -0.656263
v 0.576867 -0.844805 -0.752504
v 0.388113 -0.831074 -0.122493
v 0.504794 -0.684234 -0.202954
v 0.464284 -0.652832 -0.151432
v 0.453950 -0.801692 -0.377822
v 0.602711 -0.673339 -0.274060
v 0.694378 -0.497792 -0.134593
v 0.669731 -0.713531 -0.385905
v 0.724722 -0.633140 -0.332016
v 0.527565 -0.831845 -0.532650
v 0.653961 -0.799036 -0.581818
v 0.674348 -0.808269 -0.752681
v 0.060568 -1.046544 -0.879854
v 0.199168 -0.878326 -0.895740
v 0.043611 -0.858330 -1.036521
v 0.217207 -0.865061 -0.978579
v 0.484380 -0.862852 -0.893189
v 0.571878 -0.834216 -0.846587
v 0.118536 -0.836542 -0.980957
v 0.036021 -0.807631 -1.066061
v 0.313844 -0.840984 -1.024316
v 0.316428 -0.802669 -1.123025
v 0.115119 -0.690161 -1.242434
v 0.101606 -0.566302 -1.350199
v 0.168934 -0.480049 -1.392896
v 0.300309 -0.699099 -1.249834
v 0.278268 -0.582932 -1.342640
v 0.227923 -0.477645 -1.387666
v 0.047924 -0.463519 -1.381829
v 0.117834 -0.400245 -1.430790
v 0.095292 -0.205485 -1.476433
v 0.349560 -0.442642 -1.380287
v 0.294939 -0.384908 -1.414235
v 0.301754 -0.202981 -1.448766
v 0.484413 -0.838315 -0.986200
v 0.497782 -0.764619 -1.139281
v 0.565209 -0.649712 -1.201547
v 0.674757 -0.777265 -0.959478
v 0.671930 -0.707637 -1.087397
v 0.689863 -0.614284 -1.170465
v 0.745888 -0.463588 -1.201039
v 0.447250 -0.681926 -1.231947
v 0.502177 -0.597604 -1.276021
v 0.632189 -0.535951 -1.246029
v 0.478604 -0.383532 -1.359930
v 0.534989 -0.202214 -1.376691
v 0.412999 -0.320791 -1.393299
v 0.444443 -0.202331 -1.408885
v 0.680997 -0.397948 -1.268288
v 0.666304 -0.203000 -1.321020
v 0.776102 -0.459123 -0.196758
v 0.768498 -0.667844 -0.454381
v 0.851786 -0.565329 -0.393813
v 0.936890 -0.480204 -0.470377
v 0.831632 -0.428785 -0.241338
v 0.901176 -0.374211 -0.274838
v 1.030451 -0.356611 -0.221361
v 1.085576 -0.273730 -0.277125
v 0.967391 -0.309701 -0.323244
v 1.015618 -0.199773 -0.417568
v 0.797961 -0.694759 -0.568959
v 0.894728 -0.604889 -0.567476
v 0.815328 -0.710560 -0.752540
v 0.906312 -0.620207 -0.752502
v 0.961031 -0.508505 -0.569026
v 0.974781 -0.527945 -0.752504
v 1.026017 -0.389786 -0.566658
v 1.073732 -0.204425 -0.567287
v 1.050869 -0.391009 -0.752680
v 1.097068 -0.204181 -0.752753
v 1.140847 -0.315140 -0.156691
v 1.217033 -0.214316 -0.221412
v 1.155511 -0.155831 -0.341202
v 1.311090 -0.135397 -0.150185
v 0.796078 -0.695149 -0.934179
v 0.904705 -0.584066 -0.949282
v 0.760431 -0.661075 -1.035164
v 0.813808 -0.557748 -1.116003
v 0.964401 -0.511375 -0.902117
v 0.929216 -0.467748 -1.018947
v 0.888193 -0.426581 -1.124369
v 0.895192 -0.202894 -1.177318
v 1.016375 -0.405024 -0.930724
v 1.069379 -0.204430 -0.938596
v 0.964921 -0.351369 -1.061317
v 0.988029 -0.204131 -1.089615
v 0.777277 -0.344057 -1.222998
v 0.801897 -0.202323 -1.240759
v 0.710785 0.584013 -0.588264
v 0.693502 0.587582 -0.752561
v 0.073754 0.706845 -0.202583
v 0.085148 0.774084 -0.144968
v 0.096374 0.622452 -0.341138
v 0.228251 0.779225 -0.283204
v 0.284944 0.868473 -0.226324
v 0.319319 0.671951 -0.479334
v 0.347644 0.818852 -0.329683
v 0.015829 0.655269 -0.537705
v 0.114514 0.681814 -0.753575
v 0.287903 0.680868 -0.482608
v 0.299441 0.702120 -0.753371
v 0.463418 0.951873 -0.218178
v 0.479994 0.747827 -0.444329
v 0.476196 0.851839 -0.364418
v 0.660207 0.957411 -0.264463
v 0.660472 0.773350 -0.468975
v 0.660211 0.871303 -0.384521
v 0.518895 0.993198 -0.151902
v 0.660169 1.007046 -0.172838
v 0.490934 0.658301 -0.507764
v 0.484720 0.679717 -0.753084
v 0.628964 0.611517 -0.583805
v 0.606463 0.634805 -0.752598
v 0.052801 0.606035 -1.000006
v 0.110963 0.583400 -1.115605
v 0.299390 0.589636 -1.149569
v 0.103248 -0.015584 -1.487087
v 0.111424 0.169784 -1.460547
v 0.301859 -0.020668 -1.464209
v 0.301981 0.164077 -1.455646
v 0.113672 0.380744 -1.356575
v 0.114469 0.483396 -1.259218
v 0.115874 0.283236 -1.410636
v 0.300206 0.389298 -1.366128
v 0.299582 0.498142 -1.273628
v 0.300556 0.294610 -1.415697
v 0.549825 0.607118 -1.003548
v 0.490250 0.583614 -1.116502
v 0.664625 0.588083 -0.944237
v 0.722327 0.404714 -1.179726
v 0.669107 0.500262 -1.125044
v 0.554571 -0.020651 -1.383022
v 0.541716 0.161340 -1.381203
v 0.465009 -0.020746 -1.417768
v 0.451567 0.161882 -1.414942
v 0.666003 -0.020794 -1.335724
v 0.669302 0.162674 -1.328915
v 0.484395 0.357082 -1.356516
v 0.484358 0.482354 -1.255450
v 0.418994 0.273194 -1.396639
v 0.673078 0.332970 -1.281296
v 0.598685 0.450230 -1.222685
v 0.112265 0.649285 -0.940506
v 0.173549 0.622613 -1.042059
v 0.299222 0.675167 -0.937807
v 0.299307 0.633911 -1.054671
v 0.489416 0.651720 -0.943204
v 0.429355 0.624046 -1.043731
v 0.592622 0.625102 -0.883080
v 1.055321 -0.056468 -0.480128
v 1.087988 0.577526 -0.469419
v 1.068984 0.009719 -0.498300
v 1.068401 0.164729 -0.552118
v 1.099371 -0.018703 -0.752717
v 1.063852 0.163511 -0.753414
v 0.850204 0.569476 -0.571106
v 0.912068 0.408430 -0.817125
v 0.831765 0.526230 -0.750903
v 1.050469 0.374179 -0.556911
v 0.975017 0.459238 -0.587366
v 0.999154 0.362156 -0.765005
v 0.953198 0.453329 -0.700713
v 1.276047 -0.073607 -0.273673
v 1.209265 -0.012420 -0.398190
v 1.234977 0.157247 -0.430534
v 1.348072 -0.021821 -0.220050
v 1.397651 0.159911 -0.218755
v 1.301470 0.050106 -0.311005
v 1.320436 0.158768 -0.331519
v 1.281909 0.581183 -0.277353
v 1.240775 0.342799 -0.433550
v 1.217653 0.524873 -0.406331
v 1.394612 0.344204 -0.220485
v 1.344928 0.526354 -0.220554
v 1.321837 0.342072 -0.333613
v 1.303626 0.458616 -0.314353
v 1.116670 0.061747 -0.484290
v 1.136214 0.158638 -0.502186
v 1.140925 0.341753 -0.505453
v 1.123661 0.454930 -0.489594
v 0.845006 0.953756 -0.251438
v 0.844041 0.762444 -0.462274
v 0.845330 0.862046 -0.374413
v 1.104274 0.785816 -0.292579
v 1.034390 0.901801 -0.222112
v 1.054307 0.730438 -0.404139
v 0.988722 0.831499 -0.341765
v 0.844144 1.000002 -0.157044
v 0.940547 0.976717 -0.127984
v 0.844126 0.670625 -0.523368
v 0.965814 0.638525 -0.498865
v 1.232005 0.722157 -0.230167
v 1.153557 0.832300 -0.176716
v 1.167045 0.673911 -0.354788
v 1.310204 0.637616 -0.155062
v 0.905586 -0.020542 -1.183191
v 0.906955 0.180870 -1.156371
v 1.076302 -0.017225 -0.934379
v 1.033140 0.168710 -0.940835
v 0.990405 -0.021181 -1.102582
v 0.972431 0.146672 -1.085639
v 0.896029 0.384060 -0.935873
v 0.811964 0.487320 -0.938002
v 0.845817 0.337038 -1.129320
v 0.775958 0.453566 -1.055909
v 0.985369 0.276542 -0.912329
v 0.938257 0.261768 -1.034682
v 0.814504 -0.020714 -1.250710
v 0.803349 0.162626 -1.246441
v 0.773745 0.281078 -1.223348
vn -0.6950 -0.3082 0.6497
vn -0.9282 -0.3620 0.0858
vn -0.6604 -0.6652 0.3483
vn -0.7497 -0.4494 0.4858
vn -0.6940 -0.7076 0.1325
vn -0.8544 -0.4865 0.1826
vn -0.4090 -0.3138 0.8569
vn -0.4058 -0.6754 0.6157
vn -0.5141 -0.4489 0.7309
vn -0.1998 -0.3986 0.8951
vn -0.1804 -0.7254 0.6643
vn -0.2501 -0.5093 0.8235
vn -0.3649 -0.9277 0.0781
vn -0.1232 -0.9362 0.3293
vn -0.2279 -0.9574 0.1772
vn -0.4668 -0.7765 0.4232
vn -0.5990 -0.5707 0.5617
vn -0.4992 -0.8556 0.1372
vn -0.2019 -0.8774 0.4352
vn -0.3191 -0.9121 0.2576
vn -0.5988 -0.4110 0.6874
vn -0.9245 -0.3701 -0.0915
vn -0.6906 -0.7075 -0.1501
vn -0.8424 -0.5062 -0.1849
vn -0.6608 -0.6689 -0.3405
vn -0.7486 -0.5138 -0.4190
vn -0.5374 -0.8026 0.2587
vn -0.7945 -0.3654 0.4850
vn -0.7800 -0.5706 0.2571
vn -0.8302 -0.4431 0.3384
vn -0.6015 -0.6138 0.5113
vn -0.8709 -0.4901 0.0361
vn -0.6533 -0.6728 0.3472
vn -0.7421 -0.5229 0.4194
vn -0.3688 -0.9281 -0.0518
vn -0.2476 -0.9661 -0.0733
vn -0.7649 -0.6365 -0.0986
vn -0.4927 -0.8566 -0.1533
vn -0.5153 -0.7752 -0.3655
vn -0.6393 -0.6110 -0.4668
vn -0.3936 -0.8883 -0.2368
vn -0.8752 -0.4240 -0.2332
vn -0.3805 -0.7963 0.4702
vn -0.4520 -0.8223 0.3458
vn -0.4289 -0.8293 -0.3581
vn -0.6706 -0.2090 0.7118
vn -0.5885 -0.5220 0.6174
vn -0.5720 -0.8198 0.0277
vn -0.7231 -0.6875 0.0670
vn -0.5062 -0.7580 0.4113
vn -0.8159 -0.5779 0.0159
vn 0.0888 -0.4329 0.8971
vn 0.0913 -0.7279 0.6796
vn 0.0982 -0.5686 0.8168
vn 0.2982 -0.3906 0.8709
vn 0.3383 -0.6774 0.6533
vn 0.3672 -0.5061 0.7804
vn 0.0629 -0.9310 0.3595
vn 0.0151 -0.9773 0.2114
vn 0.2031 -0.9056 0.3723
vn 0.2389 -0.9352 0.2615
vn 0.0829 -0.8652 0.4946
vn 0.3306 -0.7913 0.5144
vn 0.3490 -0.8672 0.3552
vn 0.4554 -0.6273 0.6317
vn 0.5371 -0.4610 0.7064
vn 0.3685 -0.9009 0.2295
vn -0.7813 -0.1605 0.6031
vn -0.7868 -0.5566 0.2668
vn -0.8357 -0.3399 0.4313
vn 0.5163 -0.6843 0.5150
vn 0.6152 -0.5079 0.6029
vn 0.5131 -0.7837 0.3500
vn -0.0820 -0.5027 0.8605
vn -0.0548 -0.2474 0.9674
vn -0.1730 -0.7031 0.6897
vn -0.3243 -0.4020 0.8563
vn -0.3458 -0.6434 0.6829
vn -0.4208 -0.4925 0.7618
vn -0.1761 -0.4599 0.8704
vn -0.1231 -0.6927 0.7106
vn -0.1411 -0.5635 0.8140
vn 0.1067 -0.4977 0.8608
vn 0.1621 -0.7096 0.6857
vn 0.1178 -0.5962 0.7942
vn 0.2686 -0.4785 0.8360
vn 0.3462 -0.6816 0.6447
vn 0.3088 -0.6195 0.7217
vn 0.0173 -0.8485 0.5288
vn -0.4053 -0.8559 0.3212
vn -0.3855 -0.9085 0.1616
vn 0.1411 -0.7468 0.6500
vn -0.4558 -0.7675 0.4508
vn -0.3287 -0.4855 0.8101
vn -0.4647 -0.6315 0.6207
vn -0.6968 -0.4639 0.5471
vn -0.4035 -0.2045 0.8919
vn -0.1262 0.4492 0.8845
vn -0.3860 -0.8330 0.3964
vn -0.2198 -0.3785 0.8991
vn 0.1578 -0.7006 0.6958
vn -0.3317 -0.8336 0.4417
vn -0.2573 -0.3772 0.8897
vn -0.4359 -0.6618 0.6099
vn -0.5680 -0.2889 0.7706
vn -0.0537 -0.9653 0.2554
vn 0.2993 -0.5114 0.8055
vn -0.1925 -0.5956 0.7799
vn -0.0660 -0.7696 0.6351
vn 0.4401 -0.7215 0.5346
vn 0.2895 -0.5101 0.8099
vn -0.7333 -0.0864 0.6744
vn -0.7322 0.0957 0.6743
vn -0.7144 0.2105 0.6673
vn -0.9084 -0.0616 0.4136
vn -0.8992 0.0512 0.4345
vn -0.9611 -0.1907 0.1996
vn -0.9736 0.0948 0.2076
vn -0.8452 -0.1289 0.5187
vn -0.8286 0.1166 0.5475
vn -0.8963 -0.2735 0.3492
vn -0.8771 0.1891 0.4415
vn -0.9471 0.2616 0.1857
vn -0.7699 0.3094 0.5581
vn -0.7197 0.5276 0.4513
vn -0.8953 0.3672 0.2522
vn -0.7642 0.6221 0.1703
vn -0.4697 -0.1517 0.8697
vn -0.5093 0.0915 0.8557
vn -0.6002 -0.1439 0.7868
vn -0.6418 0.0965 0.7608
vn -0.2296 -0.1890 0.9548
vn -0.2633 0.0915 0.9604
vn -0.4936 0.2161 0.8424
vn -0.5831 0.3147 0.7490
vn -0.4832 0.5699 0.6646
vn -0.2565 0.3310 0.9081
vn -0.0949 0.4968 0.8627
vn -0.3343 0.4219 0.8427
vn -0.2199 0.6534 0.7244
vn -0.6703 0.3928 0.6296
vn -0.5564 0.6591 0.5059
vn -0.6027 0.7781 0.1772
vn -0.3020 0.7815 0.5459
vn -0.1019 0.8213 0.5614
vn -0.4028 0.8405 0.3625
vn -0.4511 0.8827 0.1318
vn -0.1883 0.8919 0.4111
vn -0.1907 0.9719 0.1379
vn -0.9684 -0.2020 -0.1465
vn -0.9872 0.0843 -0.1352
vn -0.9184 -0.1611 -0.3615
vn -0.9301 0.0747 -0.3597
vn -0.8749 -0.3500 -0.3347
vn -0.8865 -0.2166 -0.4090
vn -0.9354 0.0012 -0.3536
vn -0.9437 0.2993 -0.1409
vn -0.9098 0.2569 -0.3259
vn -0.8854 0.4414 -0.1454
vn -0.7410 0.6541 -0.1517
vn -0.9006 0.3691 0.2297
vn -0.7522 0.6058 0.2594
vn -0.8272 -0.2200 0.5170
vn -0.8419 0.0038 0.5396
vn -0.9100 -0.2254 0.3481
vn -0.9405 0.0069 0.3398
vn -0.9599 -0.2605 0.1033
vn -0.8000 0.0571 0.5972
vn -0.8250 0.2205 0.5204
vn -0.7998 0.3596 0.4807
vn -0.9151 0.2288 0.3321
vn -0.8433 0.4334 0.3178
vn -0.7226 0.2481 0.6452
vn -0.6755 0.4520 0.5826
vn -0.7598 0.5115 0.4013
vn -0.5886 0.7946 -0.1487
vn -0.6228 0.7498 0.2235
vn -0.5229 0.5305 0.6672
vn -0.8011 0.5504 0.2352
vn -0.5986 0.6060 0.5239
vn -0.6721 0.6607 0.3343
vn -0.5669 0.7841 0.2525
vn -0.4562 0.8785 -0.1419
vn -0.4827 0.8408 0.2453
vn -0.2153 0.9691 -0.1204
vn -0.2607 0.9317 0.2529
vn -0.4436 0.6766 0.5877
vn -0.3552 0.7927 0.4954
vn -0.5100 0.7513 0.4190
vn -0.4342 0.8324 0.3445
vn -0.2289 0.7385 0.6343
vn -0.2229 0.8220 0.5240
vn -0.2223 0.9066 0.3588
vn 0.1076 -0.2043 0.9730
vn 0.0814 0.0887 0.9927
vn 0.3554 -0.2068 0.9115
vn 0.3744 0.0798 0.9238
vn 0.4869 -0.2023 0.8497
vn 0.5146 0.0832 0.8534
vn 0.0774 0.3590 0.9301
vn -0.0033 0.5057 0.8627
vn 0.2136 0.5020 0.8381
vn 0.0968 0.6761 0.7305
vn 0.3220 0.2992 0.8982
vn 0.4184 0.3998 0.8155
vn 0.3851 0.6192 0.6843
vn 0.2247 0.7956 0.5626
vn 0.3683 0.7607 0.5344
vn 0.6268 -0.2062 0.7514
vn 0.6264 0.0900 0.7743
vn 0.7305 -0.1186 0.6726
vn 0.7308 0.0914 0.6764
vn 0.6107 0.3625 0.7041
vn 0.5339 0.5564 0.6367
vn 0.7113 0.2539 0.6554
vn 0.6978 -0.2972 0.6517
vn 0.0512 0.0257 0.9984
vn 0.8039 0.1139 0.5838
vn 0.2751 0.3057 0.9115
vn 0.8574 0.1553 0.4907
vn 0.6685 0.4505 0.5917
vn 0.5757 0.6644 0.4765
vn 0.5940 0.7530 0.2832
vn 0.7535 0.3816 0.5353
vn 0.7003 0.5726 0.4263
vn 0.0984 0.5615 0.8216
vn -0.0639 0.7120 0.6992
vn 0.0423 0.8243 0.5645
vn 0.1015 0.8982 0.4277
vn 0.0747 0.9837 0.1637
vn 0.3462 0.8517 0.3933
vn 0.3143 0.9286 0.1972
vn 0.4710 0.8033 0.3644
vn 0.4707 0.8506 0.2346
vn 0.5603 0.8253 0.0707
vn 0.4411 0.6745 0.5920
vn -0.1136 0.9010 0.4187
vn -0.0284 0.8093 0.5867
vn 0.0354 0.9959 -0.0838
vn 0.0058 0.9621 0.2725
vn 0.2644 0.9637 -0.0367
vn 0.1584 0.9042 0.3968
vn -0.0195 0.7374 0.6752
vn -0.0600 0.8230 0.5649
vn 0.0012 0.9437 0.3307
vn -0.0633 0.5547 0.8296
vn -0.1167 0.7056 0.6990
vn -0.1155 0.8971 0.4264
vn -0.3220 0.9395 0.1168
vn 0.4440 0.8959 0.0153
vn 0.3113 0.8175 0.4845
vn -0.7535 0.5268 0.3933
vn -0.3686 0.5680 0.7359
vn 0.0404 0.4654 0.8842
vn 0.0260 0.6759 0.7365
vn 0.0699 0.8741 0.4806
vn -0.2311 0.7446 0.6262
vn 0.4835 0.6111 0.6267
vn 0.5901 0.7866 0.1818
vn 0.0510 0.9881 0.1452
vn 0.4227 0.9056 0.0358
vn -0.8276 -0.3578 0.4326
vn -0.7804 -0.6160 0.1077
vn -0.8592 -0.4576 0.2291
vn -0.5926 -0.6577 0.4650
vn -0.6848 -0.4859 0.5430
vn -0.6484 -0.7378 0.1877
vn -0.7671 -0.5535 0.3245
vn -0.7809 -0.6237 -0.0338
vn -0.8676 -0.4892 -0.0891
vn -0.7956 -0.4761 -0.3746
vn -0.6495 -0.7338 -0.1992
vn -0.7223 -0.6265 -0.2928
vn -0.5156 -0.7091 -0.4810
vn -0.6283 -0.6254 -0.4626
vn -0.5568 -0.8193 0.1368
vn -0.5623 -0.8216 -0.0940
vn -0.8030 -0.5818 0.1291
vn -0.8864 -0.4466 0.1217
vn -0.8115 -0.5755 -0.1014
vn -0.8940 -0.4327 -0.1164
vn -0.6934 -0.7077 0.1355
vn -0.7001 -0.7075 -0.0964
vn -0.5488 -0.8056 -0.2233
vn -0.7970 -0.5549 -0.2385
vn -0.8491 -0.4147 -0.3271
vn -0.8193 -0.3284 -0.4700
vn -0.6776 -0.6665 -0.3109
vn -0.7723 -0.4990 -0.3930
vn -0.6257 -0.6030 -0.4949
vn -0.7010 -0.4386 -0.5623
vn -0.8651 -0.1774 0.4692
vn -0.7797 -0.5057 0.3691
vn -0.9569 -0.1713 0.2347
vn -0.8568 -0.5085 0.0855
vn -0.7828 -0.1874 0.5934
vn -0.6857 -0.5238 0.5054
vn -0.9792 -0.1935 -0.0602
vn -0.8464 -0.4915 -0.2047
vn -0.9049 -0.2260 -0.3607
vn -0.9385 0.0932 -0.3324
vn -0.8808 -0.2797 -0.3820
vn -0.8381 -0.1794 -0.5152
vn -0.5469 -0.5320 -0.6465
vn -0.7057 -0.4717 -0.5287
vn -0.5623 -0.5734 -0.5958
vn -0.6254 -0.3737 -0.6850
vn -0.7974 -0.2606 -0.5443
vn -0.8462 0.0699 -0.5283
vn -0.6496 -0.3457 -0.6771
vn -0.7379 0.0712 -0.6712
vn -0.5588 -0.3178 -0.7660
vn -0.6092 0.0586 -0.7908
vn -0.7147 -0.1784 -0.6763
vn -0.4522 -0.4386 -0.7766
vn -0.3443 -0.3566 -0.8685
vn -0.5733 -0.1375 -0.8077
vn -0.3654 -0.1332 -0.9213
vn -0.5722 0.3106 -0.7590
vn -0.2168 -0.3872 -0.8962
vn -0.2994 -0.8599 0.4135
vn -0.3653 -0.9102 0.1951
vn -0.1084 -0.8877 0.4474
vn -0.1261 -0.9695 0.2103
vn -0.4039 -0.7439 0.5324
vn -0.5006 -0.5792 0.6434
vn -0.4967 -0.8457 0.1955
vn -0.1122 -0.8092 0.5767
vn -0.3841 -0.9046 -0.1849
vn -0.3639 -0.8181 -0.4454
vn -0.1751 -0.9711 -0.1623
vn -0.2339 -0.8669 -0.4402
vn -0.4903 -0.8426 -0.2226
vn -0.4177 -0.7480 -0.5158
vn -0.4601 -0.6786 -0.5725
vn -0.2732 -0.7904 -0.5483
vn 0.1662 -0.8819 0.4412
vn 0.1533 -0.9615 0.2281
vn 0.3397 -0.8462 0.4105
vn 0.3848 -0.8898 0.2453
vn 0.1586 -0.8189 0.5516
vn 0.4425 -0.7493 0.4926
vn 0.3866 -0.7098 0.5889
vn 0.5100 -0.8269 0.2369
vn 0.1125 -0.9890 -0.0963
vn 0.0483 -0.9092 -0.4135
vn 0.3987 -0.9157 -0.0508
vn 0.3207 -0.8982 -0.3007
vn 0.0003 -0.8409 -0.5413
vn 0.5482 -0.8357 -0.0341
vn 0.4234 -0.8221 -0.3807
vn -0.3895 -0.7027 -0.5954
vn -0.4230 -0.6347 -0.6466
vn -0.3778 -0.5810 -0.7209
vn -0.2725 -0.7230 -0.6348
vn -0.3170 -0.6581 -0.6829
vn -0.2210 -0.6813 -0.6979
vn -0.2147 -0.5531 -0.8050
vn 0.0087 -0.7872 -0.6166
vn -0.0044 -0.6838 -0.7296
vn 0.0496 -0.5315 -0.8456
vn 0.3725 -0.6965 -0.6133
vn 0.5125 -0.5218 -0.6819
vn 0.2314 -0.6354 -0.7367
vn 0.3965 -0.4536 -0.7982
vn -0.4633 -0.5583 -0.6882
vn -0.4187 -0.3340 -0.8445
vn -0.3878 0.0645 -0.9195
vn -0.2043 -0.3245 -0.9235
vn -0.1387 0.0761 -0.9874
vn -0.4947 0.4279 -0.7565
vn -0.3405 -0.0294 -0.9398
vn -0.3653 0.3800 -0.8498
vn -0.2177 0.0863 -0.9722
vn -0.5130 0.0999 -0.8525
vn -0.3522 0.0227 -0.9356
vn -0.0432 -0.1144 -0.9925
vn 0.0006 -0.0127 -0.9999
vn -0.8127 -0.0508 -0.5805
vn 0.1143 -0.2332 -0.9657
vn -0.2013 -0.1580 -0.9667
vn -0.0854 -0.5618 -0.8228
vn -0.1061 -0.4305 -0.8964
vn -0.4022 -0.0669 -0.9131
vn -0.7938 -0.1906 -0.5775
vn 0.0522 -0.0811 -0.9953
vn -0.2830 -0.3155 -0.9057
vn -0.3890 -0.6705 -0.6318
vn -0.5149 -0.5169 -0.6839
vn -0.6650 -0.3403 -0.6648
vn -0.6866 -0.1290 -0.7155
vn -0.5467 -0.0475 -0.8360
vn -0.4375 -0.3730 -0.8182
vn -0.5273 -0.1976 -0.8264
vn -0.3114 -0.2955 -0.9032
vn -0.3834 -0.1322 -0.9141
vn -0.9708 -0.2144 0.1076
vn -0.9955 0.0182 0.0930
vn -0.9710 -0.1982 -0.1336
vn -0.9885 0.0301 -0.1481
vn -0.9681 0.2365 0.0824
vn -0.8957 0.4366 0.0843
vn -0.9588 0.2387 -0.1542
vn -0.8820 0.4406 -0.1672
vn -0.8179 0.5187 -0.2489
vn -0.9188 -0.1822 -0.3503
vn -0.9319 0.0384 -0.3608
vn -0.8503 -0.1751 -0.4964
vn -0.8636 0.0396 -0.5027
vn -0.7836 -0.1809 -0.5943
vn -0.8018 0.0364 -0.5965
vn -0.9027 0.2336 -0.3614
vn -0.8545 0.3740 -0.3605
vn -0.8464 0.2292 -0.4807
vn -0.8209 0.3390 -0.4595
vn -0.8017 0.4773 -0.3597
vn -0.7862 0.2323 -0.5727
vn -0.7259 0.4198 -0.5448
vn -0.6001 0.4955 -0.6280
vn -0.8243 0.5580 0.0956
vn -0.8299 0.5499 -0.0937
vn -0.7179 0.6879 0.1071
vn -0.5918 0.7978 0.1156
vn -0.7316 0.6676 -0.1376
vn -0.6016 0.7909 -0.1126
vn -0.6890 0.6392 -0.3418
vn -0.5919 0.7681 -0.2444
vn -0.6583 0.5627 -0.5000
vn -0.4537 0.8816 0.1304
vn -0.4653 0.8790 -0.1047
vn -0.2231 0.9652 0.1362
vn -0.2267 0.9692 -0.0963
vn -0.5572 0.7317 -0.3926
vn -0.4700 0.8236 -0.3173
vn -0.5012 0.6582 -0.5617
vn -0.3995 0.7872 -0.4697
vn -0.2333 0.9175 -0.3221
vn -0.2453 0.7424 -0.6234
vn -0.2407 0.8270 -0.5081
vn -0.6749 -0.1916 -0.7126
vn -0.6937 0.0325 -0.7196
vn -0.6766 0.2333 -0.6985
vn -0.6459 0.3722 -0.6665
vn -0.5176 -0.2015 -0.8315
vn -0.5541 0.0234 -0.8321
vn -0.3879 -0.2094 -0.8976
vn -0.4190 0.0111 -0.9079
vn -0.2269 -0.2266 -0.9472
vn -0.2359 0.0069 -0.9717
vn -0.5141 0.2504 -0.8204
vn -0.4815 0.4452 -0.7549
vn -0.4100 0.1756 -0.8950
vn -0.3680 0.3304 -0.8691
vn -0.2683 0.4629 -0.8448
vn -0.2635 0.2403 -0.9343
vn -0.1909 0.3784 -0.9058
vn -0.4268 0.5908 -0.6847
vn -0.2427 0.6379 -0.7309
vn 0.4990 0.5583 -0.6628
vn 0.0683 0.8830 -0.4643
vn 0.0115 0.9902 0.1395
vn 0.0100 0.9955 -0.0937
vn -0.0843 0.9923 -0.0909
vn 0.2129 0.9692 -0.1239
vn -0.3192 0.9173 -0.2380
vn 0.0118 0.9474 -0.3197
vn 0.0035 0.7670 -0.6416
vn 0.0098 0.8514 -0.5244
vn 0.2387 0.9176 -0.3180
vn 0.2367 0.7520 -0.6153
vn 0.2372 0.8343 -0.4976
vn 0.1701 0.9280 -0.3314
vn 0.3927 0.7708 -0.5018
vn 0.7202 0.5580 -0.4123
vn 0.5190 0.6931 -0.5003
vn 0.6148 0.6301 -0.4743
vn 0.5126 0.7054 -0.4896
vn 0.0602 0.9518 -0.3006
vn 0.4145 0.8782 -0.2386
vn 0.5141 0.7604 -0.3969
vn 0.4378 0.8424 -0.3141
vn 0.4529 0.6868 -0.5685
vn 0.3725 0.8051 -0.4616
vn 0.1565 0.9640 -0.2150
vn 0.5459 0.8016 -0.2438
vn 0.1033 0.9225 -0.3719
vn 0.0076 -0.2315 -0.9728
vn 0.0054 0.0041 -1.0000
vn -0.4231 -0.0614 -0.9040
vn -0.3334 0.1101 -0.9363
vn -0.0032 0.5165 -0.8563
vn 0.0031 0.2173 -0.9761
vn 0.0017 0.3929 -0.9196
vn 0.2390 0.4851 -0.8412
vn 0.2400 0.2187 -0.9458
vn 0.2306 0.3694 -0.9002
vn -0.8123 0.0381 -0.5821
vn -0.7999 0.1722 -0.5748
vn -0.2682 0.2939 -0.9174
vn -0.1029 0.7104 -0.6962
vn -0.1577 0.4955 -0.8542
vn -0.1359 0.6180 -0.7744
vn -0.0136 0.8491 -0.5280
vn -0.5489 0.6339 -0.5449
vn -0.4648 0.7532 -0.4655
vn -0.6880 0.1023 -0.7184
vn -0.6693 0.3335 -0.6639
vn -0.5489 0.0108 -0.8358
vn -0.5402 0.1700 -0.8242
vn -0.5096 0.3256 -0.7964
vn -0.3977 0.0731 -0.9146
vn -0.3605 0.3027 -0.8823
vn -0.6220 0.4934 -0.6080
vn -0.4505 0.5413 -0.7099
vn -0.3880 0.6962 -0.6039
vn -0.3347 0.4298 -0.8386
vn -0.0031 0.6600 -0.7512
vn 0.2400 0.6384 -0.7313
vn 0.3968 0.5926 -0.7010
vn -0.3543 0.9145 -0.1954
vn -0.5045 -0.8448 0.1782
vn -0.2627 -0.8433 0.4688
vn -0.3139 -0.9252 0.2134
vn 0.0335 -0.8639 0.5025
vn 0.0491 -0.9750 0.2168
vn 0.3195 -0.8276 0.4615
vn 0.4113 -0.8911 0.1919
vn -0.5054 -0.0998 0.8571
vn -0.2517 -0.4418 0.8611
vn -0.3151 -0.1864 0.9306
vn -0.4877 0.0404 0.8721
vn -0.2915 0.1995 0.9356
vn -0.1589 0.3958 0.9045
vn -0.6120 -0.5395 0.5783
vn -0.6681 -0.2659 0.6950
vn -0.6582 -0.6742 0.3350
vn -0.7642 -0.4291 0.4816
vn -0.3766 -0.6377 0.6719
vn -0.4901 -0.3373 0.8038
vn -0.4787 -0.7809 0.4012
vn -0.6120 0.0511 0.7892
vn -0.4984 0.1390 0.8557
vn -0.3744 0.2234 0.9000
vn -0.2133 0.2146 0.9531
vn 0.0585 -0.4650 0.8834
vn 0.0451 -0.1789 0.9828
vn 0.3172 -0.4181 0.8512
vn 0.4145 -0.1281 0.9010
vn 0.0606 0.2049 0.9769
vn 0.1081 0.4387 0.8921
vn 0.4154 0.1872 0.8902
vn 0.3258 0.4278 0.8431
vn 0.0218 -0.6884 0.7250
vn 0.4815 -0.6039 0.6352
vn 0.6056 -0.1885 0.7731
vn 0.6158 -0.7593 0.2105
vn -0.1261 -0.2797 0.9518
vn 0.5941 0.2633 0.7601
vn 0.3051 -0.0821 0.9488
vn -0.4822 -0.8743 -0.0563
vn -0.4240 -0.8690 -0.2550
vn -0.2673 -0.9566 -0.1159
vn -0.2030 -0.9124 -0.3553
vn 0.1663 -0.6152 0.7706
vn 0.4371 -0.6138 0.6574
vn 0.0953 -0.9814 -0.1666
vn 0.1219 -0.9020 -0.4142
vn 0.4198 -0.8936 -0.1587
vn 0.3610 -0.8407 -0.4036
vn -0.6010 -0.7990 0.0187
vn 0.2653 -0.9284 -0.2602
vn -0.1797 -0.8592 -0.4791
vn 0.2003 -0.9644 0.1730
vn 0.1565 -0.5025 0.8503
vn 0.3957 -0.9100 0.1239
vn 0.7568 -0.6413 -0.1267
vn 0.4309 -0.4388 0.7885
vn 0.7097 -0.6940 -0.1213
vn 0.1864 -0.8161 -0.5469
vn 0.6143 -0.7579 -0.2196
vn 0.5455 -0.6643 -0.5111
vn 0.6905 -0.4287 -0.5826
vn 0.2198 -0.7050 -0.6743
vn 0.1450 -0.8520 -0.5030
vn 0.8022 -0.2794 0.5276
vn 0.5470 -0.8369 -0.0202
vn 0.4764 -0.5870 -0.6546
vn 0.3518 -0.8300 -0.4328
vn 0.2619 -0.9241 0.2783
vn 0.7448 -0.4687 0.4749
vn 0.8142 -0.1510 0.5606
vn 0.8216 -0.5523 0.1411
vn 0.9634 -0.1745 0.2034
vn 0.7870 0.1955 0.5852
vn 0.5768 -0.0727 0.8136
vn 0.7107 -0.4258 0.5599
vn 0.6825 -0.1552 0.7143
vn 0.3287 -0.5162 0.7909
vn 0.3486 -0.7404 0.5747
vn 0.4260 -0.6040 0.6736
vn 0.5888 -0.5343 0.6066
vn 0.8174 -0.5518 -0.1656
vn 0.5418 0.6524 -0.5300
vn 0.7569 -0.4931 -0.4290
vn 0.6153 -0.7738 -0.1504
vn 0.3347 -0.9321 0.1383
vn 0.7815 -0.5305 0.3282
vn -0.8465 -0.4171 0.3308
vn 0.4213 -0.7877 0.4495
vn 0.4960 -0.6881 0.5296
vn 0.4183 -0.8818 0.2178
vn 0.5532 -0.7584 -0.3446
vn 0.2323 -0.9480 -0.2176
vn 0.3338 -0.9425 -0.0178
vn 0.3180 -0.9370 -0.1449
vn 0.3032 -0.8977 -0.3197
vn 0.4546 -0.8906 -0.0143
vn 0.4186 -0.8745 -0.2450
vn 0.5594 -0.7432 0.3671
vn 0.6617 -0.6016 0.4475
vn 0.5943 -0.7766 0.2091
vn 0.7217 -0.6586 0.2130
vn 0.7995 -0.4809 0.3598
vn 0.8265 -0.5192 0.2176
vn 0.6115 -0.7911 -0.0145
vn 0.7345 -0.6784 -0.0151
vn 0.5903 -0.7695 -0.2438
vn 0.7130 -0.6570 -0.2451
vn 0.8370 -0.5472 -0.0085
vn 0.8095 -0.5376 -0.2360
vn -0.0795 -0.0271 0.9965
vn -0.1555 0.1619 0.9745
vn -0.5586 0.1738 0.8110
vn -0.5680 0.2310 0.7899
vn 0.0057 0.2611 0.9653
vn 0.0729 0.2682 0.9606
vn -0.0769 -0.0516 0.9957
vn -0.3305 0.1893 0.9246
vn -0.5670 0.2196 0.7939
vn -0.5508 0.2122 0.8072
vn 0.1036 0.3552 0.9290
vn -0.6405 0.3358 0.6907
vn -0.3869 0.2146 0.8968
vn -0.4583 0.2995 0.8368
vn -0.5237 0.3905 0.7571
vn 0.1851 -0.1538 0.9706
vn 0.0676 0.0551 0.9962
vn 0.0363 -0.0424 0.9984
vn 0.0461 -0.0357 0.9983
vn 0.1760 -0.2784 0.9442
vn -0.0308 -0.0385 0.9988
vn -0.2937 -0.8326 0.4695
vn -0.0042 -0.1267 0.9919
vn -0.2302 0.1388 0.9632
vn -0.2689 0.3092 0.9122
vn -0.0437 0.0836 0.9955
vn -0.0414 0.3111 0.9495
vn -0.6020 0.5091 0.6152
vn -0.3988 0.4594 0.7937
vn -0.4756 0.5586 0.6795
vn -0.4152 0.6884 0.5948
vn -0.2694 0.4967 0.8250
vn -0.2702 0.6140 0.7416
vn -0.2677 0.7293 0.6296
vn -0.0401 0.5280 0.8483
vn -0.0394 0.6423 0.7654
vn -0.0417 0.7533 0.6563
vn -0.7180 0.4287 0.5484
vn -0.6655 0.5811 0.4685
vn -0.5978 0.7021 0.3870
vn -0.7234 0.6417 0.2548
vn -0.6261 0.7472 0.2228
vn -0.5491 0.6386 0.5391
vn -0.4801 0.7505 0.4542
vn -0.4836 0.8437 0.2330
vn -0.4013 0.9022 0.1579
vn -0.0689 0.8730 0.4829
vn 0.1127 0.9333 0.3409
vn -0.0064 0.9704 -0.2416
vn -0.5251 0.8510 -0.0126
vn -0.4624 0.8508 -0.2497
vn -0.4093 0.9123 -0.0119
vn -0.3910 0.9038 -0.1740
vn -0.2901 0.8416 0.4555
vn -0.3744 0.8674 0.3280
vn -0.0392 0.8573 0.5133
vn -0.2177 0.9038 0.3684
vn -0.2778 0.9341 0.2243
vn -0.0355 0.9191 0.3924
vn -0.0423 0.9775 0.2066
vn -0.3503 0.8708 -0.3451
vn -0.2573 0.9662 -0.0139
vn -0.2668 0.9307 -0.2503
vn -0.0484 0.9988 -0.0125
vn -0.0461 0.9692 -0.2420
vn 0.0463 -0.0306 0.9985
vn 0.0565 -0.0238 0.9981
vn 0.1830 -0.3678 0.9117
vn 0.1644 -0.1355 0.9770
vn 0.4162 -0.3633 0.8335
vn 0.4308 -0.1296 0.8931
vn 0.5016 -0.4393 0.7453
vn 0.1788 0.0863 0.9801
vn 0.1988 0.3118 0.9291
vn 0.4501 0.1013 0.8872
vn 0.4559 0.3201 0.8305
vn 0.5936 0.3957 0.7007
vn 0.5719 -0.2660 0.7760
vn 0.6079 -0.1043 0.7872
vn 0.6767 -0.3371 0.6545
vn 0.7411 -0.0853 0.6660
vn 0.8111 -0.2199 0.5420
vn 0.8440 -0.0583 0.5332
vn 0.6276 0.1215 0.7690
vn 0.6224 0.2619 0.7376
vn 0.7736 0.1633 0.6123
vn 0.7406 0.3441 0.5772
vn 0.8570 0.1301 0.4986
vn 0.2108 0.5171 0.8295
vn 0.2197 0.6275 0.7470
vn 0.2237 0.7355 0.6396
vn 0.3990 0.4777 0.7827
vn 0.5151 0.5565 0.6519
vn 0.4384 0.6862 0.5804
vn 0.6953 0.4814 0.5336
vn 0.7579 -0.4067 0.5101
vn 0.8520 -0.3015 0.4280
vn 0.9139 -0.0243 0.4052
vn 0.9282 -0.2961 0.2252
vn 0.9732 -0.0108 0.2299
vn 0.8546 0.2692 0.4441
vn 0.8471 0.3692 0.3823
vn 0.8643 0.4167 0.2818
vn 0.8982 0.2104 0.3860
vn 0.8866 0.3277 0.3264
vn 0.9507 0.2111 0.2271
vn 0.9032 0.3611 0.2321
vn 0.9507 -0.3099 0.0114
vn 0.9987 -0.0285 0.0414
vn 0.9167 -0.3346 -0.2187
vn 0.9804 -0.0687 -0.1844
vn 0.9775 0.1972 0.0745
vn 0.9313 0.3527 0.0905
vn 0.9759 0.1648 -0.1429
vn 0.9303 0.3469 -0.1191
vn 0.2223 0.8433 0.4893
vn 0.6241 0.6104 0.4876
vn 0.5040 0.7518 0.4252
vn 0.5621 0.7968 0.2217
vn 0.2182 0.9008 0.3755
vn 0.2126 0.9536 0.2130
vn 0.3787 0.8603 0.3413
vn 0.4108 0.8862 0.2143
vn 0.5681 0.8227 0.0214
vn 0.5171 0.8300 -0.2088
vn 0.2056 0.9786 -0.0078
vn 0.1976 0.9504 -0.2403
vn 0.4227 0.9063 0.0035
vn 0.3808 0.8967 -0.2258
vn 0.7583 0.5211 0.3917
vn 0.6930 0.6304 0.3498
vn 0.8389 0.4907 0.2353
vn 0.7254 0.6506 0.2246
vn 0.8799 0.4324 0.1971
vn 0.8405 0.5371 0.0715
vn 0.7272 0.6847 0.0484
vn 0.8128 0.5636 -0.1472
vn 0.6898 0.7010 -0.1808
vn 0.8864 0.4552 0.0842
vn 0.8739 0.4706 -0.1220
vn 0.3957 -0.8632 0.3135
vn 0.3949 -0.7592 0.5174
vn 0.4769 -0.8754 0.0783
vn 0.6346 -0.7461 -0.2014
vn 0.3488 -0.9217 0.1695
vn 0.5909 -0.7366 0.3289
vn 0.3622 -0.9193 -0.1538
vn 0.6215 -0.7560 -0.2054
vn 0.7057 -0.7065 -0.0538
vn 0.7540 -0.6263 -0.1982
vn 0.6863 -0.6623 -0.3005
vn 0.7634 -0.5844 -0.2752
vn 0.4633 -0.8732 -0.1510
vn 0.5060 -0.8432 -0.1816
vn 0.8438 -0.4981 0.1998
vn 0.6404 -0.7653 0.0647
vn 0.5193 -0.8499 -0.0888
vn 0.2236 -0.9747 -0.0048
vn 0.3032 -0.9449 0.1235
vn 0.3363 -0.9418 0.0024
vn 0.7638 -0.4267 0.4843
vn 0.6399 -0.5906 0.4916
vn 0.7154 -0.3817 0.5853
vn 0.6654 -0.7014 0.2553
vn 0.4275 -0.7336 0.5283
vn 0.4169 -0.8969 0.1474
vn 0.4735 -0.7776 0.4136
vn 0.5573 -0.6669 0.4946
vn 0.3066 -0.9222 0.2355
vn 0.4387 -0.8746 0.2063
vn 0.4657 -0.8849 -0.0101
vn 0.6242 -0.6138 -0.4834
vn 0.5876 -0.6959 -0.4128
vn 0.5984 -0.3497 -0.7209
vn -0.0498 -0.9394 -0.3391
vn 0.2132 -0.9604 -0.1791
vn 0.3504 -0.9257 -0.1423
vn 0.2839 -0.7209 -0.6323
vn 0.3037 -0.6160 -0.7269
vn 0.0393 -0.9424 -0.3322
vn 0.0292 -0.8625 -0.5052
vn -0.1969 -0.7095 -0.6766
vn -0.1846 -0.5486 -0.8154
vn 0.0012 -0.4010 -0.9161
vn 0.0467 -0.6972 -0.7153
vn 0.1046 -0.4984 -0.8606
vn 0.0994 -0.3737 -0.9222
vn -0.2572 -0.4425 -0.8591
vn -0.0641 -0.3209 -0.9449
vn -0.0616 -0.1398 -0.9883
vn 0.2351 -0.3152 -0.9194
vn 0.1853 -0.2629 -0.9469
vn 0.1971 -0.1364 -0.9709
vn 0.2284 -0.9197 -0.3194
vn 0.2664 -0.7785 -0.5682
vn 0.3726 -0.5840 -0.7212
vn 0.4693 -0.8364 -0.2832
vn 0.4704 -0.7132 -0.5196
vn 0.4852 -0.5303 -0.6952
vn 0.5177 -0.3196 -0.7936
vn 0.2258 -0.6393 -0.7350
vn 0.3122 -0.4672 -0.8272
vn 0.4275 -0.3778 -0.8213
vn 0.3241 -0.2588 -0.9099
vn 0.3625 -0.1388 -0.9216
vn 0.2858 -0.2077 -0.9355
vn 0.3009 -0.1353 -0.9440
vn 0.4562 -0.2610 -0.8507
vn 0.4440 -0.1382 -0.8853
vn 0.4995 -0.8595 0.1086
vn 0.5913 -0.7289 0.3452
vn 0.6930 -0.5868 0.4188
vn 0.8048 -0.4779 0.3520
vn 0.5748 -0.8150 0.0729
vn 0.6605 -0.7489 -0.0546
vn 0.4297 -0.7735 -0.4659
vn 0.4970 -0.6713 -0.5498
vn 0.7323 -0.6612 -0.1628
vn 0.8867 -0.4370 -0.1511
vn 0.6163 -0.7568 0.2176
vn 0.7400 -0.6359 0.2194
vn 0.6394 -0.7689 -0.0066
vn 0.7545 -0.6562 -0.0070
vn 0.8299 -0.5114 0.2231
vn 0.8440 -0.5364 -0.0031
vn 0.9053 -0.3579 0.2287
vn 0.9659 -0.1358 0.2202
vn 0.9328 -0.3604 -0.0091
vn 0.9911 -0.1329 -0.0108
vn 0.5535 -0.7322 -0.3968
vn 0.6437 -0.6010 -0.4738
vn 0.5702 -0.5327 -0.6254
vn 0.7702 -0.5130 -0.3789
vn 0.6254 -0.7332 -0.2671
vn 0.7406 -0.5935 -0.3152
vn 0.5899 -0.6672 -0.4549
vn 0.6146 -0.4963 -0.6132
vn 0.8291 -0.5081 -0.2333
vn 0.7748 -0.4377 -0.4561
vn 0.6683 -0.3356 -0.6639
vn 0.6302 -0.1362 -0.7644
vn 0.8804 -0.3649 -0.3028
vn 0.9420 -0.1361 -0.3069
vn 0.7877 -0.2854 -0.5460
vn 0.7956 -0.1347 -0.5906
vn 0.5262 -0.2273 -0.8194
vn 0.5361 -0.1359 -0.8331
vn 0.2768 0.8157 -0.5079
vn 0.4082 0.9088 -0.0860
vn 0.1693 0.7609 -0.6264
vn 0.1353 0.8329 -0.5366
vn 0.1098 0.9508 -0.2897
vn -0.5089 0.6534 -0.5604
vn -0.4424 0.7576 -0.4800
vn -0.2364 0.7599 -0.6055
vn -0.3599 0.7057 -0.6103
vn 0.3534 0.9353 -0.0187
vn -0.2129 0.9753 -0.0584
vn -0.0506 0.9906 0.1270
vn 0.0039 0.9993 -0.0359
vn -0.2645 0.8405 -0.4729
vn -0.1880 0.6317 -0.7521
vn -0.2259 0.7205 -0.6556
vn -0.0423 0.8487 -0.5271
vn -0.0532 0.6098 -0.7908
vn -0.0474 0.7319 -0.6797
vn -0.1974 0.8988 -0.3915
vn -0.0412 0.9104 -0.4117
vn 0.0076 0.8878 -0.4602
vn 0.2290 0.9731 -0.0260
vn 0.2284 0.8868 -0.4017
vn 0.3832 0.9233 -0.0236
vn -0.3373 0.8839 -0.3240
vn -0.2469 0.8529 -0.4600
vn -0.0003 0.8592 -0.5116
vn -0.0791 0.0401 -0.9961
vn -0.1255 0.2590 -0.9577
vn 0.1847 -0.0054 -0.9828
vn 0.1437 0.1849 -0.9722
vn -0.2083 0.5734 -0.7924
vn -0.2256 0.7313 -0.6437
vn -0.1710 0.4251 -0.8889
vn 0.0365 0.5546 -0.8313
vn 0.0142 0.7353 -0.6776
vn 0.0789 0.3760 -0.9232
vn 0.3174 0.8861 -0.3378
vn 0.2401 0.8438 -0.4800
vn 0.4436 0.8592 -0.2548
vn 0.5367 0.5855 -0.6076
vn 0.4595 0.7337 -0.5005
vn 0.3707 -0.0205 -0.9285
vn 0.3629 0.1315 -0.9225
vn 0.3135 -0.0200 -0.9494
vn 0.2978 0.1384 -0.9446
vn 0.4465 -0.0202 -0.8946
vn 0.4532 0.1372 -0.8808
vn 0.2769 0.4480 -0.8501
vn 0.2426 0.6991 -0.6726
vn 0.2385 0.2932 -0.9258
vn 0.4682 0.4178 -0.7787
vn 0.3843 0.6526 -0.6530
vn -0.2329 0.9407 -0.2466
vn -0.1561 0.9200 -0.3594
vn -0.0051 0.9714 -0.2375
vn -0.0068 0.9275 -0.3739
vn 0.2233 0.9453 -0.2379
vn 0.1477 0.9181 -0.3679
vn 0.3693 0.9172 -0.1496
vn 0.9126 -0.3169 -0.2584
vn 0.4861 0.3817 -0.7861
vn 0.8944 -0.1661 -0.4153
vn 0.8874 0.0294 -0.4600
vn 0.9974 0.0677 -0.0245
vn 0.9711 0.2129 -0.1076
vn 0.3482 0.6862 -0.6387
vn 0.6875 0.6401 -0.3429
vn 0.5305 0.8186 -0.2201
vn 0.7554 0.2514 -0.6051
vn 0.6291 0.5574 -0.5418
vn 0.8288 0.4858 -0.2778
vn 0.6722 0.6767 -0.3004
vn 0.7138 -0.4388 -0.5458
vn 0.6320 -0.3527 -0.6901
vn 0.6714 -0.1358 -0.7286
vn 0.8197 -0.3480 -0.4550
vn 0.8951 -0.1020 -0.4341
vn 0.7609 -0.2634 -0.5930
vn 0.7901 -0.1226 -0.6006
vn 0.7742 0.3952 -0.4943
vn 0.6838 0.0863 -0.7245
vn 0.6614 0.3145 -0.6809
vn 0.9036 0.1295 -0.4082
vn 0.8601 0.3306 -0.3885
vn 0.8041 0.0983 -0.5862
vn 0.7951 0.2409 -0.5566
vn 0.5434 -0.2686 -0.7953
vn 0.5616 -0.1388 -0.8157
vn 0.5621 0.0800 -0.8232
vn 0.5430 0.2313 -0.8072
vn 0.1839 0.8414 -0.5081
vn 0.1844 0.5988 -0.7793
vn 0.1830 0.7238 -0.6652
vn 0.5447 0.6430 -0.5384
vn 0.4451 0.7705 -0.4562
vn 0.4452 0.5608 -0.6981
vn 0.3707 0.6894 -0.6224
vn 0.1877 0.8988 -0.3962
vn 0.3352 0.8693 -0.3634
vn 0.1922 0.5057 -0.8410
vn 0.3365 0.4636 -0.8197
vn 0.7158 0.5535 -0.4257
vn 0.6266 0.6797 -0.3813
vn 0.6090 0.5018 -0.6142
vn 0.8388 0.4594 -0.2922
vn 0.6540 0.0146 -0.7563
vn 0.7057 0.2612 -0.6586
vn 0.9533 0.0807 -0.2911
vn 0.9057 0.2980 -0.3015
vn 0.8065 0.0455 -0.5895
vn 0.8133 0.2605 -0.5202
vn 0.7341 0.6014 -0.3153
vn 0.6369 0.7209 -0.2731
vn 0.6792 0.5051 -0.5324
vn 0.6148 0.6753 -0.4073
vn 0.8246 0.4752 -0.3069
vn 0.7877 0.4702 -0.3981
vn 0.5562 -0.0077 -0.8310
vn 0.5764 0.1699 -0.7993
vn 0.5779 0.3559 -0.7344
vt 0.063014 0.612343
vt 0.067515 0.635716
vt 0.045922 0.644032
vt 0.049339 0.608562
vt 0.087535 0.597592
vt 0.098587 0.578944
vt 0.106914 0.608339
vt 0.092821 0.622498
vt 0.107367 0.633272
vt 0.115313 0.618287
vt 0.073129 0.587024
vt 0.055031 0.578133
vt 0.069662 0.559946
vt 0.084194 0.557537
vt 0.076698 0.617673
vt 0.081588 0.542803
vt 0.067643 0.541608
vt 0.056421 0.557185
vt 0.080571 0.644058
vt 0.941408 0.607844
vt 0.936380 0.642941
vt 0.918496 0.637366
vt 0.928771 0.611153
vt 0.893199 0.599585
vt 0.909647 0.654206
vt 0.877704 0.620918
vt 0.874186 0.581219
vt 0.862905 0.606031
vt 0.869293 0.634534
vt 0.882627 0.657147
vt 0.036688 0.569708
vt 0.018496 0.578854
vt 0.028846 0.522559
vt 0.035036 0.552137
vt 0.898019 0.534821
vt 0.880503 0.529876
vt 0.888689 0.483637
vt 0.893295 0.478245
vt 0.915749 0.617252
vt 0.928884 0.578854
vt 0.031020 0.607844
vt 0.018383 0.611153
vt 0.917574 0.587405
vt 0.911820 0.619040
vt 0.885016 0.554508
vt 0.928100 0.530597
vt 0.939234 0.522559
vt 0.050102 0.529630
vt 0.030841 0.523246
vt 0.046759 0.554645
vt 0.941229 0.523246
vt 0.868706 0.545850
vt 0.114125 0.558261
vt 0.130623 0.542633
vt 0.140302 0.566438
vt 0.123620 0.581079
vt 0.129547 0.599945
vt 0.141604 0.593145
vt 0.093432 0.524073
vt 0.082291 0.509743
vt 0.100326 0.487312
vt 0.103073 0.510903
vt 0.141529 0.511020
vt 0.159647 0.484684
vt 0.176418 0.504027
vt 0.156725 0.530703
vt 0.132958 0.476453
vt 0.149559 0.470816
vt 0.139849 0.537349
vt 0.153447 0.552070
vt 0.122630 0.518346
vt 0.112827 0.491924
vt 0.102146 0.536301
vt 0.156828 0.416701
vt 0.143142 0.399258
vt 0.107885 0.468766
vt 0.895074 0.337957
vt 0.904949 0.299726
vt 0.917365 0.320247
vt 0.901552 0.370298
vt 0.915778 0.370936
vt 0.925757 0.339032
vt 0.913537 0.243538
vt 0.918271 0.206079
vt 0.938684 0.195544
vt 0.928847 0.268056
vt 0.030134 0.285511
vt 0.018459 0.268056
vt 0.028296 0.195544
vt 0.041067 0.243496
vt 0.940522 0.285511
vt 0.036440 0.441354
vt 0.061231 0.374764
vt 0.073826 0.387016
vt 0.048529 0.527561
vt 0.061022 0.494152
vt 0.075024 0.454778
vt 0.914551 0.416907
vt 0.903190 0.446444
vt 0.909164 0.469312
vt 0.906150 0.422951
vt 0.090711 0.375239
vt 0.092880 0.442961
vt 0.076273 0.403777
vt 0.068120 0.343899
vt 0.116302 0.332701
vt 0.118008 0.383334
vt 0.112455 0.282351
vt 0.946828 0.441354
vt 0.958917 0.527561
vt 0.945704 0.349997
vt 0.971619 0.374764
vt 0.034174 0.301109
vt 0.053759 0.222930
vt 0.120286 0.425264
vt 0.112534 0.428080
vt 0.035316 0.349997
vt 0.890424 0.441230
vt 0.025992 0.642941
vt 0.039982 0.663287
vt 0.029393 0.664466
vt 0.136579 0.357643
vt 0.051500 0.200364
vt 0.015369 0.339032
vt 0.889021 0.400819
vt 0.057241 0.693380
vt 0.059543 0.714017
vt 0.044805 0.729228
vt 0.043600 0.683211
vt 0.065692 0.677961
vt 0.071471 0.720502
vt 0.053352 0.668306
vt 0.062012 0.739601
vt 0.086079 0.754483
vt 0.089983 0.783747
vt 0.068427 0.804906
vt 0.057163 0.767827
vt 0.110576 0.650509
vt 0.118378 0.688178
vt 0.105897 0.697623
vt 0.099653 0.654625
vt 0.123747 0.640138
vt 0.132386 0.676729
vt 0.139500 0.712882
vt 0.152366 0.727871
vt 0.147451 0.760343
vt 0.136854 0.730447
vt 0.117202 0.734885
vt 0.125841 0.768125
vt 0.124578 0.709428
vt 0.084645 0.670603
vt 0.091083 0.707219
vt 0.102697 0.760079
vt 0.112165 0.790679
vt 0.088151 0.821851
vt 0.137350 0.789126
vt 0.049690 0.754797
vt 0.096829 0.735493
vt 0.147374 0.812159
vt 0.140159 0.848378
vt 0.103494 0.837455
vt 0.121683 0.813771
vt 0.024508 0.690708
vt 0.024530 0.732848
vt 0.010230 0.735902
vt 0.011120 0.700498
vt 0.920618 0.735902
vt 0.904033 0.736230
vt 0.913663 0.695056
vt 0.921508 0.700498
vt 0.934896 0.690708
vt 0.927438 0.671324
vt 0.942609 0.787020
vt 0.952984 0.821616
vt 0.908139 0.828649
vt 0.903526 0.790577
vt 0.924908 0.762033
vt 0.938574 0.764942
vt 0.884207 0.686309
vt 0.882729 0.732331
vt 0.859736 0.722724
vt 0.865755 0.679640
vt 0.905805 0.692254
vt 0.902958 0.739584
vt 0.875140 0.776225
vt 0.865728 0.802337
vt 0.840927 0.807558
vt 0.852767 0.765367
vt 0.899120 0.790448
vt 0.881296 0.830373
vt 0.846527 0.828337
vt 0.967694 0.844355
vt 0.918766 0.855961
vt 0.028186 0.764942
vt 0.014520 0.762033
vt 0.902013 0.859816
vt 0.117476 0.882701
vt 0.056855 0.911216
vt 0.020850 0.880430
vt 0.074264 0.862385
vt 0.880722 0.896528
vt 0.835429 0.923273
vt 0.791934 0.903694
vt 0.823634 0.891861
vt 0.922690 0.937753
vt 0.842932 0.951849
vt 0.734111 0.938855
vt 0.822891 0.855803
vt 0.789454 0.874481
vt 0.863515 0.863607
vt 0.967243 0.911216
vt 0.931238 0.880430
vt 0.160116 0.602099
vt 0.173289 0.639857
vt 0.165395 0.647079
vt 0.152679 0.610702
vt 0.139577 0.625034
vt 0.148865 0.663384
vt 0.168864 0.713467
vt 0.167860 0.749505
vt 0.156609 0.725203
vt 0.157506 0.698162
vt 0.180092 0.688467
vt 0.189488 0.727488
vt 0.170508 0.680060
vt 0.171696 0.583460
vt 0.183334 0.587969
vt 0.194818 0.620767
vt 0.184793 0.629406
vt 0.200752 0.551958
vt 0.217848 0.603528
vt 0.205902 0.611586
vt 0.193819 0.534927
vt 0.242629 0.664722
vt 0.253426 0.699546
vt 0.224147 0.704844
vt 0.215965 0.665197
vt 0.208981 0.681541
vt 0.215651 0.731993
vt 0.234772 0.759674
vt 0.197379 0.671903
vt 0.199037 0.710387
vt 0.171712 0.560904
vt 0.196967 0.757834
vt 0.182915 0.767578
vt 0.200468 0.646473
vt 0.203131 0.781592
vt 0.212385 0.815549
vt 0.180086 0.841205
vt 0.177831 0.799566
vt 0.214603 0.771204
vt 0.226652 0.787750
vt 0.269075 0.752319
vt 0.300872 0.826848
vt 0.296092 0.848482
vt 0.257143 0.794710
vt 0.222584 0.859519
vt 0.236558 0.922123
vt 0.137863 0.930507
vt 0.174466 0.882771
vt 0.142152 0.963740
vt 0.333701 0.938304
vt 0.365752 0.954531
vt 0.331130 0.996355
vt 0.562848 0.965084
vt 0.608369 0.947983
vt 0.339386 0.884007
vt 0.361766 0.802725
vt 0.397077 0.826205
vt 0.396802 0.881415
vt 0.447146 0.813304
vt 0.443416 0.872631
vt 0.248015 0.823660
vt 0.283679 0.873410
vt 0.339273 0.816682
vt 0.468268 0.834098
vt 0.474945 0.863987
vt 0.498313 0.892933
vt 0.167722 0.777905
vt 0.156021 0.783226
vt 0.982228 0.939876
vt 0.991518 0.992378
vt 0.012302 0.937753
vt 0.042596 0.821616
vt 0.032221 0.787020
vt 0.057306 0.844355
vt 0.819984 0.822797
vt 0.984652 0.862385
vt 0.301321 0.757575
vt 0.872505 0.366452
vt 0.876041 0.396536
vt 0.858423 0.394703
vt 0.855429 0.359500
vt 0.845943 0.389686
vt 0.850644 0.412781
vt 0.863079 0.424581
vt 0.834102 0.363821
vt 0.825373 0.384179
vt 0.813211 0.380349
vt 0.817092 0.354235
vt 0.831943 0.410575
vt 0.838417 0.387643
vt 0.812435 0.411385
vt 0.851952 0.596545
vt 0.849044 0.624138
vt 0.828384 0.611147
vt 0.831504 0.583650
vt 0.834105 0.554009
vt 0.855212 0.566612
vt 0.814215 0.545649
vt 0.804752 0.575412
vt 0.786352 0.566911
vt 0.795168 0.540381
vt 0.809097 0.595695
vt 0.819340 0.578479
vt 0.793848 0.598562
vt 0.863856 0.457160
vt 0.859997 0.497291
vt 0.837376 0.505052
vt 0.844984 0.459794
vt 0.875381 0.451630
vt 0.873685 0.492261
vt 0.824905 0.450542
vt 0.814325 0.509698
vt 0.797776 0.476736
vt 0.805866 0.438412
vt 0.857342 0.537667
vt 0.835752 0.525588
vt 0.778819 0.538627
vt 0.790721 0.496538
vt 0.809127 0.505626
vt 0.822874 0.520253
vt 0.780215 0.407530
vt 0.771641 0.446687
vt 0.760427 0.428910
vt 0.769638 0.398336
vt 0.783064 0.459164
vt 0.792939 0.426964
vt 0.759741 0.536492
vt 0.751864 0.486448
vt 0.759620 0.495238
vt 0.774758 0.495739
vt 0.744026 0.539917
vt 0.738204 0.520516
vt 0.751583 0.454159
vt 0.873014 0.303728
vt 0.859096 0.306174
vt 0.860952 0.266439
vt 0.878905 0.274699
vt 0.838796 0.302091
vt 0.822722 0.296057
vt 0.816336 0.269916
vt 0.836580 0.264767
vt 0.881806 0.229080
vt 0.861509 0.223243
vt 0.861225 0.186789
vt 0.878549 0.200533
vt 0.833990 0.222662
vt 0.805418 0.229330
vt 0.803173 0.199742
vt 0.826882 0.184041
vt 0.881079 0.333917
vt 0.858100 0.329866
vt 0.890760 0.283935
vt 0.836824 0.325355
vt 0.811819 0.321862
vt 0.803314 0.276636
vt 0.858940 0.163047
vt 0.900848 0.177761
vt 0.896050 0.236405
vt 0.789273 0.192439
vt 0.820847 0.162212
vt 0.793415 0.235913
vt 0.783629 0.289032
vt 0.775739 0.310981
vt 0.754941 0.312648
vt 0.768236 0.285567
vt 0.785442 0.347634
vt 0.795053 0.321871
vt 0.769603 0.347691
vt 0.753266 0.242723
vt 0.734960 0.242030
vt 0.741495 0.219065
vt 0.760704 0.215371
vt 0.747419 0.279965
vt 0.760379 0.262643
vt 0.779197 0.241738
vt 0.745217 0.406060
vt 0.729884 0.375379
vt 0.745474 0.342259
vt 0.759315 0.378601
vt 0.743599 0.472704
vt 0.742058 0.480475
vt 0.731263 0.473013
vt 0.735066 0.439458
vt 0.713320 0.461615
vt 0.706607 0.403280
vt 0.707456 0.334028
vt 0.708550 0.306373
vt 0.707055 0.269489
vt 0.729610 0.311055
vt 0.681181 0.352090
vt 0.675824 0.391171
vt 0.664927 0.390992
vt 0.670955 0.355784
vt 0.684069 0.418378
vt 0.696627 0.373206
vt 0.668746 0.417319
vt 0.699776 0.417183
vt 0.708804 0.384154
vt 0.727339 0.355751
vt 0.706987 0.328369
vt 0.727211 0.333766
vt 0.732012 0.345044
vt 0.700396 0.336257
vt 0.697155 0.280449
vt 0.691089 0.445289
vt 0.885615 0.367501
vt 0.801748 0.348975
vt 0.776224 0.374907
vt 0.799304 0.407210
vt 0.794083 0.384092
vt 0.770935 0.564601
vt 0.842882 0.668278
vt 0.835616 0.709112
vt 0.813521 0.693179
vt 0.821834 0.653923
vt 0.826304 0.749001
vt 0.813132 0.789858
vt 0.783169 0.769771
vt 0.802573 0.730935
vt 0.801361 0.636281
vt 0.792209 0.674439
vt 0.775278 0.657136
vt 0.786155 0.621107
vt 0.764275 0.644600
vt 0.775289 0.608576
vt 0.779952 0.710357
vt 0.767403 0.737191
vt 0.759888 0.716320
vt 0.765325 0.694934
vt 0.740233 0.717294
vt 0.753583 0.681775
vt 0.757108 0.753903
vt 0.765754 0.773804
vt 0.788078 0.837467
vt 0.767884 0.859366
vt 0.740355 0.826774
vt 0.759967 0.807341
vt 0.780110 0.793710
vt 0.802268 0.813330
vt 0.684275 0.896491
vt 0.672311 0.850628
vt 0.716551 0.840351
vt 0.741934 0.878420
vt 0.716957 0.780127
vt 0.706923 0.799186
vt 0.694193 0.770338
vt 0.707187 0.743913
vt 0.674544 0.762658
vt 0.678139 0.735656
vt 0.671220 0.803278
vt 0.729024 0.805956
vt 0.737930 0.778065
vt 0.727986 0.746002
vt 0.748240 0.572936
vt 0.737547 0.610885
vt 0.727715 0.597693
vt 0.738698 0.559553
vt 0.714100 0.578893
vt 0.727774 0.542439
vt 0.706601 0.649245
vt 0.693254 0.664670
vt 0.691531 0.643843
vt 0.702989 0.624008
vt 0.709130 0.683540
vt 0.720801 0.646371
vt 0.716741 0.626575
vt 0.751007 0.628263
vt 0.762361 0.592264
vt 0.730055 0.690050
vt 0.739134 0.664306
vt 0.564735 0.875425
vt 0.590772 0.825908
vt 0.628825 0.845403
vt 0.619254 0.895033
vt 0.647567 0.748869
vt 0.622448 0.733821
vt 0.630618 0.705353
vt 0.653721 0.721804
vt 0.609102 0.776053
vt 0.638208 0.796161
vt 0.515918 0.754215
vt 0.533957 0.778670
vt 0.506718 0.787674
vt 0.516664 0.747493
vt 0.549730 0.811839
vt 0.554758 0.817111
vt 0.606687 0.678223
vt 0.605937 0.723079
vt 0.584784 0.744153
vt 0.585751 0.713647
vt 0.565877 0.738992
vt 0.562255 0.656958
vt 0.591758 0.638584
vt 0.509274 0.846477
vt 0.488244 0.824751
vt 0.530174 0.874789
vt 0.697095 0.555643
vt 0.675694 0.522754
vt 0.692842 0.494256
vt 0.711527 0.516858
vt 0.674757 0.632007
vt 0.657356 0.607846
vt 0.666016 0.577170
vt 0.684239 0.596473
vt 0.650025 0.633078
vt 0.668638 0.655966
vt 0.642428 0.580736
vt 0.617154 0.553920
vt 0.629872 0.537793
vt 0.652495 0.567536
vt 0.615325 0.620727
vt 0.628478 0.594916
vt 0.657458 0.448990
vt 0.646379 0.471877
vt 0.638110 0.457411
vt 0.653920 0.424737
vt 0.657351 0.493061
vt 0.671717 0.454334
vt 0.666178 0.425537
vt 0.675285 0.529220
vt 0.677399 0.485254
vt 0.615807 0.523727
vt 0.629591 0.501656
vt 0.644765 0.515444
vt 0.628469 0.470810
vt 0.686803 0.458480
vt 0.719955 0.715413
vt 0.606205 0.626027
vt 0.611237 0.635139
vt 0.683009 0.705226
vt 0.701111 0.712228
vt 0.639336 0.672343
vt 0.660114 0.691073
vt 0.624400 0.654694
vt 0.589425 0.599589
vt 0.184620 0.293089
vt 0.179342 0.262438
vt 0.202630 0.251438
vt 0.200024 0.280427
vt 0.170351 0.307397
vt 0.158206 0.281495
vt 0.159276 0.360465
vt 0.164685 0.399846
vt 0.150001 0.381054
vt 0.144913 0.337246
vt 0.170989 0.342469
vt 0.176534 0.381098
vt 0.158097 0.318789
vt 0.180021 0.444453
vt 0.198338 0.447227
vt 0.213181 0.466792
vt 0.199130 0.486234
vt 0.198416 0.344021
vt 0.210468 0.333366
vt 0.223254 0.354388
vt 0.205388 0.371638
vt 0.217827 0.405604
vt 0.232609 0.377488
vt 0.237225 0.405744
vt 0.228618 0.425329
vt 0.185116 0.360255
vt 0.189579 0.389695
vt 0.202065 0.431751
vt 0.214020 0.442696
vt 0.182186 0.409773
vt 0.213529 0.301401
vt 0.229665 0.334807
vt 0.190044 0.321037
vt 0.187319 0.425621
vt 0.243025 0.370050
vt 0.259235 0.418246
vt 0.239026 0.456986
vt 0.138025 0.270346
vt 0.134001 0.242060
vt 0.146216 0.209148
vt 0.149910 0.244139
vt 0.176952 0.217762
vt 0.176891 0.187244
vt 0.203525 0.189535
vt 0.204339 0.214890
vt 0.122744 0.120487
vt 0.168368 0.116787
vt 0.156570 0.120690
vt 0.141287 0.128688
vt 0.097114 0.198607
vt 0.069699 0.163367
vt 0.272601 0.108793
vt 0.282543 0.163343
vt 0.237252 0.152704
vt 0.192781 0.138776
vt 0.244335 0.091492
vt 0.346094 0.094747
vt 0.175144 0.056096
vt 0.101824 0.250630
vt 0.141777 0.190801
vt 0.263953 0.183035
vt 0.231367 0.175368
vt 0.185082 0.164776
vt 0.235851 0.256572
vt 0.255408 0.286556
vt 0.242394 0.316334
vt 0.230128 0.291816
vt 0.276970 0.327287
vt 0.270475 0.346395
vt 0.265096 0.372676
vt 0.252110 0.347321
vt 0.286392 0.318617
vt 0.291804 0.346229
vt 0.286033 0.378087
vt 0.252210 0.200863
vt 0.287764 0.227025
vt 0.292638 0.252039
vt 0.242254 0.227151
vt 0.281248 0.278064
vt 0.284054 0.249845
vt 0.307182 0.243210
vt 0.296123 0.291093
vt 0.279746 0.192405
vt 0.346826 0.152470
vt 0.344055 0.180277
vt 0.322899 0.198915
vt 0.326332 0.265200
vt 0.336493 0.282871
vt 0.317187 0.314926
vt 0.312646 0.289410
vt 0.344511 0.301283
vt 0.333282 0.321344
vt 0.376295 0.221635
vt 0.382455 0.246063
vt 0.357367 0.259891
vt 0.348763 0.239015
vt 0.387444 0.269165
vt 0.364169 0.279746
vt 0.301412 0.314840
vt 0.333847 0.212843
vt 0.364296 0.186663
vt 0.305124 0.223584
vt 0.369027 0.160880
vt 0.217779 0.255258
vt 0.223838 0.212519
vt 0.147227 0.298076
vt 0.307334 0.342757
vt 0.128541 0.295878
vt 0.051043 0.157438
vt 0.079951 0.096843
vt 0.212395 0.530804
vt 0.235254 0.576890
vt 0.221243 0.597436
vt 0.206249 0.559442
vt 0.232149 0.493737
vt 0.243660 0.538198
vt 0.244366 0.596904
vt 0.266563 0.632421
vt 0.270587 0.675235
vt 0.237239 0.654247
vt 0.256660 0.566156
vt 0.278335 0.625272
vt 0.282594 0.650617
vt 0.239159 0.486243
vt 0.247339 0.425746
vt 0.273992 0.490926
vt 0.261167 0.505721
vt 0.272648 0.553393
vt 0.283518 0.522955
vt 0.298061 0.557716
vt 0.288098 0.589795
vt 0.242997 0.505280
vt 0.244435 0.502759
vt 0.245741 0.506417
vt 0.244311 0.508924
vt 0.282445 0.497625
vt 0.283540 0.501262
vt 0.315497 0.632515
vt 0.324934 0.600510
vt 0.337199 0.614697
vt 0.329931 0.648528
vt 0.314408 0.587205
vt 0.303764 0.616791
vt 0.304584 0.668948
vt 0.324409 0.674015
vt 0.295730 0.634182
vt 0.310443 0.730226
vt 0.335645 0.726819
vt 0.358605 0.748522
vt 0.344721 0.770969
vt 0.319081 0.699780
vt 0.337540 0.700637
vt 0.369060 0.712094
vt 0.402193 0.723654
vt 0.436484 0.701468
vt 0.459595 0.748835
vt 0.406238 0.794376
vt 0.364795 0.631840
vt 0.383612 0.636207
vt 0.376931 0.676780
vt 0.362960 0.661463
vt 0.405721 0.633413
vt 0.427501 0.622249
vt 0.432657 0.662405
vt 0.405453 0.672163
vt 0.351824 0.668018
vt 0.363692 0.686513
vt 0.426176 0.689782
vt 0.404028 0.701279
vt 0.404202 0.794057
vt 0.353210 0.625876
vt 0.380826 0.698744
vt 0.443234 0.668481
vt 0.278006 0.421139
vt 0.294351 0.397991
vt 0.301081 0.437542
vt 0.285793 0.468009
vt 0.294810 0.498441
vt 0.310614 0.471712
vt 0.321532 0.504058
vt 0.309288 0.529274
vt 0.314481 0.372115
vt 0.323045 0.406739
vt 0.312396 0.421393
vt 0.306549 0.399326
vt 0.328653 0.372317
vt 0.333445 0.394490
vt 0.333568 0.440538
vt 0.341131 0.475038
vt 0.327394 0.476779
vt 0.321385 0.454878
vt 0.299286 0.376351
vt 0.333626 0.500228
vt 0.340229 0.421451
vt 0.286209 0.495904
vt 0.285130 0.492320
vt 0.332946 0.567485
vt 0.341640 0.529127
vt 0.350586 0.551881
vt 0.344557 0.579969
vt 0.329025 0.528654
vt 0.323282 0.554447
vt 0.353914 0.329613
vt 0.362515 0.365377
vt 0.344587 0.382077
vt 0.334726 0.349098
vt 0.368928 0.402154
vt 0.373245 0.445453
vt 0.359723 0.445582
vt 0.350830 0.422289
vt 0.346648 0.443197
vt 0.356480 0.461008
vt 0.368704 0.466357
vt 0.393530 0.301072
vt 0.399251 0.340583
vt 0.380454 0.351569
vt 0.373173 0.314066
vt 0.403987 0.379320
vt 0.408355 0.419158
vt 0.391031 0.428284
vt 0.386124 0.389257
vt 0.374346 0.574511
vt 0.384877 0.570026
vt 0.385017 0.598393
vt 0.370356 0.595479
vt 0.403138 0.561710
vt 0.421438 0.555628
vt 0.424169 0.583783
vt 0.404817 0.595175
vt 0.377465 0.482640
vt 0.382266 0.518514
vt 0.369010 0.522534
vt 0.361480 0.501573
vt 0.413782 0.473345
vt 0.416753 0.502629
vt 0.399563 0.511533
vt 0.396763 0.481573
vt 0.394544 0.459941
vt 0.411499 0.450750
vt 0.356558 0.525340
vt 0.365358 0.553041
vt 0.384052 0.547612
vt 0.419571 0.533833
vt 0.401678 0.539592
vt 0.380509 0.464340
vt 0.359757 0.590808
vt 0.324349 0.346663
vt 0.295785 0.694223
vt 0.348213 0.502174
vt 0.281475 0.719104
vt 0.851819 0.091616
vt 0.827023 0.065699
vt 0.943869 0.065752
vt 0.894459 0.092250
vt 0.887341 0.138533
vt 0.904562 0.164085
vt 0.814414 0.106326
vt 0.857713 0.117597
vt 0.770987 0.160460
vt 0.748965 0.148643
vt 0.786193 0.115412
vt 0.808791 0.135809
vt 0.735346 0.141152
vt 0.745732 0.092832
vt 0.745033 0.062513
vt 0.671259 0.100923
vt 0.639724 0.096156
vt 0.636220 0.075171
vt 0.710952 0.013333
vt 0.965083 0.027487
vt 0.483185 0.041618
vt 0.440616 0.068801
vt 0.365568 0.113213
vt 0.408087 0.030723
vt 0.291454 0.014667
vt 0.246027 0.028359
vt 0.727079 0.011813
vt 0.652879 0.046159
vt 0.587602 0.060880
vt 0.715204 0.208039
vt 0.715766 0.238493
vt 0.677441 0.200983
vt 0.685808 0.180971
vt 0.675879 0.294692
vt 0.658699 0.267506
vt 0.666772 0.235512
vt 0.687373 0.262253
vt 0.662065 0.303748
vt 0.655930 0.296090
vt 0.650326 0.368729
vt 0.630565 0.342510
vt 0.642621 0.306723
vt 0.661155 0.327426
vt 0.628713 0.208624
vt 0.608122 0.201525
vt 0.615110 0.174640
vt 0.647816 0.187502
vt 0.658877 0.152894
vt 0.615969 0.142032
vt 0.626051 0.303844
vt 0.615860 0.324639
vt 0.605946 0.313619
vt 0.622613 0.282449
vt 0.590684 0.298216
vt 0.598251 0.253779
vt 0.633821 0.232729
vt 0.647241 0.218674
vt 0.640727 0.287055
vt 0.612495 0.228940
vt 0.673033 0.322547
vt 0.591670 0.229888
vt 0.433653 0.196440
vt 0.451906 0.231218
vt 0.421873 0.217458
vt 0.408603 0.193133
vt 0.412320 0.147268
vt 0.422549 0.171634
vt 0.559563 0.115723
vt 0.535486 0.137808
vt 0.498644 0.118641
vt 0.522785 0.088715
vt 0.520505 0.161186
vt 0.487349 0.148333
vt 0.506791 0.195851
vt 0.498075 0.241783
vt 0.473419 0.234353
vt 0.478497 0.183251
vt 0.412344 0.242842
vt 0.398014 0.217074
vt 0.433936 0.250714
vt 0.453613 0.110692
vt 0.489180 0.076423
vt 0.467054 0.147269
vt 0.396187 0.132222
vt 0.594461 0.170556
vt 0.584439 0.198811
vt 0.559539 0.170814
vt 0.583742 0.148007
vt 0.550127 0.230318
vt 0.543899 0.263327
vt 0.522169 0.251789
vt 0.533901 0.206733
vt 0.559546 0.273337
vt 0.567728 0.222846
vt 0.556228 0.202434
vt 0.581976 0.253963
vt 0.572855 0.283050
vt 0.541785 0.180564
vt 0.606199 0.097184
vt 0.754256 0.186311
vt 0.716347 0.174863
vt 0.705347 0.186268
vt 0.663962 0.132202
vt 0.640914 0.118196
vt 0.054695 0.027487
vt 0.033481 0.065752
vt 0.101955 0.052184
vt 0.721915 0.227024
vt 0.482614 0.676867
vt 0.467461 0.678108
vt 0.480088 0.640526
vt 0.508188 0.600914
vt 0.467295 0.747090
vt 0.483222 0.737316
vt 0.513948 0.689042
vt 0.511612 0.610966
vt 0.541756 0.574612
vt 0.563301 0.609816
vt 0.556109 0.672165
vt 0.476100 0.608505
vt 0.468485 0.569347
vt 0.479047 0.543868
vt 0.487786 0.579894
vt 0.454158 0.592901
vt 0.456352 0.640759
vt 0.496924 0.504554
vt 0.516673 0.501940
vt 0.525327 0.533381
vt 0.496992 0.551038
vt 0.445231 0.637966
vt 0.443438 0.606693
vt 0.626411 0.439843
vt 0.609822 0.415335
vt 0.620085 0.378841
vt 0.638104 0.404493
vt 0.603636 0.510767
vt 0.586636 0.487152
vt 0.595649 0.461676
vt 0.612302 0.484679
vt 0.602052 0.441679
vt 0.618766 0.462862
vt 0.531026 0.471859
vt 0.547223 0.445951
vt 0.557876 0.486466
vt 0.544158 0.489029
vt 0.603852 0.359271
vt 0.595545 0.397598
vt 0.586383 0.387426
vt 0.594315 0.348887
vt 0.572901 0.374166
vt 0.581975 0.336588
vt 0.570726 0.460792
vt 0.560879 0.441406
vt 0.562956 0.408500
vt 0.581175 0.433288
vt 0.592244 0.423607
vt 0.576155 0.512953
vt 0.592696 0.543334
vt 0.550142 0.418942
vt 0.558640 0.548391
vt 0.568527 0.529219
vt 0.580498 0.548517
vt 0.579375 0.576255
vt 0.542871 0.511341
vt 0.556556 0.507881
vt 0.494519 0.287540
vt 0.494110 0.334128
vt 0.470100 0.334544
vt 0.463002 0.292347
vt 0.496383 0.387073
vt 0.491257 0.414490
vt 0.477772 0.417162
vt 0.470966 0.390071
vt 0.502813 0.443912
vt 0.506318 0.405162
vt 0.481858 0.459677
vt 0.429951 0.305716
vt 0.433804 0.330355
vt 0.419628 0.333174
vt 0.416240 0.292408
vt 0.447922 0.329235
vt 0.442853 0.287778
vt 0.423025 0.277055
vt 0.436538 0.371891
vt 0.436368 0.399074
vt 0.427100 0.413991
vt 0.423373 0.373118
vt 0.448659 0.416323
vt 0.449549 0.373095
vt 0.434591 0.427807
vt 0.460557 0.331099
vt 0.458835 0.306232
vt 0.460296 0.405600
vt 0.461139 0.376882
vt 0.460933 0.273712
vt 0.459762 0.437533
vt 0.454670 0.476557
vt 0.450853 0.508177
vt 0.438040 0.520443
vt 0.442296 0.486453
vt 0.459363 0.534293
vt 0.469022 0.509737
vt 0.446451 0.557873
vt 0.430354 0.494306
vt 0.432698 0.462396
vt 0.445957 0.454366
vt 0.467835 0.463857
vt 0.476121 0.486533
vt 0.436675 0.570853
vt 0.431267 0.552238
vt 0.537980 0.303692
vt 0.532605 0.340931
vt 0.515015 0.339280
vt 0.515832 0.294251
vt 0.541947 0.354431
vt 0.551287 0.312012
vt 0.539541 0.392724
vt 0.535630 0.425449
vt 0.522487 0.431468
vt 0.518985 0.399369
vt 0.513203 0.367091
vt 0.527628 0.367997
vt 0.563804 0.321025
vt 0.556984 0.360567
vt 0.553426 0.387773
vt 0.511288 0.477232
vt 0.492204 0.483222
vt 0.530287 0.493554
vt 0.591870 0.570395
vt 0.422974 0.441797
vt 0.917752 0.166701
vt 0.961431 0.157438
vt 0.990339 0.096843
vt 0.404109 0.268958
vt 0.017050 0.671324
s 1
f 3/1/3 4/2/4 6/3/6 5/4/5
f 8/5/8 11/6/11 12/7/12 9/8/9
f 7/9/7 9/8/9 12/7/12 10/10/10
f 16/11/16 18/12/18 20/13/20 19/14/19
f 3/1/3 16/11/16 17/15/17 4/2/4
f 3/1/3 5/4/5 18/12/18 16/11/16
f 8/5/8 9/8/9 17/15/17 16/11/16
f 8/5/8 16/11/16 19/14/19 11/6/11
f 14/16/14 19/14/19 20/13/20 15/17/15
f 13/18/13 15/17/15 20/13/20 18/12/18
f 1/19/1 4/2/4 17/15/17 9/8/9
f 23/20/23 24/21/24 26/22/26 25/23/25
f 31/24/31 32/25/32 34/26/34 33/27/33
f 29/28/29 33/27/33 34/26/34 30/29/30
f 28/30/28 30/29/30 34/26/34 32/25/32
f 38/31/38 39/32/39 42/33/42 41/34/41
f 43/35/43 44/36/44 47/37/47 45/38/45
f 26/22/26 40/39/40 39/40/39 25/23/25
f 23/41/23 25/42/25 39/32/39 38/31/38
f 31/24/31 48/43/48 49/44/49 32/25/32
f 31/24/31 33/27/33 50/45/50 48/43/48
f 39/40/39 40/39/40 49/44/49 48/43/48
f 39/40/39 48/43/48 51/46/51 42/47/42
f 36/48/36 41/34/41 42/33/42 37/49/37
f 38/31/38 41/34/41 36/48/36 35/50/35
f 43/35/43 48/43/48 50/45/50 44/36/44
f 43/35/43 45/38/45 51/46/51 48/43/48
f 37/51/37 42/47/42 51/46/51 45/38/45
f 27/52/27 44/36/44 50/45/50 33/27/33
f 26/22/26 32/25/32 49/44/49 40/39/40
f 53/53/53 56/54/56 57/55/57 54/56/54
f 52/57/52 54/56/54 57/55/57 55/58/55
f 58/59/58 59/60/59 61/61/61 60/62/60
f 71/63/71 74/64/74 75/65/75 72/66/72
f 71/63/71 73/67/73 76/68/76 74/64/74
f 56/54/56 65/69/65 66/70/66 57/55/57
f 63/71/63 64/72/64 73/67/73 71/63/71
f 53/53/53 62/73/62 63/71/63 56/54/56
f 71/63/71 72/66/72 66/70/66 65/69/65
f 61/61/61 64/72/64 63/71/63 60/62/60
f 58/59/58 60/62/60 63/71/63 62/73/62
f 68/74/68 74/64/74 76/68/76 70/75/70
f 61/61/61 67/76/67 73/67/73 64/72/64
f 56/54/56 63/71/63 71/63/71 65/69/65
f 78/77/78 81/78/81 82/79/82 79/80/79
f 77/81/77 79/80/79 82/79/82 80/82/80
f 84/83/84 87/84/87 88/85/88 85/86/85
f 83/87/83 85/88/85 88/89/88 86/90/86
f 81/78/81 84/83/84 85/86/85 82/79/82
f 80/82/80 82/79/82 85/86/85 83/91/83
f 90/92/90 93/93/93 94/94/94 91/95/91
f 89/96/89 91/95/91 94/94/94 92/97/92
f 95/98/95 96/99/96 98/100/98 97/101/97
f 100/102/100 101/103/101 103/104/103 102/105/102
f 100/102/100 104/106/104 105/107/105 101/103/101
f 100/102/100 102/105/102 106/108/106 104/106/104
f 93/93/93 102/105/102 103/104/103 94/94/94
f 92/97/92 94/94/94 103/104/103 101/103/101
f 90/109/90 91/110/91 96/99/96 95/98/95
f 90/109/90 95/98/95 99/111/99 93/112/93
f 102/105/102 109/113/109 110/114/110 106/108/106
f 101/103/101 105/107/105 108/115/108 107/116/107
f 93/93/93 99/117/99 109/113/109 102/105/102
f 11/6/11 53/53/53 54/56/54 12/7/12
f 10/10/10 12/7/12 54/56/54 52/57/52
f 14/16/14 15/17/15 59/60/59 58/59/58
f 14/16/14 58/59/58 62/73/62 19/14/19
f 11/6/11 19/14/19 62/73/62 53/53/53
f 36/48/36 37/49/37 91/95/91 89/96/89
f 46/118/46 97/101/97 98/100/98 47/37/47
f 45/38/45 47/37/47 98/100/98 96/99/96
f 37/51/37 45/38/45 96/99/96 91/110/91
f 13/18/13 35/50/35 36/48/36 15/17/15
f 5/4/5 6/3/6 24/119/24 23/41/23
f 2/120/2 22/121/22 24/119/24 6/3/6
f 13/18/13 18/12/18 38/31/38 35/50/35
f 5/4/5 23/41/23 38/31/38 18/12/18
f 59/60/59 89/96/89 92/97/92 61/61/61
f 69/122/69 70/75/70 105/107/105 104/106/104
f 73/67/73 107/116/107 108/115/108 76/68/76
f 101/103/101 107/116/107 73/67/73 67/76/67
f 70/75/70 76/68/76 108/115/108 105/107/105
f 61/61/61 92/97/92 101/103/101 67/76/67
f 77/81/77 95/98/95 97/101/97 79/80/79
f 77/81/77 80/82/80 99/111/99 95/98/95
f 88/89/88 111/123/111 110/114/110 86/90/86
f 83/87/83 86/90/86 110/114/110 109/113/109
f 80/124/80 83/87/83 109/113/109 99/117/99
f 21/125/21 79/80/79 97/101/97 46/118/46
f 15/17/15 36/48/36 89/96/89 59/60/59
f 115/126/115 116/127/116 118/128/118 117/129/117
f 115/126/115 119/130/119 120/131/120 116/127/116
f 115/126/115 117/129/117 121/132/121 119/130/119
f 120/131/120 122/133/122 118/128/118 116/127/116
f 124/134/124 125/135/125 127/136/127 126/137/126
f 128/138/128 129/139/129 131/140/131 130/141/130
f 128/138/128 132/142/132 133/143/133 129/139/129
f 137/144/137 138/145/138 140/146/140 139/147/139
f 135/148/135 139/147/139 140/146/140 136/149/136
f 137/144/137 139/147/139 135/148/135 134/150/134
f 112/151/112 130/141/130 131/140/131 113/152/113
f 124/134/124 141/153/141 142/154/142 125/135/125
f 142/154/142 143/155/143 127/136/127 125/135/125
f 112/151/112 113/152/113 120/131/120 119/130/119
f 135/148/135 136/149/136 142/154/142 141/153/141
f 140/146/140 144/156/144 142/154/142 136/149/136
f 120/131/120 124/134/124 126/137/126 122/133/122
f 118/128/118 122/133/122 126/137/126 123/157/123
f 129/139/129 134/150/134 135/148/135 131/140/131
f 129/139/129 133/143/133 137/144/137 134/150/134
f 113/152/113 114/158/114 124/134/124 120/131/120
f 113/152/113 131/140/131 135/148/135 114/158/114
f 135/148/135 141/153/141 124/134/124 114/158/114
f 148/159/148 149/160/149 147/161/147 146/162/146
f 150/163/150 151/164/151 153/165/153 152/166/152
f 153/167/153 156/168/156 155/169/155 152/170/152
f 150/171/150 152/170/152 155/169/155 154/172/154
f 159/173/159 160/174/160 162/175/162 161/176/161
f 159/173/159 161/176/161 158/177/158 157/178/157
f 163/179/163 164/180/164 166/181/166 165/182/165
f 163/179/163 167/183/167 168/184/168 164/180/164
f 169/185/169 170/186/170 172/187/172 171/188/171
f 169/185/169 173/189/173 174/190/174 170/186/170
f 174/190/174 175/191/175 172/187/172 170/186/170
f 176/192/176 177/193/177 162/175/162 160/174/160
f 155/169/155 156/168/156 168/184/168 167/183/167
f 161/176/161 162/175/162 174/190/174 173/189/173
f 151/164/151 157/194/157 158/195/158 153/165/153
f 158/177/158 161/176/161 156/168/156 153/167/153
f 164/180/164 169/185/169 171/188/171 166/181/166
f 164/180/164 168/184/168 173/189/173 169/185/169
f 156/168/156 161/176/161 173/189/173 168/184/168
f 177/193/177 178/196/178 174/190/174 162/175/162
f 185/197/185 186/198/186 184/199/184 183/200/183
f 187/201/187 188/202/188 190/203/190 189/204/189
f 187/201/187 191/205/191 192/206/192 188/202/188
f 192/206/192 193/207/193 190/203/190 188/202/188
f 181/208/181 189/204/189 190/203/190 182/209/182
f 187/201/187 189/204/189 181/208/181 180/210/180
f 186/211/186 191/205/191 187/201/187 184/212/184
f 198/213/198 199/214/199 197/215/197 196/216/196
f 194/217/194 196/216/196 197/215/197 195/218/195
f 202/219/202 203/220/203 201/221/201 200/222/200
f 202/219/202 205/223/205 206/224/206 203/220/203
f 204/225/204 205/223/205 202/219/202 200/222/200
f 209/226/209 211/227/211 212/228/212 210/229/210
f 219/230/219 220/231/220 218/232/218 217/233/217
f 226/234/226 227/235/227 225/236/225 224/237/224
f 221/238/221 224/237/224 225/236/225 222/239/222
f 225/236/225 227/235/227 223/240/223 222/239/222
f 198/213/198 209/226/209 210/229/210 199/214/199
f 205/223/205 213/241/213 214/242/214 206/224/206
f 217/233/217 218/232/218 212/228/212 211/227/211
f 209/226/209 216/243/216 217/233/217 211/227/211
f 206/224/206 208/244/208 207/245/207 203/220/203
f 221/238/221 222/239/222 214/242/214 213/241/213
f 215/246/215 224/237/224 221/238/221 213/241/213
f 199/214/199 205/223/205 204/225/204 197/215/197
f 195/218/195 197/215/197 204/225/204 200/222/200
f 210/229/210 212/228/212 215/246/215 213/241/213
f 220/231/220 226/234/226 224/237/224 218/232/218
f 218/232/218 224/237/224 215/246/215 212/228/212
f 199/214/199 210/229/210 213/241/213 205/223/205
f 214/242/214 222/239/222 208/244/208 206/224/206
f 231/247/231 232/248/232 230/249/230 229/250/229
f 233/251/233 234/252/234 232/248/232 231/247/231
f 237/253/237 238/254/238 236/255/236 235/256/235
f 241/257/241 242/258/242 240/259/240 239/260/239
f 243/261/243 246/262/246 247/263/247 244/264/244
f 247/263/247 248/265/248 245/266/245 244/264/244
f 254/267/254 257/268/257 258/269/258 255/270/255
f 258/269/258 259/271/259 256/272/256 255/270/255
f 250/273/250 251/274/251 242/258/242 241/257/241
f 246/262/246 254/267/254 255/270/255 247/263/247
f 255/270/255 256/272/256 248/265/248 247/263/247
f 242/258/242 246/262/246 243/261/243 240/259/240
f 253/275/253 257/268/257 254/267/254 251/274/251
f 256/272/256 259/271/259 261/276/261 260/277/260
f 248/265/248 256/272/256 260/277/260 249/278/249
f 251/274/251 254/267/254 246/262/246 242/258/242
f 132/142/132 194/217/194 195/218/195 133/143/133
f 137/144/137 200/222/200 201/221/201 138/145/138
f 201/221/201 203/220/203 140/146/140 138/145/138
f 133/143/133 195/218/195 200/222/200 137/144/137
f 229/250/229 230/249/230 149/160/149 148/159/148
f 228/279/228 229/250/229 148/159/148 145/280/145
f 239/260/239 240/259/240 186/198/186 185/197/185
f 191/205/191 243/281/243 244/282/244 192/206/192
f 244/264/244 245/266/245 193/207/193 192/206/192
f 240/259/240 243/261/243 191/283/191 186/198/186
f 117/129/117 118/128/118 151/164/151 150/163/150
f 126/137/126 127/136/127 160/284/160 159/285/159
f 126/137/126 159/285/159 157/194/157 123/157/123
f 118/128/118 123/157/123 157/194/157 151/164/151
f 143/155/143 176/286/176 160/284/160 127/136/127
f 227/235/227 237/253/237 235/256/235 223/240/223
f 149/160/149 185/197/185 183/200/183 147/161/147
f 232/248/232 241/257/241 239/260/239 230/249/230
f 234/252/234 250/273/250 241/257/241 232/248/232
f 142/154/142 146/162/146 147/161/147 143/155/143
f 142/154/142 144/156/144 148/159/148 146/162/146
f 140/146/140 145/280/145 148/159/148 144/156/144
f 174/190/174 180/210/180 181/208/181 175/191/175
f 172/187/172 175/191/175 181/208/181 179/287/179
f 176/192/176 183/288/183 184/212/184 177/193/177
f 177/193/177 184/212/184 187/201/187 178/196/178
f 174/190/174 178/196/178 187/201/187 180/210/180
f 207/245/207 208/244/208 231/247/231 229/250/229
f 223/240/223 234/252/234 233/251/233 222/239/222
f 207/245/207 229/250/229 228/279/228 203/220/203
f 208/244/208 222/239/222 233/251/233 231/247/231
f 236/255/236 251/274/251 250/273/250 235/256/235
f 237/253/237 252/289/252 253/275/253 238/254/238
f 236/255/236 238/254/238 253/275/253 251/274/251
f 143/155/143 147/161/147 183/200/183 176/286/176
f 235/256/235 250/273/250 234/252/234 223/240/223
f 140/146/140 203/220/203 228/279/228 145/280/145
f 230/249/230 239/260/239 185/197/185 149/160/149
f 265/290/265 266/291/266 268/292/268 267/293/267
f 263/294/263 267/293/267 268/292/268 264/295/264
f 262/296/262 264/295/264 268/292/268 266/291/266
f 272/297/272 273/298/273 275/299/275 274/300/274
f 270/301/270 273/298/273 272/297/272 269/302/269
f 270/301/270 271/303/271 275/299/275 273/298/273
f 263/294/263 264/295/264 270/301/270 269/302/269
f 263/294/263 269/302/269 272/297/272 267/293/267
f 278/304/278 279/305/279 281/306/281 280/307/280
f 278/304/278 280/307/280 283/308/283 282/309/282
f 288/310/288 289/311/289 291/312/291 290/313/290
f 286/314/286 289/311/289 288/310/288 285/315/285
f 286/314/286 287/316/287 291/312/291 289/311/289
f 292/317/292 293/318/293 295/319/295 294/320/294
f 292/317/292 296/321/296 297/322/297 293/318/293
f 298/323/298 299/324/299 301/325/301 300/326/300
f 276/327/276 277/328/277 295/319/295 293/318/293
f 291/312/291 304/329/304 303/330/303 290/313/290
f 288/310/288 290/313/290 303/330/303 302/331/302
f 294/320/294 295/319/295 299/324/299 298/323/298
f 280/307/280 281/306/281 286/314/286 285/315/285
f 280/307/280 285/315/285 288/310/288 283/308/283
f 276/327/276 282/309/282 283/308/283 277/328/277
f 299/324/299 302/331/302 303/330/303 301/325/301
f 277/328/277 283/308/283 288/310/288 284/332/284
f 288/310/288 302/331/302 299/324/299 284/332/284
f 277/328/277 284/332/284 299/324/299 295/319/295
f 310/333/310 311/334/311 313/335/313 312/336/312
f 309/337/309 311/334/311 310/333/310 308/338/308
f 315/339/315 318/340/318 317/341/317 314/342/314
f 315/339/315 316/343/316 320/344/320 318/340/318
f 311/334/311 317/341/317 319/345/319 313/335/313
f 314/342/314 317/341/317 311/334/311 309/337/309
f 321/346/321 322/347/322 324/348/324 323/349/323
f 329/350/329 330/351/330 332/352/332 331/353/331
f 337/354/337 338/355/338 340/356/340 339/357/339
f 345/358/345 346/359/346 348/360/348 347/361/347
f 323/349/323 324/348/324 338/355/338 337/354/337
f 331/353/331 332/352/332 346/359/346 345/358/345
f 322/347/322 329/350/329 331/353/331 324/348/324
f 338/355/338 345/358/345 347/361/347 340/356/340
f 321/346/321 325/362/325 327/363/327 322/347/322
f 321/346/321 323/349/323 328/364/328 325/362/325
f 329/350/329 333/365/333 334/366/334 330/351/330
f 334/366/334 336/367/336 332/352/332 330/351/330
f 340/356/340 344/368/344 342/369/342 339/357/339
f 337/354/337 339/357/339 342/369/342 341/370/341
f 348/360/348 351/371/351 350/372/350 347/361/347
f 349/373/349 351/371/351 348/360/348 346/359/346
f 322/347/322 327/363/327 333/365/333 329/350/329
f 347/361/347 350/372/350 344/368/344 340/356/340
f 323/349/323 337/354/337 341/370/341 328/364/328
f 336/367/336 349/373/349 346/359/346 332/352/332
f 324/348/324 331/353/331 345/358/345 338/355/338
f 355/374/355 356/375/356 358/376/358 357/377/357
f 353/378/353 356/375/356 355/374/355 352/379/352
f 353/378/353 354/380/354 358/376/358 356/375/356
f 364/381/364 365/382/365 363/383/363 362/384/362
f 361/385/361 365/382/365 364/381/364 360/386/360
f 359/387/359 360/386/360 364/381/364 362/384/362
f 358/376/358 361/385/361 360/386/360 357/377/357
f 355/374/355 357/377/357 360/386/360 359/387/359
f 368/388/368 370/389/370 369/390/369 367/391/367
f 371/392/371 372/393/372 374/394/374 373/395/373
f 374/394/374 376/396/376 375/397/375 373/395/373
f 381/398/381 383/399/383 382/400/382 380/401/380
f 393/402/393 394/403/394 396/404/396 395/405/395
f 391/406/391 394/403/394 393/402/393 390/407/390
f 391/406/391 392/408/392 396/404/396 394/403/394
f 376/396/376 385/409/385 384/410/384 375/397/375
f 378/411/378 387/412/387 386/413/386 377/414/377
f 369/390/369 370/389/370 378/411/378 377/414/377
f 386/413/386 387/412/387 381/398/381 380/401/380
f 382/400/382 383/399/383 389/415/389 388/416/388
f 381/398/381 387/412/387 389/415/389 383/399/383
f 384/410/384 385/409/385 391/406/391 390/407/390
f 373/395/373 375/397/375 370/389/370 368/388/368
f 390/407/390 393/402/393 389/415/389 387/412/387
f 381/398/381 384/410/384 390/407/390 387/412/387
f 375/397/375 384/410/384 381/398/381 370/389/370
f 369/390/369 377/414/377 386/413/386 380/401/380
f 381/398/381 387/412/387 378/411/378 370/389/370
f 376/396/376 379/417/379 391/406/391 385/409/385
f 265/290/265 325/362/325 326/418/326 266/291/266
f 265/290/265 267/293/267 327/363/327 325/362/325
f 275/299/275 335/419/335 334/366/334 274/300/274
f 272/297/272 274/300/274 334/366/334 333/365/333
f 267/293/267 272/297/272 333/365/333 327/363/327
f 313/335/313 368/388/368 367/391/367 312/336/312
f 310/333/310 312/336/312 367/391/367 366/420/366
f 318/340/318 372/393/372 371/392/371 317/341/317
f 371/392/371 373/395/373 319/345/319 317/341/317
f 318/340/318 320/344/320 374/394/374 372/393/372
f 319/345/319 373/395/373 368/388/368 313/335/313
f 271/303/271 305/421/305 306/422/306 275/299/275
f 334/366/334 335/419/335 353/378/353 352/379/352
f 334/366/334 352/379/352 355/374/355 336/367/336
f 349/373/349 359/387/359 362/384/362 351/371/351
f 336/367/336 355/374/355 359/387/359 349/373/349
f 300/326/300 301/325/301 309/337/309 308/338/308
f 303/330/303 304/329/304 315/339/315 314/342/314
f 301/325/301 303/330/303 314/342/314 309/337/309
f 291/312/291 307/423/307 315/339/315 304/329/304
f 262/296/262 292/317/292 294/320/294 264/295/264
f 262/296/262 266/291/266 296/321/296 292/317/292
f 270/301/270 298/323/298 300/326/300 271/303/271
f 264/295/264 294/320/294 298/323/298 270/301/270
f 308/338/308 310/333/310 306/422/306 305/421/305
f 353/378/353 366/420/366 367/391/367 354/380/354
f 367/391/367 369/390/369 358/376/358 354/380/354
f 380/401/380 382/400/382 365/382/365 361/385/361
f 369/390/369 380/401/380 361/385/361 358/376/358
f 271/303/271 300/326/300 308/338/308 305/421/305
f 310/333/310 366/420/366 353/378/353 306/422/306
f 275/299/275 306/422/306 353/378/353 335/419/335
f 397/424/397 398/425/398 400/426/400 399/427/399
f 401/428/401 402/429/402 404/430/404 403/431/403
f 406/432/406 407/433/407 409/434/409 408/435/408
f 409/434/409 411/436/411 410/437/410 408/435/408
f 412/438/412 413/439/413 415/440/415 414/441/414
f 415/440/415 418/442/418 417/443/417 414/441/414
f 416/444/416 418/442/418 415/440/415 413/439/413
f 399/427/399 400/426/400 407/433/407 406/432/406
f 403/431/403 404/430/404 413/439/413 412/438/412
f 405/445/405 416/444/416 413/439/413 404/430/404
f 398/425/398 401/428/401 403/431/403 400/426/400
f 407/433/407 412/438/412 414/441/414 409/434/409
f 414/441/414 417/443/417 411/436/411 409/434/409
f 400/426/400 403/431/403 412/438/412 407/433/407
f 422/446/422 423/447/423 425/448/425 424/449/424
f 422/446/422 424/449/424 421/450/421 420/451/420
f 431/452/431 432/453/432 430/454/430 429/455/429
f 433/456/433 434/457/434 436/458/436 435/459/435
f 436/458/436 439/460/439 438/461/438 435/459/435
f 437/462/437 439/460/439 436/458/436 434/457/434
f 429/455/429 430/454/430 425/448/425 423/447/423
f 427/463/427 434/457/434 433/456/433 426/464/426
f 433/456/433 435/459/435 428/465/428 426/464/426
f 424/449/424 425/448/425 427/463/427 426/464/426
f 432/453/432 437/462/437 434/457/434 430/454/430
f 430/454/430 434/457/434 427/463/427 425/448/425
f 444/466/444 445/467/445 447/468/447 446/469/446
f 447/468/447 449/470/449 448/471/448 446/469/446
f 453/472/453 454/473/454 456/474/456 455/475/455
f 451/476/451 454/473/454 453/472/453 450/477/450
f 453/472/453 455/475/455 452/478/452 450/477/450
f 441/479/441 445/467/445 444/466/444 440/480/440
f 443/481/443 451/476/451 450/477/450 442/482/442
f 445/467/445 450/477/450 452/478/452 447/468/447
f 452/478/452 455/475/455 449/470/449 447/468/447
f 442/482/442 450/477/450 445/467/445 441/479/441
f 463/483/463 464/484/464 462/485/462 461/486/461
f 468/487/468 471/488/471 470/489/470 467/490/467
f 469/491/469 471/488/471 468/487/468 466/492/466
f 476/493/476 477/494/477 475/495/475 474/496/474
f 475/495/475 477/494/477 473/497/473 472/498/472
f 482/499/482 483/500/483 481/501/481 480/502/480
f 481/501/481 485/503/485 484/504/484 480/502/480
f 484/504/484 486/505/486 482/499/482 480/502/480
f 472/498/472 473/497/473 464/484/464 463/483/463
f 471/488/471 483/500/483 482/499/482 470/489/470
f 481/501/481 483/500/483 471/488/471 469/491/469
f 464/484/464 469/491/469 466/492/466 462/485/462
f 484/504/484 485/503/485 477/494/477 476/493/476
f 477/494/477 485/503/485 481/501/481 473/497/473
f 478/506/478 479/507/479 475/495/475 472/498/472
f 465/508/465 478/506/478 472/498/472 463/483/463
f 473/497/473 481/501/481 469/491/469 464/484/464
f 488/509/488 490/510/490 489/511/489 487/512/487
f 493/513/493 496/514/496 495/515/495 492/516/492
f 494/517/494 496/514/496 493/513/493 491/518/491
f 502/519/502 505/520/505 504/521/504 501/522/501
f 503/523/503 505/520/505 502/519/502 500/524/500
f 509/525/509 510/526/510 512/527/512 511/528/511
f 507/529/507 510/526/510 509/525/509 506/530/506
f 509/525/509 511/528/511 508/531/508 506/530/506
f 490/510/490 499/532/499 498/533/498 489/511/489
f 496/514/496 502/519/502 501/522/501 495/515/495
f 500/524/500 502/519/502 496/514/496 494/517/494
f 498/533/498 499/532/499 507/529/507 506/530/506
f 504/521/504 505/520/505 515/534/515 514/535/514
f 504/521/504 514/535/514 513/536/513 501/522/501
f 492/516/492 495/515/495 490/510/490 488/509/488
f 510/526/510 514/535/514 516/537/516 512/527/512
f 513/536/513 514/535/514 510/526/510 507/529/507
f 499/532/499 501/522/501 513/536/513 507/529/507
f 495/515/495 501/522/501 499/532/499 490/510/490
f 498/533/498 506/530/506 497/538/497 489/511/489
f 461/486/461 462/485/462 432/453/432 431/452/431
f 439/460/439 468/487/468 467/490/467 438/461/438
f 466/492/466 468/487/468 439/460/439 437/462/437
f 462/485/462 466/492/466 437/462/437 432/453/432
f 449/470/449 488/509/488 487/512/487 448/471/448
f 456/474/456 493/513/493 492/516/492 455/475/455
f 491/518/491 493/513/493 456/474/456 454/473/454
f 455/475/455 492/516/492 488/509/488 449/470/449
f 410/437/410 411/436/411 441/479/441 440/480/440
f 417/443/417 418/442/418 443/481/443 442/482/442
f 411/436/411 417/443/417 442/482/442 441/479/441
f 419/539/419 451/476/451 443/481/443 418/442/418
f 460/540/460 503/523/503 500/524/500 459/541/459
f 438/461/438 458/542/458 457/543/457 435/459/435
f 470/489/470 518/544/518 517/545/517 467/490/467
f 482/499/482 519/546/519 518/544/518 470/489/470
f 402/429/402 420/451/420 421/450/421 404/430/404
f 421/450/421 424/449/424 405/445/405 404/430/404
f 416/444/416 426/464/426 428/465/428 418/442/418
f 405/445/405 424/449/424 426/464/426 416/444/416
f 428/465/428 435/459/435 419/539/419 418/442/418
f 457/543/457 458/542/458 454/473/454 451/476/451
f 482/499/482 486/505/486 460/540/460 459/541/459
f 517/545/517 518/544/518 494/517/494 491/518/491
f 518/544/518 519/546/519 500/524/500 494/517/494
f 419/539/419 435/459/435 457/543/457 451/476/451
f 500/524/500 519/546/519 482/499/482 459/541/459
f 460/540/460 486/505/486 520/547/520 503/523/503
f 458/542/458 517/545/517 491/518/491 454/473/454
f 467/490/467 517/545/517 458/542/458 438/461/438
f 524/548/524 525/549/525 527/550/527 526/551/526
f 522/552/522 523/553/523 525/549/525 524/548/524
f 534/554/534 535/555/535 537/556/537 536/557/536
f 534/554/534 538/558/538 539/559/539 535/555/535
f 534/554/534 536/557/536 540/560/540 538/558/538
f 541/561/541 543/562/543 544/563/544 542/564/542
f 545/565/545 547/566/547 548/567/548 546/568/546
f 549/569/549 551/570/551 552/571/552 550/572/550
f 529/573/529 545/565/545 546/568/546 530/574/530
f 532/575/532 549/569/549 550/572/550 533/576/533
f 529/573/529 530/574/530 539/559/539 538/558/538
f 528/577/528 535/555/535 539/559/539 530/574/530
f 554/578/554 555/579/555 548/567/548 547/566/547
f 545/565/545 553/580/553 554/578/554 547/566/547
f 532/575/532 533/576/533 544/563/544 543/562/543
f 532/575/532 543/562/543 541/561/541 531/581/531
f 558/582/558 559/583/559 552/571/552 551/570/551
f 552/571/552 559/583/559 557/584/557 550/572/550
f 528/577/528 530/574/530 532/575/532 531/581/531
f 546/568/546 548/567/548 551/570/551 549/569/549
f 528/577/528 531/581/531 541/561/541 535/555/535
f 555/579/555 558/582/558 551/570/551 548/567/548
f 530/574/530 546/568/546 549/569/549 532/575/532
f 529/573/529 538/558/538 553/580/553 545/565/545
f 550/572/550 557/584/557 544/563/544 533/576/533
f 560/585/560 561/586/561 563/587/563 562/588/562
f 566/589/566 567/590/567 569/591/569 568/592/568
f 562/588/562 563/587/563 567/590/567 566/589/566
f 577/593/577 578/594/578 576/595/576 575/596/575
f 573/597/573 574/598/574 577/593/577 575/596/575
f 584/599/584 588/600/588 587/601/587 583/602/583
f 584/599/584 586/603/586 589/604/589 588/600/588
f 576/595/576 584/599/584 583/602/583 575/596/575
f 577/593/577 585/605/585 586/603/586 578/594/578
f 576/595/576 578/594/578 586/603/586 584/599/584
f 571/606/571 573/597/573 575/596/575 572/607/572
f 587/601/587 588/600/588 582/608/582 581/609/581
f 579/610/579 583/602/583 587/601/587 581/609/581
f 572/607/572 575/596/575 583/602/583 579/610/579
f 592/611/592 593/612/593 591/613/591 590/614/590
f 596/615/596 597/616/597 595/617/595 594/618/594
f 596/615/596 599/619/599 600/620/600 597/616/597
f 595/617/595 597/616/597 600/620/600 598/621/598
f 593/612/593 596/615/596 594/618/594 591/613/591
f 604/622/604 605/623/605 603/624/603 602/625/602
f 607/626/607 608/627/608 611/628/611 609/629/609
f 612/630/612 613/631/613 615/632/615 614/633/614
f 621/634/621 622/635/622 620/636/620 619/637/619
f 620/636/620 622/635/622 624/638/624 623/639/623
f 627/640/627 628/641/628 626/642/626 625/643/625
f 626/642/626 628/641/628 630/644/630 629/645/629
f 609/629/609 619/637/619 620/636/620 610/646/610
f 609/629/609 611/628/611 621/634/621 619/637/619
f 617/647/617 618/648/618 627/640/627 625/643/625
f 605/623/605 612/630/612 614/633/614 606/649/606
f 625/643/625 626/642/626 622/635/622 621/634/621
f 622/635/622 626/642/626 629/645/629 624/638/624
f 605/623/605 608/627/608 607/626/607 603/624/603
f 605/623/605 606/649/606 611/628/611 608/627/608
f 615/632/615 618/648/618 617/647/617 614/633/614
f 616/650/616 618/648/618 615/632/615 613/631/613
f 614/633/614 617/647/617 611/628/611 606/649/606
f 611/628/611 617/647/617 625/643/625 621/634/621
f 554/578/554 590/614/590 591/613/591 555/579/555
f 554/578/554 556/651/556 592/611/592 590/614/590
f 558/582/558 594/618/594 595/617/595 559/583/559
f 555/579/555 591/613/591 594/618/594 558/582/558
f 582/608/582 605/623/605 604/622/604 581/609/581
f 580/652/580 581/609/581 604/622/604 602/625/602
f 588/600/588 589/604/589 613/631/613 612/630/612
f 582/608/582 588/600/588 612/630/612 605/623/605
f 521/653/521 560/585/560 562/588/562 523/553/523
f 525/549/525 566/589/566 568/592/568 527/550/527
f 523/553/523 562/588/562 566/589/566 525/549/525
f 602/625/602 603/624/603 593/612/593 592/611/592
f 609/629/609 610/646/610 600/620/600 599/619/599
f 596/615/596 607/626/607 609/629/609 599/619/599
f 603/624/603 607/626/607 596/615/596 593/612/593
f 600/620/600 610/646/610 620/636/620 601/654/601
f 522/552/522 538/558/538 540/560/540 523/553/523
f 521/653/521 523/553/523 540/560/540 536/557/536
f 527/550/527 556/651/556 554/578/554 526/551/526
f 524/548/524 526/551/526 554/578/554 553/580/553
f 522/552/522 524/548/524 553/580/553 538/558/538
f 560/585/560 570/655/570 571/606/571 561/586/561
f 571/606/571 572/607/572 563/587/563 561/586/561
f 564/656/564 565/657/565 577/593/577 574/598/574
f 569/591/569 581/609/581 580/652/580 568/592/568
f 579/610/579 581/609/581 569/591/569 567/590/567
f 572/607/572 579/610/579 567/590/567 563/587/563
f 521/653/521 536/557/536 570/655/570 560/585/560
f 568/592/568 580/652/580 556/651/556 527/550/527
f 556/651/556 580/652/580 602/625/602 592/611/592
f 633/658/633 634/659/634 636/660/636 635/661/635
f 633/658/633 637/662/637 638/663/638 634/659/634
f 639/664/639 640/665/640 642/666/642 641/667/641
f 639/664/639 643/668/643 644/669/644 640/665/640
f 644/669/644 645/670/645 642/666/642 640/665/640
f 650/671/650 652/672/652 653/673/653 651/674/651
f 654/675/654 656/676/656 657/677/657 655/678/655
f 631/679/631 646/680/646 647/681/647 632/682/632
f 643/668/643 654/675/654 655/678/655 644/669/644
f 631/679/631 632/682/632 638/663/638 637/662/637
f 650/671/650 651/674/651 647/681/647 646/680/646
f 634/659/634 639/664/639 641/667/641 636/660/636
f 634/659/634 638/663/638 643/668/643 639/664/639
f 651/674/651 653/673/653 656/676/656 654/675/654
f 648/683/648 649/684/649 656/676/656 653/673/653
f 638/663/638 651/674/651 654/675/654 643/668/643
f 631/679/631 637/662/637 650/671/650 646/680/646
f 647/681/647 651/674/651 638/663/638 632/682/632
f 663/685/663 666/686/666 667/687/667 664/688/664
f 665/689/665 666/686/666 663/685/663 662/690/662
f 660/691/660 663/685/663 664/688/664 661/692/661
f 662/690/662 663/685/663 660/691/660 659/693/659
f 669/694/669 670/695/670 672/696/672 671/697/671
f 669/694/669 673/698/673 674/699/674 670/695/670
f 674/699/674 675/700/675 672/696/672 670/695/670
f 680/701/680 681/702/681 679/703/679 678/704/678
f 689/705/689 690/706/690 688/707/688 687/708/687
f 694/709/694 695/710/695 693/711/693 692/712/692
f 684/713/684 685/714/685 675/700/675 674/699/674
f 692/712/692 693/711/693 683/715/683 682/716/682
f 671/697/671 672/696/672 678/704/678 677/717/677
f 675/700/675 680/701/680 678/704/678 672/696/672
f 690/706/690 694/709/694 692/712/692 688/707/688
f 680/701/680 682/716/682 683/715/683 681/702/681
f 684/713/684 687/708/687 688/707/688 685/714/685
f 684/713/684 686/718/686 689/705/689 687/708/687
f 675/700/675 676/719/676 682/716/682 680/701/680
f 675/700/675 685/714/685 688/707/688 676/719/676
f 683/715/683 693/711/693 691/720/691 681/702/681
f 688/707/688 692/712/692 682/716/682 676/719/676
f 698/721/698 700/722/700 701/723/701 699/724/699
f 703/725/703 705/726/705 706/727/706 704/728/704
f 710/729/710 711/730/711 709/731/709 708/732/708
f 710/729/710 712/733/712 713/734/713 711/730/711
f 716/735/716 717/736/717 715/737/715 714/738/714
f 700/722/700 708/732/708 709/731/709 701/723/701
f 700/722/700 702/739/702 710/729/710 708/732/708
f 705/726/705 714/738/714 715/737/715 706/727/706
f 715/737/715 717/736/717 707/740/707 706/727/706
f 699/724/699 701/723/701 705/726/705 703/725/703
f 711/730/711 716/735/716 714/738/714 709/731/709
f 711/730/711 713/734/713 718/741/718 716/735/716
f 699/724/699 703/725/703 697/742/697 696/743/696
f 701/723/701 709/731/709 714/738/714 705/726/705
f 720/744/720 723/745/723 724/746/724 721/747/721
f 722/748/722 723/745/723 720/744/720 719/749/719
f 729/750/729 730/751/730 728/752/728 727/753/727
f 736/754/736 737/755/737 735/756/735 734/757/734
f 731/758/731 734/757/734 735/756/735 732/759/732
f 735/756/735 737/755/737 733/760/733 732/759/732
f 740/761/740 741/762/741 739/763/739 738/764/738
f 744/765/744 745/766/745 743/767/743 742/768/742
f 738/764/738 739/763/739 730/751/730 729/750/729
f 742/768/742 743/767/743 737/755/737 736/754/736
f 730/751/730 736/754/736 734/757/734 728/752/728
f 741/762/741 744/765/744 742/768/742 739/763/739
f 739/763/739 742/768/742 736/754/736 730/751/730
f 752/769/752 753/770/753 751/771/751 750/772/750
f 758/773/758 759/774/759 757/775/757 756/776/756
f 762/777/762 763/778/763 761/779/761 760/780/760
f 767/781/767 768/782/768 766/783/766 765/784/765
f 769/785/769 770/786/770 767/781/767 765/784/765
f 747/787/747 760/780/760 761/779/761 748/788/748
f 761/779/761 763/778/763 749/789/749 748/788/748
f 766/783/766 768/782/768 755/790/755 754/791/754
f 765/784/765 766/783/766 763/778/763 762/777/762
f 764/792/764 769/785/769 765/784/765 762/777/762
f 753/770/753 758/773/758 756/776/756 751/771/751
f 749/789/749 753/770/753 752/769/752 748/788/748
f 746/793/746 748/788/748 752/769/752 750/772/750
f 755/790/755 759/774/759 758/773/758 754/791/754
f 754/791/754 758/773/758 753/770/753 749/789/749
f 763/778/763 766/783/766 754/791/754 749/789/749
f 652/672/652 698/721/698 699/724/699 653/673/653
f 656/676/656 703/725/703 704/728/704 657/677/657
f 648/683/648 696/743/696 697/742/697 649/684/649
f 648/683/648 653/673/653 699/724/699 696/743/696
f 697/742/697 703/725/703 656/676/656 649/684/649
f 666/686/666 720/744/720 721/747/721 667/687/667
f 719/749/719 720/744/720 666/686/666 665/689/665
f 750/772/750 751/771/751 690/706/690 689/705/689
f 756/776/756 757/775/757 695/710/695 694/709/694
f 686/718/686 746/793/746 750/772/750 689/705/689
f 751/771/751 756/776/756 694/709/694 690/706/690
f 727/753/727 728/752/728 713/734/713 712/733/712
f 710/729/710 726/794/726 727/753/727 712/733/712
f 731/758/731 732/759/732 717/736/717 716/735/716
f 718/741/718 734/757/734 731/758/731 716/735/716
f 728/752/728 734/757/734 718/741/718 713/734/713
f 660/691/660 661/692/661 674/699/674 673/698/673
f 660/691/660 673/698/673 669/694/669 658/795/658
f 667/687/667 686/718/686 684/713/684 664/688/664
f 664/688/664 684/713/684 674/699/674 661/692/661
f 747/787/747 748/788/748 724/746/724 723/745/723
f 724/746/724 748/788/748 746/793/746 721/747/721
f 725/796/725 760/780/760 747/787/747 723/745/723
f 644/669/644 659/693/659 660/691/660 645/670/645
f 642/666/642 645/670/645 660/691/660 658/795/658
f 655/678/655 657/677/657 665/689/665 662/690/662
f 644/669/644 655/678/655 662/690/662 659/693/659
f 707/740/707 723/745/723 722/748/722 706/727/706
f 704/728/704 706/727/706 722/748/722 719/749/719
f 707/740/707 717/736/717 725/796/725 723/745/723
f 733/760/733 762/777/762 760/780/760 732/759/732
f 733/760/733 737/755/737 764/792/764 762/777/762
f 745/766/745 770/786/770 769/785/769 743/767/743
f 743/767/743 769/785/769 764/792/764 737/755/737
f 642/666/642 658/795/658 669/694/669 668/797/668
f 732/759/732 760/780/760 725/796/725 717/736/717
f 657/677/657 704/728/704 719/749/719 665/689/665
f 721/747/721 746/793/746 686/718/686 667/687/667
f 777/798/777 778/799/778 776/800/776 775/801/775
f 771/802/771 775/801/775 776/800/776 772/803/772
f 774/804/774 778/799/778 777/798/777 773/805/773
f 771/802/771 773/805/773 777/798/777 775/801/775
f 781/806/781 782/807/782 780/808/780 779/809/779
f 780/808/780 782/807/782 784/810/784 783/811/783
f 787/812/787 788/813/788 790/814/790 789/815/789
f 776/800/776 778/799/778 786/816/786 785/817/785
f 783/811/783 784/810/784 788/813/788 787/812/787
f 779/809/779 780/808/780 774/804/774 773/805/773
f 774/804/774 780/808/780 783/811/783 778/799/778
f 778/799/778 783/811/783 787/812/787 786/816/786
f 797/818/797 798/819/798 796/820/796 795/821/795
f 792/822/792 795/821/795 796/820/796 793/823/793
f 792/822/792 794/824/794 797/818/797 795/821/795
f 794/824/794 799/825/799 800/826/800 797/818/797
f 808/827/808 809/828/809 811/829/811 810/830/810
f 813/831/813 816/832/816 815/833/815 812/834/812
f 813/831/813 814/835/814 817/836/817 816/832/816
f 820/837/820 823/838/823 822/839/822 819/840/819
f 826/841/826 829/842/829 828/843/828 825/844/825
f 824/845/824 825/844/825 828/843/828 827/846/827
f 836/847/836 837/848/837 835/849/835 834/850/834
f 835/849/835 839/851/839 838/852/838 834/850/834
f 810/830/810 811/829/811 825/844/825 824/845/824
f 816/832/816 832/853/832 831/854/831 815/833/815
f 823/838/823 837/848/837 836/847/836 822/839/822
f 821/855/821 822/839/822 836/847/836 834/850/834
f 809/828/809 812/834/812 815/833/815 811/829/811
f 831/854/831 832/853/832 826/841/826 825/844/825
f 826/841/826 832/853/832 833/856/833 829/842/829
f 813/831/813 818/857/818 819/840/819 814/835/814
f 817/836/817 822/839/822 821/855/821 816/832/816
f 819/840/819 822/839/822 817/836/817 814/835/814
f 834/850/834 838/852/838 833/856/833 832/853/832
f 833/856/833 838/852/838 830/858/830 829/842/829
f 821/855/821 834/850/834 832/853/832 816/832/816
f 811/829/811 815/833/815 831/854/831 825/844/825
f 848/859/848 849/860/849 847/861/847 846/862/846
f 844/863/844 845/864/845 848/859/848 846/862/846
f 852/865/852 853/866/853 851/867/851 850/868/850
f 851/867/851 853/866/853 855/869/855 854/870/854
f 858/871/858 859/872/859 857/873/857 856/874/856
f 847/861/847 861/875/861 860/876/860 846/862/846
f 847/861/847 849/860/849 862/877/862 861/875/861
f 850/868/850 851/867/851 842/878/842 841/879/841
f 842/878/842 851/867/851 854/870/854 843/880/843
f 856/874/856 857/873/857 849/860/849 848/859/848
f 842/878/842 845/864/845 844/863/844 840/881/840
f 842/878/842 843/880/843 848/859/848 845/864/845
f 855/869/855 858/871/858 856/874/856 854/870/854
f 854/870/854 856/874/856 848/859/848 843/880/843
f 866/882/866 867/883/867 865/884/865 864/885/864
f 874/886/874 875/887/875 873/888/873 872/889/872
f 871/890/871 875/887/875 874/886/874 870/891/870
f 869/892/869 870/891/870 874/886/874 872/889/872
f 876/893/876 877/894/877 871/890/871 870/891/870
f 867/883/867 870/891/870 869/892/869 865/884/865
f 869/892/869 872/889/872 868/895/868 865/884/865
f 797/818/797 841/879/841 842/878/842 798/819/798
f 796/820/796 798/819/798 842/878/842 840/881/840
f 800/826/800 801/896/801 852/865/852 850/868/850
f 797/818/797 800/826/800 850/868/850 841/879/841
f 829/842/829 867/883/867 866/882/866 828/843/828
f 827/846/827 828/843/828 866/882/866 864/885/864
f 839/851/839 877/894/877 876/893/876 838/852/838
f 830/858/830 870/891/870 867/883/867 829/842/829
f 830/858/830 838/852/838 876/893/876 870/891/870
f 802/897/802 803/898/803 782/807/782 781/806/781
f 782/807/782 803/898/803 805/899/805 784/810/784
f 788/813/788 806/900/806 807/901/807 790/814/790
f 784/810/784 805/899/805 806/900/806 788/813/788
f 864/885/864 865/884/865 853/866/853 852/865/852
f 853/866/853 865/884/865 868/895/868 855/869/855
f 872/889/872 873/888/873 859/872/859 858/871/858
f 868/895/868 872/889/872 858/871/858 855/869/855
f 786/816/786 794/824/794 792/822/792 785/902/785
f 790/814/790 801/896/801 800/826/800 789/815/789
f 787/812/787 789/815/789 800/826/800 799/825/799
f 787/812/787 799/825/799 794/824/794 786/816/786
f 776/903/776 785/902/785 792/822/792 791/904/791
f 804/905/804 809/828/809 808/827/808 803/898/803
f 808/827/808 810/830/810 805/899/805 803/898/803
f 824/845/824 827/846/827 807/901/807 806/900/806
f 810/830/810 824/845/824 806/900/806 805/899/805
f 807/901/807 827/846/827 801/896/801 790/814/790
f 801/896/801 827/846/827 864/885/864 852/865/852
f 883/906/883 884/907/884 886/908/886 885/909/885
f 881/910/881 884/907/884 883/906/883 880/911/880
f 883/906/883 885/909/885 882/912/882 880/911/880
f 889/913/889 890/914/890 888/915/888 887/916/887
f 893/917/893 896/918/896 895/919/895 892/920/892
f 894/921/894 896/918/896 893/917/893 891/922/891
f 901/923/901 902/924/902 900/925/900 899/926/899
f 886/908/886 893/917/893 892/920/892 885/909/885
f 891/922/891 893/917/893 886/908/886 884/907/884
f 899/926/899 900/925/900 890/914/890 889/913/889
f 885/909/885 889/913/889 887/916/887 882/912/882
f 895/919/895 901/923/901 899/926/899 892/920/892
f 897/927/897 898/928/898 894/921/894 891/922/891
f 892/920/892 899/926/899 889/913/889 885/909/885
f 907/929/907 909/930/909 908/931/908 906/932/906
f 911/933/911 914/934/914 913/935/913 910/936/910
f 913/935/913 915/937/915 912/938/912 910/936/910
f 918/939/918 920/940/920 917/941/917 916/942/916
f 923/943/923 924/944/924 922/945/922 921/946/921
f 922/945/922 926/947/926 925/948/925 921/946/921
f 928/949/928 931/950/931 930/951/930 927/952/927
f 909/930/909 924/944/924 923/943/923 908/931/908
f 914/934/914 928/949/928 927/952/927 913/935/913
f 927/952/927 929/953/929 915/937/915 913/935/913
f 905/954/905 914/934/914 911/933/911 904/955/904
f 930/951/930 931/950/931 920/940/920 919/956/919
f 920/940/920 931/950/931 928/949/928 917/941/917
f 912/938/912 915/937/915 909/930/909 907/929/907
f 924/944/924 929/953/929 927/952/927 922/945/922
f 927/952/927 930/951/930 926/947/926 922/945/922
f 915/937/915 929/953/929 924/944/924 909/930/909
f 917/941/917 928/949/928 914/934/914 905/954/905
f 934/957/934 935/958/935 933/959/933 932/960/932
f 936/961/936 937/962/937 935/958/935 934/957/934
f 943/963/943 944/964/944 942/965/942 941/966/941
f 950/967/950 951/968/951 949/969/949 948/970/948
f 947/971/947 951/968/951 950/967/950 946/972/946
f 949/969/949 951/968/951 947/971/947 945/973/945
f 957/974/957 958/975/958 956/976/956 955/977/955
f 954/978/954 958/975/958 957/974/957 953/979/953
f 952/980/952 953/979/953 957/974/957 955/977/955
f 964/981/964 965/982/965 963/983/963 962/984/962
f 961/985/961 965/982/965 964/981/964 960/986/960
f 963/983/963 965/982/965 961/985/961 959/987/959
f 942/965/942 967/988/967 966/989/966 941/966/941
f 949/969/949 969/990/969 968/991/968 948/970/948
f 966/989/966 967/988/967 954/978/954 953/979/953
f 968/991/968 969/990/969 961/985/961 960/986/960
f 944/964/944 950/967/950 948/970/948 942/965/942
f 958/975/958 964/981/964 962/984/962 956/976/956
f 960/986/960 964/981/964 958/975/958 954/978/954
f 967/988/967 968/991/968 960/986/960 954/978/954
f 948/970/948 968/991/968 967/988/967 942/965/942
f 939/992/939 941/966/941 966/989/966 953/979/953
f 961/985/961 969/990/969 949/969/949 940/993/940
f 975/994/975 976/995/976 974/996/974 973/997/973
f 972/998/972 976/995/976 975/994/975 971/999/971
f 974/996/974 976/995/976 972/998/972 970/1000/970
f 974/996/974 982/1001/982 981/1002/981 973/997/973
f 981/1002/981 983/1003/983 975/994/975 973/997/973
f 975/994/975 980/1004/980 979/1005/979 971/999/971
f 977/1006/977 978/1007/978 974/996/974 970/1000/970
f 989/1008/989 990/1009/990 988/1010/988 987/1011/987
f 986/1012/986 990/1009/990 989/1008/989 985/1013/985
f 993/1014/993 994/1015/994 992/1016/992 991/1017/991
f 995/1018/995 996/1019/996 993/1014/993 991/1017/991
f 997/1020/997 998/1021/998 986/1012/986 985/1013/985
f 990/1009/990 996/1019/996 995/1018/995 988/1010/988
f 993/1014/993 996/1019/996 990/1009/990 986/1012/986
f 998/1021/998 999/1022/999 993/1014/993 986/1012/986
f 945/973/945 947/971/947 879/1023/879 878/1024/878
f 896/918/896 972/998/972 971/999/971 895/919/895
f 970/1000/970 972/998/972 896/918/896 894/921/894
f 898/928/898 977/1006/977 970/1000/970 894/921/894
f 971/999/971 979/1005/979 901/923/901 895/919/895
f 920/940/920 994/1015/994 993/1014/993 919/956/919
f 992/1016/992 994/1015/994 920/940/920 918/939/918
f 926/947/926 998/1021/998 997/1020/997 925/948/925
f 930/951/930 999/1022/999 998/1021/998 926/947/926
f 993/1014/993 999/1022/999 930/951/930 919/956/919
f 987/1011/987 988/1010/988 944/964/944 943/963/943
f 991/1017/991 992/1016/992 947/971/947 946/972/946
f 950/967/950 995/1018/995 991/1017/991 946/972/946
f 988/1010/988 995/1018/995 950/967/950 944/964/944
f 890/914/890 934/957/934 932/960/932 888/915/888
f 902/924/902 938/1025/938 936/961/936 900/925/900
f 900/925/900 936/961/936 934/957/934 890/914/890
f 879/1023/879 902/924/902 901/923/901 878/1024/878
f 903/1026/903 932/960/932 933/959/933 904/955/904
f 933/959/933 935/958/935 905/954/905 904/955/904
f 917/941/917 937/962/937 936/961/936 916/942/916
f 936/961/936 938/1025/938 918/939/918 916/942/916
f 935/958/935 937/962/937 917/941/917 905/954/905
f 979/1005/979 980/1004/980 949/969/949 945/973/945
f 961/985/961 983/1003/983 981/1002/981 959/987/959
f 981/1002/981 984/1027/984 963/983/963 959/987/959
f 949/969/949 980/1004/980 975/994/975 940/993/940
f 975/994/975 983/1003/983 961/985/961 940/993/940
f 918/939/918 938/1025/938 902/924/902 879/1023/879
f 901/923/901 979/1005/979 945/973/945 878/1024/878
f 947/971/947 992/1016/992 918/939/918 879/1023/879
f 69/122/69 536/557/536 537/556/537 70/75/70
f 68/74/68 70/75/70 537/556/537 535/555/535
f 74/64/74 541/561/541 542/564/542 75/65/75
f 68/74/68 535/555/535 541/561/541 74/64/74
f 104/106/104 106/108/106 571/606/571 570/655/570
f 110/114/110 111/123/111 574/598/574 573/597/573
f 106/108/106 110/114/110 573/597/573 571/606/571
f 88/89/88 564/656/564 574/598/574 111/123/111
f 69/122/69 104/106/104 570/655/570 536/557/536
f 219/230/219 635/661/635 636/660/636 220/231/220
f 633/658/633 635/661/635 219/230/219 217/233/217
f 226/234/226 641/667/641 642/666/642 227/235/227
f 220/231/220 636/660/636 641/667/641 226/234/226
f 669/694/669 671/697/671 253/275/253 252/289/252
f 257/268/257 677/717/677 678/704/678 258/269/258
f 678/704/678 679/703/679 259/271/259 258/269/258
f 671/697/671 677/717/677 257/268/257 253/275/253
f 237/253/237 668/797/668 669/694/669 252/289/252
f 642/666/642 668/797/668 237/253/237 227/235/227
f 342/369/342 771/802/771 772/803/772 343/1028/343
f 342/369/342 344/368/344 773/805/773 771/802/771
f 350/372/350 351/371/351 781/806/781 779/809/779
f 344/368/344 350/372/350 779/809/779 773/805/773
f 363/383/363 803/898/803 802/897/802 362/384/362
f 363/383/363 365/382/365 804/905/804 803/898/803
f 389/415/389 813/831/813 812/834/812 388/416/388
f 396/404/396 820/837/820 819/840/819 395/405/395
f 393/402/393 395/405/395 819/840/819 818/857/818
f 393/402/393 818/857/818 813/831/813 389/415/389
f 382/400/382 388/416/388 812/834/812 809/828/809
f 382/400/382 809/828/809 804/905/804 365/382/365
f 351/371/351 362/384/362 802/897/802 781/806/781
f 475/495/475 881/910/881 880/911/880 474/496/474
f 880/911/880 882/912/882 476/493/476 474/496/474
f 887/916/887 888/915/888 486/505/486 484/504/484
f 882/912/882 887/916/887 484/504/484 476/493/476
f 903/1026/903 904/955/904 505/520/505 503/523/503
f 512/527/512 907/929/907 906/932/906 511/528/511
f 515/534/515 911/933/911 910/936/910 514/535/514
f 910/936/910 912/938/912 516/537/516 514/535/514
f 516/537/516 912/938/912 907/929/907 512/527/512
f 904/955/904 911/933/911 515/534/515 505/520/505
f 520/547/520 932/960/932 903/1026/903 503/523/503
f 888/915/888 932/960/932 520/547/520 486/505/486
f 78/77/78 79/80/79 326/418/326 325/362/325
f 78/77/78 325/362/325 328/364/328 81/78/81
f 342/369/342 343/1028/343 88/85/88 87/84/87
f 84/83/84 341/370/341 342/369/342 87/84/87
f 81/78/81 328/364/328 341/370/341 84/83/84
f 46/118/46 47/37/47 297/322/297 296/321/296
f 44/36/44 293/318/293 297/322/297 47/37/47
f 29/28/29 30/29/30 279/305/279 278/304/278
f 29/28/29 278/304/278 282/309/282 33/27/33
f 27/52/27 33/27/33 282/309/282 276/327/276
f 27/52/27 276/327/276 293/318/293 44/36/44
f 21/125/21 46/118/46 296/321/296 266/291/266
f 21/125/21 266/291/266 326/418/326 79/80/79
f 564/1029/564 772/803/772 776/800/776 565/1030/565
f 792/822/792 793/823/793 586/603/586 585/605/585
f 586/603/586 793/823/793 796/820/796 589/604/589
f 577/593/577 791/904/791 792/822/792 585/605/585
f 616/650/616 844/863/844 846/862/846 618/648/618
f 860/876/860 861/875/861 628/641/628 627/640/627
f 628/641/628 861/875/861 863/1031/863 630/644/630
f 840/881/840 844/863/844 616/650/616 613/631/613
f 618/648/618 846/862/846 860/876/860 627/640/627
f 776/903/776 791/904/791 577/593/577 565/657/565
f 589/604/589 796/820/796 840/881/840 613/631/613
f 165/182/165 166/181/166 398/425/398 397/424/397
f 171/188/171 172/187/172 402/429/402 401/428/401
f 166/181/166 171/188/171 401/428/401 398/425/398
f 181/208/181 182/209/182 423/447/423 422/446/422
f 181/208/181 422/446/422 420/451/420 179/287/179
f 193/207/193 431/452/431 429/455/429 190/203/190
f 190/203/190 429/455/429 423/447/423 182/209/182
f 248/265/248 463/483/463 461/486/461 245/266/245
f 261/276/261 479/507/479 478/506/478 260/277/260
f 248/265/248 249/278/249 465/508/465 463/483/463
f 475/495/475 479/507/479 261/276/261 259/271/259
f 260/277/260 478/506/478 465/508/465 249/278/249
f 172/187/172 179/287/179 420/451/420 402/429/402
f 245/266/245 461/486/461 431/452/431 193/207/193
f 955/977/955 956/976/956 741/762/741 740/761/740
f 962/984/962 963/983/963 745/766/745 744/765/744
f 956/976/956 962/984/962 744/765/744 741/762/741
f 681/702/681 884/907/884 881/910/881 679/703/679
f 695/710/695 898/928/898 897/927/897 693/711/693
f 691/720/691 693/711/693 897/927/897 891/922/891
f 691/720/691 891/922/891 884/907/884 681/702/681
f 981/1002/981 982/1001/982 768/782/768 767/781/767
f 770/786/770 984/1027/984 981/1002/981 767/781/767
f 759/774/759 978/1007/978 977/1006/977 757/775/757
f 974/996/974 978/1007/978 759/774/759 755/790/755
f 768/782/768 982/1001/982 974/996/974 755/790/755
f 963/983/963 984/1027/984 770/786/770 745/766/745
f 757/775/757 977/1006/977 898/928/898 695/710/695
f 4/2/4 119/130/119 121/132/121 6/3/6
f 2/120/2 6/3/6 121/132/121 117/129/117
f 7/9/7 128/138/128 130/141/130 9/8/9
f 7/9/7 10/10/10 132/142/132 128/138/128
f 1/19/1 112/151/112 119/130/119 4/2/4
f 1/19/1 9/8/9 130/141/130 112/151/112
f 24/21/24 154/172/154 155/169/155 26/22/26
f 150/163/150 154/1032/154 24/119/24 22/121/22
f 28/30/28 163/179/163 165/182/165 30/29/30
f 28/30/28 32/25/32 167/183/167 163/179/163
f 26/22/26 155/169/155 167/183/167 32/25/32
f 57/55/57 198/213/198 196/216/196 55/58/55
f 52/57/52 55/58/55 196/216/196 194/217/194
f 72/66/72 75/65/75 217/233/217 216/243/216
f 72/66/72 216/243/216 209/226/209 66/70/66
f 57/55/57 66/70/66 209/226/209 198/213/198
f 2/120/2 117/129/117 150/163/150 22/121/22
f 10/10/10 52/57/52 194/217/194 132/142/132
f 279/305/279 397/424/397 399/427/399 281/306/281
f 286/314/286 406/432/406 408/435/408 287/316/287
f 408/435/408 410/437/410 291/312/291 287/316/287
f 281/306/281 399/427/399 406/432/406 286/314/286
f 315/339/315 444/466/444 446/469/446 316/343/316
f 446/469/446 448/471/448 320/344/320 316/343/316
f 440/480/440 444/466/444 315/339/315 307/423/307
f 487/512/487 489/511/489 376/396/376 374/394/374
f 391/406/391 506/530/506 508/531/508 392/408/392
f 508/531/508 511/528/511 396/404/396 392/408/392
f 376/396/376 489/511/489 497/538/497 379/417/379
f 497/538/497 506/530/506 391/406/391 379/417/379
f 291/312/291 410/437/410 440/480/440 307/423/307
f 448/471/448 487/512/487 374/394/374 320/344/320
f 542/564/542 544/563/544 637/662/637 633/658/633
f 557/584/557 559/583/559 652/672/652 650/671/650
f 544/563/544 557/584/557 650/671/650 637/662/637
f 600/620/600 702/739/702 700/722/700 598/621/598
f 595/617/595 598/621/598 700/722/700 698/721/698
f 600/620/600 601/654/601 710/729/710 702/739/702
f 624/638/624 729/750/729 727/753/727 623/639/623
f 620/636/620 623/639/623 727/753/727 726/794/726
f 630/644/630 740/761/740 738/764/738 629/645/629
f 629/645/629 738/764/738 729/750/729 624/638/624
f 620/636/620 726/794/726 710/729/710 601/654/601
f 559/583/559 595/617/595 698/721/698 652/672/652
f 906/932/906 908/931/908 823/838/823 820/837/820
f 837/848/837 923/943/923 921/946/921 835/849/835
f 921/946/921 925/948/925 839/851/839 835/849/835
f 908/931/908 923/943/923 837/848/837 823/838/823
f 859/872/859 943/963/943 941/966/941 857/873/857
f 862/877/862 953/979/953 952/980/952 861/875/861
f 952/980/952 955/977/955 863/1031/863 861/875/861
f 857/873/857 941/966/941 939/992/939 849/860/849
f 939/992/939 953/979/953 862/877/862 849/860/849
f 875/887/875 989/1008/989 987/1011/987 873/888/873
f 985/1013/985 989/1008/989 875/887/875 871/890/871
f 877/894/877 997/1020/997 985/1013/985 871/890/871
f 873/888/873 987/1011/987 943/963/943 859/872/859
f 925/948/925 997/1020/997 877/894/877 839/851/839
f 30/29/30 165/182/165 397/424/397 279/305/279
f 863/1031/863 955/977/955 740/761/740 630/644/630
f 75/65/75 542/564/542 633/658/633 217/233/217
f 511/528/511 906/932/906 820/837/820 396/404/396
f 88/85/88 343/1028/343 772/803/772 564/1029/564
f 679/703/679 881/910/881 475/495/475 259/271/259
