# Blender 4.5.1 LTS
# www.blender.org
o car1
v 1.744587 3.628811 -1.751767
v 1.823125 3.453747 -1.750395
v 1.843602 3.402730 -2.051037
v 1.756817 3.574359 -2.053963
v 1.815702 3.534034 -0.461784
v 1.744587 3.698712 -0.517777
v 1.744587 3.692776 0.171322
v 1.744587 3.662946 0.713159
v 1.804162 3.544370 0.999384
v 1.744587 3.641288 0.954325
v 1.954868 3.046576 -2.748476
v 1.789857 3.261689 -2.970840
v 1.798301 3.371852 -2.683575
v 1.915038 3.184022 -2.584583
v 1.880303 3.304736 -2.358296
v 1.772488 3.490234 -2.365542
v 1.744559 3.617269 1.162895
v 1.799209 3.584182 1.161960
v 1.804162 3.544370 0.999384
v 1.744559 3.617269 1.162895
v 1.911883 1.820967 -5.954801
v 1.880935 1.758638 -5.815899
v 1.891236 1.840023 -5.725742
v 1.905158 1.907466 -5.621159
v 1.931772 1.892429 -5.941046
v 1.934579 1.994046 -5.413162
v 1.951142 1.945294 -5.930671
v 1.934579 1.994046 -5.413162
v 1.991089 2.047697 -5.424284
v 1.990189 2.014658 -5.914865
v 1.990189 2.014658 -5.914865
v 2.076550 2.106727 -5.433599
v 2.047593 2.057533 -5.904088
v 1.972327 2.074947 -5.097664
v 1.744587 3.669438 -1.230329
v 1.814349 3.494555 -1.231924
v 1.744760 3.598237 1.291034
v 1.789857 3.261689 -2.970840
v 1.857814 3.022217 -3.139108
v 1.658236 3.203728 -3.197849
v 1.773542 3.009249 -3.268859
v 1.871371 1.590809 -5.905145
v 1.893876 1.616874 -6.000380
v 1.888205 1.457187 -6.037995
v 1.864891 1.452704 -5.966187
v 1.885956 1.353470 -6.062256
v 1.864266 1.311316 -6.001673
v 2.003026 2.119913 -4.848887
v 2.105543 2.166296 -4.934752
v 2.083791 2.249063 -3.817260
v 2.038655 2.187673 -4.377095
v 1.953754 2.247634 -4.093955
v 2.083791 2.249063 -3.817260
v 2.138410 2.282493 -3.817088
v 2.122658 2.226570 -4.375895
v 2.038655 2.187673 -4.377095
v 1.867103 1.022026 -6.047559
v 1.886872 0.876200 -6.169036
v 1.867608 0.876127 -6.059611
v 1.951513 1.320320 -6.195291
v 1.951513 0.877897 -6.300843
v 2.149528 2.314417 -3.258553
v 2.149528 2.314417 -3.258553
v 2.087612 2.301705 -3.469915
v 1.992838 2.303216 -3.643753
v 1.954868 3.046576 -2.748476
v 2.138243 2.331375 -2.683634
v 2.149528 2.314417 -3.258553
v 1.857814 3.022217 -3.139108
v 2.149528 2.314417 -3.258553
v 2.087612 2.301705 -3.469915
v 1.992838 2.303216 -3.643753
v 1.878161 2.422190 -3.719151
v 1.878161 2.422190 -3.719151
v 1.825124 2.332119 -3.811307
v 1.992838 2.303216 -3.643753
v 1.804162 3.544370 0.999384
v 1.789319 3.419990 1.357551
v 1.814965 3.307477 1.433015
v 1.945063 2.424089 2.208536
v 1.856405 2.637544 2.128354
v 1.893645 2.458704 2.281000
v 1.864679 2.738758 1.997845
v 1.799209 3.584182 1.161960
v 1.744760 3.598237 1.291034
v 1.663111 3.547574 1.422343
v 1.751539 3.503709 1.375041
v 1.965571 2.400804 2.693070
v 1.945063 2.424089 2.208536
v 1.893645 2.458704 2.281000
v 2.154311 0.623133 5.317290
v 2.239982 1.075871 5.320024
v 2.194613 1.070171 5.528671
v 2.237680 1.737635 6.055028
v 2.179390 1.636863 6.054784
v 2.205096 1.625027 6.036381
v 2.323443 2.196332 2.671618
v 2.390140 2.054257 2.670056
v 2.387361 2.057639 2.215823
v 2.324100 2.197871 2.208998
v 2.210686 2.309083 2.672858
v 2.323443 2.196332 2.671618
v 2.324100 2.197871 2.208998
v 2.213272 2.311646 2.200736
v 2.210686 2.309083 2.672858
v 2.068602 2.381474 2.673654
v 2.210686 2.309083 2.672858
v 2.213272 2.311646 2.200736
v 2.069952 2.383706 2.202749
v 2.309187 2.178338 3.365934
v 2.379078 2.041175 3.364426
v 2.200328 2.287191 3.367131
v 2.309187 2.178338 3.365934
v 2.063156 2.357079 3.367900
v 2.200328 2.287191 3.367131
v 1.844042 2.370960 3.367251
v 2.357191 2.026304 4.070074
v 2.365405 1.872708 4.069546
v 2.403884 1.874458 3.256834
v 2.290569 2.157052 4.071512
v 2.186800 2.260815 4.072652
v 2.290569 2.157052 4.071512
v 2.056046 2.327434 4.073385
v 2.186800 2.260815 4.072652
v 1.910277 2.350795 4.073109
v 2.337563 2.012506 4.744782
v 2.343696 1.867157 4.742036
v 2.273872 2.137501 4.746157
v 2.174670 2.241358 4.747298
v 2.174670 2.241358 4.747298
v 2.049667 2.300386 4.747947
v 2.174670 2.241358 4.747298
v 1.911100 2.322332 4.748189
v 1.772681 2.300928 4.748132
v 1.726100 2.319716 4.069948
v 2.307556 1.996347 5.327600
v 2.313604 1.861633 5.327392
v 2.248345 2.112546 5.328878
v 2.156123 2.204764 5.329892
v 2.248345 2.112546 5.328878
v 2.273872 2.137501 4.746157
v 2.156123 2.204764 5.329892
v 2.039917 2.263971 5.330544
v 2.156123 2.204764 5.329892
v 1.911100 2.284372 5.330767
v 1.782283 2.263971 5.330544
v 1.666088 2.227088 5.329618
v 1.613778 2.249908 4.743596
v 2.271914 1.976002 5.770272
v 2.280684 1.855263 5.767618
v 2.218027 2.081756 5.771434
v 2.134095 2.165682 5.772357
v 2.218027 2.081756 5.771434
v 2.028335 2.219566 5.772951
v 2.134095 2.165682 5.772357
v 1.911100 2.238134 5.773154
v 1.793862 2.219566 5.772951
v 1.688103 2.175983 5.772471
v 1.604558 2.140221 5.772529
v 1.517028 2.162128 5.333212
v 2.238193 1.955915 6.057383
v 2.254848 1.847802 6.055403
v 2.189574 2.051328 6.058431
v 2.113847 2.127048 6.059264
v 2.189574 2.051328 6.058431
v 2.018429 2.175664 6.059799
v 2.113847 2.127048 6.059264
v 1.912655 2.192416 6.059983
v 1.806884 2.175664 6.059799
v 1.711463 2.127048 6.059264
v 1.635006 2.050684 6.057569
v 1.711463 2.127048 6.059264
v 1.688103 2.175983 5.772471
v 1.635006 2.050684 6.057569
v 1.573779 2.093290 5.868573
v 1.573779 2.093290 5.868573
v 1.546552 1.998557 5.992985
v 1.427705 2.052187 5.842449
v 1.443379 2.077526 5.763991
v 1.412107 2.011431 5.920608
v 1.374569 1.696598 6.075961
v 1.531733 1.743604 6.050782
v 1.536125 1.903400 6.047151
v 1.384041 1.862238 6.043834
v 1.574599 1.874586 6.056335
v 1.592698 1.964567 6.057199
v 1.670390 1.612334 6.056733
v 1.656739 1.597014 6.031102
v 1.781697 1.514452 6.025000
v 1.784244 1.537114 6.055906
v 1.617004 1.686724 6.052504
v 2.237680 1.737635 6.055028
v 2.248210 1.710554 5.971032
v 2.251362 1.479426 5.761530
v 2.402673 1.865513 2.220725
v 1.781697 1.066621 5.857154
v 1.533422 1.093818 5.857453
v 1.533422 0.792607 5.733292
v 1.781692 0.792607 5.733292
v 2.274870 1.549198 5.325229
v 2.134621 1.065188 5.672151
v 2.083701 0.795191 5.525776
v 2.202468 1.480106 5.903132
v 1.781697 1.514452 6.025000
v 1.781697 1.470165 6.017768
v 1.916470 1.452879 6.006318
v 1.914936 1.493267 6.020996
v 1.914936 1.493267 6.020996
v 1.915856 1.512198 6.054524
v 1.784244 1.537114 6.055906
v 1.781697 1.514452 6.025000
v 2.059235 1.543169 6.053754
v 2.077343 1.519923 6.023558
v 2.077343 1.519923 6.023558
v 2.075667 1.479100 5.994563
v 1.533422 1.477752 6.017852
v 2.205096 1.625027 6.036381
v 1.480908 2.125267 5.551580
v 1.592698 1.964567 6.057199
v 1.536125 1.903400 6.047151
v 1.617004 1.686724 6.052504
v 1.591874 1.763892 6.050580
v 2.179390 1.636863 6.054784
v 2.059235 1.543169 6.053754
v 2.077343 1.519923 6.023558
v 2.075667 1.479100 5.994563
v 2.033508 1.063861 5.792839
v 2.134621 1.065188 5.672151
v 2.134621 1.065188 5.672151
v 2.202468 1.480106 5.903132
v 2.075667 1.479100 5.994563
v 2.033508 1.063861 5.792839
v 1.984022 0.793771 5.654912
v 2.083701 0.795191 5.525776
v 2.083701 0.795191 5.525776
v 2.033508 1.063861 5.792839
v 2.033508 1.063861 5.792839
v 1.984022 0.793771 5.654912
v 2.203896 1.583251 5.997424
v 2.203896 1.583251 5.997424
v 2.205096 1.625027 6.036381
v 1.397442 1.955876 5.987393
v 1.546552 1.998557 5.992985
v 1.656739 1.597014 6.031102
v 1.622075 1.555871 6.026685
v 1.546552 1.998557 5.992985
v 1.397442 1.955876 5.987393
v 1.386624 1.477752 6.017853
v 1.386122 1.093818 5.857454
v 1.386122 0.792607 5.733293
v 2.075869 2.390206 1.736854
v 1.989290 2.424335 1.738671
v 2.113325 2.376649 -0.411952
v 2.104642 2.393404 -0.117672
v 2.177686 2.362407 -0.117495
v 2.180722 2.344362 -0.411969
v 2.343590 2.183569 -0.413737
v 2.394001 2.044907 -0.415261
v 2.408703 1.315243 2.214627
v 2.394005 0.819988 2.209072
v 2.394460 0.843557 -0.428472
v 2.409315 1.342219 -0.422989
v 2.360795 0.433637 2.205135
v 2.361415 0.467968 -0.433883
v 2.378637 0.651429 -0.430586
v 2.406311 1.545915 -0.420749
v 2.405234 1.515955 2.216465
v 2.402691 1.823267 -0.417766
v 1.853096 3.391952 1.037432
v 1.844769 3.427659 0.937132
v 1.858786 3.332618 1.114399
v 1.937315 2.635084 1.823750
v 1.946424 2.569769 1.840944
v 1.963347 2.506151 1.818927
v 1.989290 2.424335 1.738671
v 1.976656 2.471205 1.738901
v 2.104642 2.393404 -0.117672
v 2.093078 2.446940 -0.115784
v 1.815702 3.534034 -0.461784
v 1.854663 3.392659 -0.223669
v 1.860503 3.363475 -0.284708
v 1.877302 3.305389 -0.321170
v 1.896222 3.235035 -0.327915
v 2.113325 2.376649 -0.411952
v 2.057306 2.612351 -0.281145
v 2.078450 2.523582 -0.256855
v 2.093182 2.471017 -0.214272
v 2.272886 2.261233 -0.412882
v 2.177686 2.362407 -0.117495
v 2.272886 2.261233 -0.412882
v 2.093078 2.446940 -0.115784
v 2.044255 2.446940 -0.115784
v 1.927833 2.471205 1.738901
v 1.976656 2.471205 1.738901
v 1.914523 2.506150 1.818927
v 1.963347 2.506151 1.818927
v 1.963347 2.506151 1.818927
v 1.914523 2.506150 1.818927
v 1.904185 2.569769 1.840944
v 1.946424 2.569769 1.840944
v 1.895077 2.635084 1.823750
v 1.937315 2.635084 1.823750
v 1.937315 2.635084 1.823750
v 1.895077 2.635084 1.823750
v 1.816548 3.332618 1.114399
v 1.858786 3.332618 1.114399
v 1.853096 3.391952 1.037432
v 1.810858 3.391952 1.037432
v 1.802530 3.427659 0.937132
v 1.844769 3.427659 0.937132
v 1.812424 3.392659 -0.223670
v 1.854663 3.392659 -0.223669
v 2.093182 2.471017 -0.214272
v 2.078450 2.523582 -0.256855
v 2.036212 2.523582 -0.256855
v 2.044359 2.471017 -0.214272
v 2.057306 2.612351 -0.281145
v 2.015067 2.612351 -0.281145
v 1.896222 3.235035 -0.327915
v 1.853984 3.235035 -0.327915
v 1.877302 3.305389 -0.321170
v 1.835064 3.305389 -0.321170
v 1.860503 3.363475 -0.284708
v 1.818265 3.363475 -0.284708
v 1.860503 3.363475 -0.284708
v 1.818265 3.363475 -0.284708
v 2.044359 2.471017 -0.214272
v 2.093182 2.471017 -0.214272
v 1.915038 3.184022 -2.584583
v 1.946792 3.097535 -2.467930
v 1.968997 3.023283 -2.533304
v 1.880303 3.304736 -2.358296
v 1.925146 3.184608 -2.319621
v 1.901256 3.238627 -0.614090
v 2.115591 2.462801 -2.501920
v 2.126394 2.420535 -2.459076
v 2.138243 2.331375 -2.683634
v 2.131707 2.399051 -2.405687
v 2.113278 2.426314 -0.709379
v 2.108875 2.448936 -0.626707
v 2.091708 2.507323 -0.580437
v 2.073143 2.577615 -0.562765
v 1.883321 3.308021 -0.631848
v 1.870078 3.358799 -0.664233
v 1.863199 3.384336 -0.715982
v 1.892995 3.269760 -2.024993
v 1.843602 3.402730 -2.051037
v 1.823125 3.453747 -1.750395
v 1.875309 3.318508 -1.731221
v 1.864673 3.363068 -1.209551
v 1.814349 3.494555 -1.231924
v 1.998349 2.917711 -2.578627
v 1.954868 3.046576 -2.748476
v 2.413901 1.348707 -1.092345
v 2.416705 1.551845 -0.962811
v 2.399565 0.876628 -1.412104
v 2.375425 0.497641 -1.845656
v 2.428283 1.823711 -0.850461
v 2.324969 2.100493 -2.686604
v 2.262793 2.215655 -2.685696
v 2.188300 2.290518 -2.684991
v 2.138243 2.331375 -2.683634
v 2.262793 2.215655 -2.685696
v 2.188300 2.290518 -2.684991
v 2.180722 2.344362 -0.411969
v 2.456068 1.871618 -0.957545
v 2.434407 1.946794 -0.941940
v 2.417653 1.971593 -2.021602
v 2.443816 1.877927 -2.022632
v 2.392265 1.943956 -2.686065
v 2.423780 1.860081 -2.687737
v 2.428283 1.823711 -0.850461
v 2.434407 1.946794 -0.941940
v 2.404652 1.975366 -0.935360
v 2.381230 2.002260 -2.021264
v 2.404652 1.975366 -0.935360
v 2.434407 1.946794 -0.941940
v 2.417653 1.971593 -2.021602
v 2.356969 1.973978 -2.686542
v 2.392265 1.943956 -2.686065
v 2.452410 1.757898 -0.997926
v 2.451944 1.776281 -2.025624
v 2.436996 1.771732 -2.689053
v 2.469951 1.161531 -2.086674
v 2.449577 1.176545 -2.695409
v 2.456508 1.334136 -2.693671
v 2.474817 1.328986 -2.057296
v 2.454555 1.496631 -2.691841
v 2.473550 1.507952 -2.039925
v 2.458904 1.349031 -1.281701
v 2.457864 1.544635 -1.150616
v 2.450555 1.062460 -2.388727
v 2.446572 1.022699 -2.329450
v 2.443112 1.101247 -2.695318
v 2.442590 0.967549 -2.292576
v 2.390987 0.497609 -2.140538
v 2.441898 1.058060 -1.488248
v 2.381230 2.002260 -2.021264
v 2.356969 1.973978 -2.686542
v 2.394001 2.044907 -0.415261
v 2.452410 1.757898 -0.997926
v 2.428283 1.823711 -0.850461
v 2.416705 1.551845 -0.962811
v 2.457864 1.544635 -1.150616
v 2.413901 1.348707 -1.092345
v 2.458904 1.349031 -1.281701
v 2.399565 0.876628 -1.412104
v 2.441898 1.058060 -1.488248
v 2.375425 0.497641 -1.845656
v 2.138243 2.331375 -2.683634
v 1.954868 3.046576 -2.748476
v 1.998349 2.917711 -2.578627
v 1.998349 2.917711 -2.578627
v 2.115591 2.462801 -2.501920
v 2.138243 2.331375 -2.683634
v 2.024498 2.577614 -0.562765
v 2.073143 2.577615 -0.562765
v 2.091708 2.507323 -0.580437
v 2.043063 2.507323 -0.580437
v 2.108875 2.448936 -0.626707
v 2.060231 2.448936 -0.626707
v 2.060231 2.448936 -0.626707
v 2.108875 2.448936 -0.626707
v 2.113278 2.426314 -0.709379
v 2.064634 2.426314 -0.709379
v 2.131707 2.399051 -2.405687
v 2.083062 2.399051 -2.405687
v 1.834677 3.308021 -0.631848
v 1.883321 3.308021 -0.631848
v 1.901256 3.238627 -0.614090
v 1.852611 3.238627 -0.614090
v 1.925146 3.184608 -2.319621
v 1.892995 3.269760 -2.024993
v 1.844351 3.269760 -2.024993
v 1.876502 3.184608 -2.319621
v 1.875309 3.318508 -1.731221
v 1.826665 3.318508 -1.731221
v 1.864673 3.363068 -1.209551
v 1.816028 3.363068 -1.209551
v 1.863199 3.384336 -0.715982
v 1.814554 3.384336 -0.715982
v 1.870078 3.358799 -0.664233
v 1.821433 3.358799 -0.664233
v 1.870078 3.358799 -0.664233
v 1.821433 3.358799 -0.664233
v 1.898147 3.097535 -2.467930
v 1.946792 3.097535 -2.467930
v 1.898147 3.097535 -2.467930
v 1.920353 3.023283 -2.533304
v 1.968997 3.023283 -2.533304
v 1.946792 3.097535 -2.467930
v 1.949705 2.917711 -2.578627
v 1.998349 2.917711 -2.578627
v 2.066947 2.462801 -2.501920
v 2.115591 2.462801 -2.501920
v 2.066947 2.462801 -2.501920
v 2.077750 2.420535 -2.459076
v 2.126394 2.420535 -2.459076
v 2.115591 2.462801 -2.501920
v 2.317015 2.088197 -3.261043
v 2.355434 1.947506 -3.262405
v 2.293875 2.046922 -3.819676
v 2.335260 1.912522 -3.820839
v 2.273998 2.003607 -4.378350
v 2.306038 1.863648 -4.379537
v 2.242551 1.947406 -4.937165
v 2.272960 1.814577 -4.940999
v 2.208134 1.897045 -5.435906
v 2.231426 1.765828 -5.435965
v 2.275482 2.179555 -3.260038
v 2.265098 2.136849 -3.818687
v 2.245073 2.078095 -4.377531
v 2.217037 2.027080 -4.936289
v 2.182105 1.982626 -5.434965
v 2.156202 1.923888 -5.935040
v 2.193452 2.162574 -4.376602
v 2.209621 2.211910 -3.817862
v 2.172982 2.106599 -4.935415
v 2.142129 2.056307 -5.434155
v 2.107125 2.011220 -5.915148
v 2.138243 2.331375 -2.683634
v 2.188300 2.290518 -2.684991
v 2.206061 2.260969 -3.259143
v 2.138410 2.282493 -3.817088
v 2.209621 2.211910 -3.817862
v 2.122658 2.226570 -4.375895
v 2.193452 2.162574 -4.376602
v 2.105543 2.166296 -4.934752
v 2.172982 2.106599 -4.935415
v 2.076550 2.106727 -5.433599
v 2.142129 2.056307 -5.434155
v 2.047593 2.057533 -5.904088
v 2.107125 2.011220 -5.915148
v 2.260668 0.598196 -4.956730
v 2.219105 0.655901 -5.446903
v 2.255456 0.822485 -5.445071
v 2.311824 0.799537 -4.954515
v 2.195307 0.766240 -6.068769
v 2.195381 0.875074 -6.066997
v 2.450961 1.325052 -3.273849
v 2.446733 1.481461 -3.272129
v 2.424557 1.296214 -3.827302
v 2.417437 1.466269 -3.825431
v 2.377091 1.225105 -4.386186
v 2.382542 1.448926 -4.383726
v 2.336001 1.116691 -4.951027
v 2.333183 1.421752 -4.947674
v 2.433903 1.733350 -3.269359
v 2.407054 1.676805 -3.823115
v 2.370044 1.595645 -4.382112
v 2.327991 1.504534 -4.946764
v 2.274220 1.408022 -5.438632
v 2.422777 1.828149 -3.268317
v 2.392962 1.771128 -3.822079
v 2.363591 1.705210 -4.380907
v 2.324135 1.635888 -4.945319
v 2.270734 1.569613 -5.436855
v 2.207619 1.353484 -6.060377
v 2.204577 1.496436 -6.028394
v 2.393407 1.920627 -3.264889
v 2.372937 1.871670 -3.820972
v 2.342528 1.807258 -4.379786
v 2.304110 1.743644 -4.944134
v 2.254714 1.684248 -5.435595
v 2.198941 1.635626 -5.996398
v 2.393407 1.920627 -3.264889
v 2.355434 1.947506 -3.262405
v 2.335260 1.912522 -3.820839
v 2.335260 1.912522 -3.820839
v 2.306038 1.863648 -4.379537
v 2.272960 1.814577 -4.940999
v 2.231426 1.765828 -5.435965
v 2.192355 1.711495 -5.977457
v 2.047976 1.316071 -6.240974
v 2.114020 1.316913 -6.225403
v 2.108736 0.878209 -6.329526
v 2.047976 0.878462 -6.352455
v 2.114020 1.316913 -6.225403
v 2.144502 1.320375 -6.200572
v 2.143062 0.877721 -6.285159
v 2.143062 0.877721 -6.285159
v 2.108736 0.878209 -6.329526
v 2.114020 1.316913 -6.225403
v 2.443112 1.101247 -2.695318
v 2.471371 1.056887 -2.712128
v 2.453409 1.059303 -3.277031
v 2.437314 1.085964 -3.276107
v 2.420403 1.040228 -3.833935
v 2.404310 1.068861 -3.831229
v 2.392888 1.053392 -4.033869
v 2.408983 1.022961 -4.033870
v 2.392517 0.983457 -4.187858
v 2.376422 1.012396 -4.213036
v 2.358623 0.918724 -4.333037
v 2.374717 0.889784 -4.307859
v 2.351057 0.748261 -4.375541
v 2.338228 0.769964 -4.408010
v 2.463957 0.986001 -2.713064
v 2.448618 0.952872 -2.712593
v 2.428044 0.956179 -3.277533
v 2.444138 0.988050 -3.279594
v 2.393556 0.939077 -3.832657
v 2.409650 0.970958 -3.835698
v 2.393111 0.961287 -4.030338
v 2.377016 0.925977 -4.027519
v 2.369970 0.896419 -4.134408
v 2.386065 0.928478 -4.153638
v 2.369822 0.846493 -4.267059
v 2.353728 0.814335 -4.238875
v 2.338228 0.700873 -4.291004
v 2.354321 0.733071 -4.322932
v 2.463957 0.986001 -2.713064
v 2.444138 0.988050 -3.279594
v 2.453409 1.059303 -3.277031
v 2.471371 1.056887 -2.712128
v 2.409650 0.970958 -3.835698
v 2.420403 1.040228 -3.833935
v 2.393111 0.961287 -4.030338
v 2.386065 0.928478 -4.153638
v 2.392517 0.983457 -4.187858
v 2.408983 1.022961 -4.033870
v 2.369822 0.846493 -4.267059
v 2.354321 0.733071 -4.322932
v 2.351057 0.748261 -4.375541
v 2.374717 0.889784 -4.307859
v 2.437314 1.085964 -3.276107
v 2.404310 1.068861 -3.831229
v 2.392888 1.053392 -4.033869
v 2.376422 1.012396 -4.213036
v 2.358623 0.918724 -4.333037
v 2.338228 0.769964 -4.408010
v 2.296193 0.546294 -4.421466
v 2.287872 0.494130 -4.334832
v 2.287872 0.494130 -4.334832
v 2.292073 0.497175 -4.389594
v 2.292073 0.497175 -4.389594
v 2.296193 0.546294 -4.421466
v 2.206061 2.260969 -3.259143
v 2.188300 2.290518 -2.684991
v 2.362105 0.294834 2.222591
v 2.361263 0.325389 -0.438350
v 2.436365 0.699159 -2.255275
v 2.390987 0.497609 -2.140538
v 2.390219 0.462949 -2.213493
v 2.463678 0.968630 -2.491833
v 2.449097 0.934328 -2.500772
v 2.360711 0.345430 -2.183775
v 2.385637 0.439496 -2.209344
v 2.385637 0.439496 -2.209344
v 2.360711 0.345430 -2.183775
v 2.373878 0.381559 -2.281887
v 2.359298 0.347438 -2.307298
v 2.443336 0.901073 -2.448485
v 2.462293 0.934398 -2.432837
v 2.460909 0.884777 -2.396245
v 2.437575 0.852429 -2.418602
v 2.390219 0.462949 -2.213493
v 2.386702 0.463125 -2.296050
v 2.416723 0.654087 -2.329210
v 2.436365 0.699159 -2.255275
v 2.386702 0.463125 -2.296050
v 2.377496 0.463192 -2.327397
v 2.402143 0.619967 -2.354619
v 2.416723 0.654087 -2.329210
v 2.446572 1.022699 -2.329450
v 2.477079 0.982312 -2.359851
v 2.481460 1.019309 -2.415867
v 2.450555 1.062460 -2.388727
v 2.462293 0.934398 -2.432837
v 2.463678 0.968630 -2.491833
v 2.481460 1.019309 -2.415867
v 2.477079 0.982312 -2.359851
v 2.442590 0.967549 -2.292576
v 2.472698 0.929927 -2.326239
v 2.472698 0.929927 -2.326239
v 2.460909 0.884777 -2.396245
v 2.193542 0.582809 5.192038
v 2.162288 0.730974 -6.069156
v 2.187645 0.601834 -5.447497
v 2.229207 0.538569 -4.957385
v 2.272408 0.500253 -4.421937
v 2.272408 0.500253 -4.421937
v 1.744760 3.598237 1.291034
v 1.751539 3.503709 1.375041
v 2.192355 1.711495 -5.977457
v 2.144502 1.320375 -6.200572
v 2.175747 0.876789 -6.210073
v 2.143062 0.877721 -6.285159
v 1.951513 1.320320 -6.195291
v 2.047976 1.316071 -6.240974
v 2.047976 0.878462 -6.352455
v 1.951513 0.877897 -6.300843
v 2.344712 0.293953 2.814155
v 2.362105 0.294834 2.222591
v 0.000000 0.296145 2.201164
v 2.361263 0.325389 -0.438350
v 1.389246 0.563314 5.130093
v 0.000000 0.562150 5.129036
v 0.000000 0.294547 2.824588
v 1.387680 0.294289 2.823604
v 0.000000 0.538569 -4.957383
v 2.229207 0.538569 -4.957385
v 1.372644 0.500119 -4.420585
v 0.000000 0.499800 -4.420951
v 2.187645 0.601834 -5.447497
v 1.867526 0.601936 -5.447513
v 1.867610 0.730954 -6.069149
v 2.162288 0.730974 -6.069156
v 1.374699 0.347429 -2.307133
v 0.000000 0.347428 -2.307132
v 1.373148 0.771511 -2.322123
v 2.384414 0.771686 -2.338010
v 2.359298 0.347438 -2.307298
v 1.374699 0.347429 -2.307133
v 1.372644 0.500119 -4.420585
v 2.272408 0.500253 -4.421937
v 2.287472 0.793373 -4.310163
v 1.373149 0.793373 -4.310163
v 1.372644 0.500119 -4.420585
v 1.373149 0.793373 -4.310163
v 1.374699 0.347429 -2.307133
v 1.373149 1.251770 -4.038743
v 2.310179 1.251770 -4.038741
v 2.304631 1.513044 -3.574487
v 1.373149 1.513044 -3.574488
v 1.373149 1.251770 -4.038743
v 2.310179 1.251770 -4.038741
v 1.373149 1.251770 -4.038743
v 1.373149 1.513044 -3.574488
v 2.331330 1.507186 -3.041794
v 1.373148 1.507186 -3.041795
v 2.357702 1.235766 -2.583396
v 1.373148 1.235766 -2.583396
v 1.373148 1.235766 -2.583396
v 2.357702 1.235766 -2.583396
v 1.373148 1.235766 -2.583396
v 1.373148 0.771511 -2.322123
v 1.373148 1.507186 -3.041795
v 2.344712 0.293953 2.814155
v 1.392033 0.622596 5.315655
v 0.000000 0.621733 5.316017
v 1.388145 1.490170 3.743093
v 1.388145 1.482116 4.434031
v 1.388145 1.399659 4.750856
v 1.388146 1.387545 3.406765
v 2.213172 0.563128 5.129295
v 1.389246 0.563314 5.130093
v 1.388145 1.186014 4.952995
v 2.222587 1.186013 4.952995
v 1.388145 1.399659 4.750856
v 2.248617 1.399659 4.750857
v 2.248617 1.399659 4.750857
v 1.388145 1.399659 4.750856
v 1.388145 1.482116 4.434031
v 2.266709 1.482116 4.434032
v 2.270911 1.490170 3.743094
v 1.388145 1.490170 3.743093
v 1.388146 1.387545 3.406765
v 2.286806 1.387545 3.406765
v 2.303506 0.986717 3.144157
v 2.286806 1.387545 3.406765
v 1.388146 1.387545 3.406765
v 1.388146 0.986717 3.144157
v 1.387680 0.294289 2.823604
v 2.344712 0.293953 2.814155
v 1.388145 1.186014 4.952995
v 1.388146 0.986717 3.144157
v 1.388146 0.986717 3.144157
v 1.388145 1.186014 4.952995
v 1.389246 0.563314 5.130093
v 1.389246 0.563314 5.130093
v 1.387680 0.294289 2.823604
v 1.388146 0.986717 3.144157
v 1.386122 0.792607 5.733293
v 0.000000 0.789996 5.732267
v 2.083701 0.795191 5.525776
v 1.984022 0.793771 5.654912
v 1.781692 0.792607 5.733292
v 1.781692 0.792607 5.733292
v 2.154311 0.623133 5.317290
v 2.083701 0.795191 5.525776
v 2.154311 0.623133 5.317290
v 1.781692 0.792607 5.733292
v 1.533422 0.792607 5.733292
v 2.193542 0.582809 5.192038
v 2.213172 0.563128 5.129295
v 2.384414 0.771686 -2.338010
v 2.402143 0.619967 -2.354619
v 2.377496 0.463192 -2.327397
v 2.338228 0.700873 -4.291004
v 2.287472 0.793373 -4.310163
v 2.272408 0.500253 -4.421937
v 2.272408 0.500253 -4.421937
v 2.287872 0.494130 -4.334832
v 2.338228 0.700873 -4.291004
v 2.353728 0.814335 -4.238875
v 2.393556 0.939077 -3.832657
v 2.304631 1.513044 -3.574487
v 2.310179 1.251770 -4.038741
v 2.377016 0.925977 -4.027519
v 2.369970 0.896419 -4.134408
v 2.287472 0.793373 -4.310163
v 2.369970 0.896419 -4.134408
v 2.428044 0.956179 -3.277533
v 2.448618 0.952872 -2.712593
v 2.357702 1.235766 -2.583396
v 2.331330 1.507186 -3.041794
v 2.449097 0.934328 -2.500772
v 2.384414 0.771686 -2.338010
v 2.357702 1.235766 -2.583396
v 2.449097 0.934328 -2.500772
v 2.384414 0.771686 -2.338010
v 2.449097 0.934328 -2.500772
v 2.443336 0.901073 -2.448485
v 2.384414 0.771686 -2.338010
v 2.443336 0.901073 -2.448485
v 2.437575 0.852429 -2.418602
v 2.437575 0.852429 -2.418602
v 2.272408 0.500253 -4.421937
v 2.292073 0.497175 -4.389594
v 2.287872 0.494130 -4.334832
v 0.757380 0.879882 -6.291843
v 1.079715 0.730901 -6.069126
v 0.000000 0.730829 -6.069096
v 0.000000 0.881142 -6.319839
v 1.079715 0.730901 -6.069126
v 0.000000 0.602532 -5.447610
v 0.000000 0.730829 -6.069096
v 1.263501 0.879612 -6.246620
v 1.497867 0.879013 -6.212768
v 1.079715 0.730901 -6.069126
v 1.497867 0.879013 -6.212768
v 1.867610 0.730954 -6.069149
v 1.701800 0.878310 -6.148857
v 1.867608 0.876127 -6.059611
v 1.867608 0.876127 -6.059611
v 1.886872 0.876200 -6.169036
v 1.867610 0.730954 -6.069149
v 1.951513 0.877897 -6.300843
v 1.951513 0.877897 -6.300843
v 2.047976 0.878462 -6.352455
v 1.867610 0.730954 -6.069149
v 2.162288 0.730974 -6.069156
v 2.108736 0.878209 -6.329526
v 2.108736 0.878209 -6.329526
v 2.143062 0.877721 -6.285159
v 2.162288 0.730974 -6.069156
v 2.175747 0.876789 -6.210073
v 2.195307 0.766240 -6.068769
v 2.162288 0.730974 -6.069156
v 2.143062 0.877721 -6.285159
v 2.175747 0.876789 -6.210073
v 2.195381 0.875074 -6.066997
v 2.195307 0.766240 -6.068769
v 2.402691 1.823267 -0.417766
v 2.404652 1.975366 -0.935360
v 2.350683 0.417728 2.866925
v 2.373878 0.381559 -2.281887
v 2.359298 0.347438 -2.307298
v 2.359298 0.347438 -2.307298
v 2.315291 1.114490 4.949203
v 2.290618 1.099744 4.936045
v 2.301043 1.173811 4.894762
v 2.326093 1.186944 4.909372
v 2.343428 1.312299 4.779419
v 2.336895 1.259397 4.848980
v 2.311468 1.247878 4.832920
v 2.317533 1.296389 4.765969
v 2.356999 1.386955 3.794211
v 2.364097 1.366713 3.611759
v 2.391026 1.383230 3.611941
v 2.383927 1.402836 3.794386
v 2.400902 1.227408 3.361653
v 2.398747 1.297230 3.434196
v 2.371775 1.284442 3.444811
v 2.373954 1.212478 3.372165
v 2.376133 1.129906 3.304746
v 2.376503 0.918067 3.176677
v 2.403433 0.951921 3.174923
v 2.403433 0.951921 3.174923
v 2.403057 1.146978 3.294338
v 2.376133 1.129906 3.304746
v 2.287538 1.193625 4.995186
v 2.311820 1.154513 4.993611
v 2.322500 1.229808 4.952888
v 2.297689 1.270294 4.953606
v 2.307840 1.346962 4.891465
v 2.333180 1.305104 4.891605
v 2.340982 1.370778 4.818099
v 2.316522 1.412192 4.819142
v 2.383927 1.490654 3.795352
v 2.391731 1.469104 3.594810
v 2.363415 1.511555 3.594931
v 2.356900 1.532035 3.794335
v 2.374344 1.332989 3.323063
v 2.372026 1.407604 3.395776
v 2.399532 1.368206 3.397421
v 2.401482 1.294000 3.324403
v 2.403433 1.209186 3.256610
v 2.403433 1.002369 3.139306
v 2.380275 1.031222 3.128487
v 2.380275 1.031222 3.128487
v 2.376661 1.247766 3.255577
v 2.403433 1.209186 3.256610
v 2.311820 1.154513 4.993611
v 2.315291 1.114490 4.949203
v 2.326093 1.186944 4.909372
v 2.322500 1.229808 4.952888
v 2.340982 1.370778 4.818099
v 2.333180 1.305104 4.891605
v 2.336895 1.259397 4.848980
v 2.343428 1.312299 4.779419
v 2.383927 1.402836 3.794386
v 2.391026 1.383230 3.611941
v 2.391731 1.469104 3.594810
v 2.383927 1.490654 3.795352
v 2.401482 1.294000 3.324403
v 2.399532 1.368206 3.397421
v 2.398747 1.297230 3.434196
v 2.400902 1.227408 3.361653
v 2.403057 1.146978 3.294338
v 2.403433 0.951921 3.174923
v 2.403433 1.002369 3.139306
v 2.403433 1.209186 3.256610
v 2.337348 1.527099 4.425840
v 2.364423 1.486198 4.426598
v 2.364423 1.486198 4.426598
v 2.364423 1.398379 4.425632
v 2.364423 1.398379 4.425632
v 2.337496 1.378916 4.425418
v 2.331276 1.508924 4.579733
v 2.356603 1.467989 4.579000
v 2.356603 1.467989 4.579000
v 2.357193 1.388453 4.561150
v 2.357193 1.388453 4.561150
v 2.330547 1.368572 4.555623
v 2.367720 1.470622 3.491565
v 2.395631 1.429696 3.492327
v 2.395631 1.429696 3.492327
v 2.394886 1.351272 3.519280
v 2.394886 1.351272 3.519280
v 2.367936 1.336620 3.524497
v 2.359138 0.417914 2.947378
v 2.403433 0.951921 3.174923
v 2.376503 0.918067 3.176677
v 2.376503 0.918067 3.176677
v 2.348574 0.417943 2.959855
v 2.359138 0.417914 2.947378
v 2.358168 0.417769 2.884793
v 2.359138 0.417914 2.947378
v 2.348601 0.295170 2.895784
v 2.348601 0.294209 2.830999
v 2.350683 0.417728 2.866925
v 2.403433 1.002369 3.139306
v 2.358168 0.417769 2.884793
v 2.350683 0.417728 2.866925
v 2.337348 1.527099 4.425840
v 2.356900 1.532035 3.794335
v 2.331276 1.508924 4.579733
v 2.380275 1.031222 3.128487
v 2.193542 0.582809 5.192038
v 2.239356 0.578855 5.179144
v 2.240533 0.565949 5.139605
v 2.239356 0.578855 5.179144
v 2.240533 0.565949 5.139605
v 2.213172 0.563128 5.129295
v 2.290618 1.099744 4.936045
v 2.315291 1.114490 4.949203
v 2.287538 1.193625 4.995186
v 2.297689 1.270294 4.953606
v 2.316522 1.412192 4.819142
v 2.325205 1.469876 4.733626
v 2.363415 1.511555 3.594931
v 2.367720 1.470622 3.491565
v 2.372026 1.407604 3.395776
v 2.376661 1.247766 3.255577
v 2.374344 1.332989 3.323063
v 2.213172 0.563128 5.129295
v 2.222587 1.186013 4.952995
v 2.290618 1.099744 4.936045
v 2.301043 1.173811 4.894762
v 2.248617 1.399659 4.750857
v 2.330547 1.368572 4.555623
v 2.323598 1.337355 4.685827
v 2.356999 1.386955 3.794211
v 2.337496 1.378916 4.425418
v 2.266709 1.482116 4.434032
v 2.270911 1.490170 3.743094
v 2.364097 1.366713 3.611759
v 2.286806 1.387545 3.406765
v 2.373954 1.212478 3.372165
v 2.371775 1.284442 3.444811
v 2.348574 0.417943 2.959855
v 2.376503 0.918067 3.176677
v 2.303506 0.986717 3.144157
v 2.303506 0.986717 3.144157
v 2.344712 0.293953 2.814155
v 2.348574 0.417943 2.959855
v 2.222587 1.186013 4.952995
v 2.248617 1.399659 4.750857
v 2.311468 1.247878 4.832920
v 2.317533 1.296389 4.765969
v 2.311468 1.247878 4.832920
v 2.286806 1.387545 3.406765
v 2.303506 0.986717 3.144157
v 2.376133 1.129906 3.304746
v 2.376503 0.918067 3.176677
v 2.270911 1.490170 3.743094
v 2.286806 1.387545 3.406765
v 2.364097 1.366713 3.611759
v 2.367936 1.336620 3.524497
v 2.364097 1.366713 3.611759
v 2.348601 0.294209 2.830999
v 2.348601 0.295170 2.895784
v 2.341566 0.296981 2.908107
v 2.344712 0.293953 2.814155
v 2.240533 0.565949 5.139605
v 2.239356 0.578855 5.179144
v 2.341566 0.296981 2.908107
v 2.348601 0.295170 2.895784
v 2.348601 0.294209 2.830999
v 2.344712 0.293953 2.814155
v 2.341566 0.296981 2.908107
v 2.343428 1.312299 4.779419
v 2.317533 1.296389 4.765969
v 2.323598 1.337355 4.685827
v 2.323598 1.337355 4.685827
v 2.349962 1.357656 4.696667
v 2.348783 1.428908 4.731402
v 2.325205 1.469876 4.733626
v 2.349962 1.357656 4.696667
v 2.348783 1.428908 4.731402
v 2.297689 1.270294 4.953606
v 2.322500 1.229808 4.952888
v 2.333180 1.305104 4.891605
v 2.307840 1.346962 4.891465
v 2.307840 1.346962 4.891465
v 2.323598 1.337355 4.685827
v 2.349962 1.357656 4.696667
v 2.371775 1.284442 3.444811
v 2.398747 1.297230 3.434196
v 2.403057 1.146978 3.294338
v 2.374344 1.332989 3.323063
v 2.401482 1.294000 3.324403
v 2.301043 1.173811 4.894762
v 2.373954 1.212478 3.372165
v 2.272408 0.500253 -4.421937
v 2.360711 0.345430 -2.183775
v 2.359298 0.347438 -2.307298
v 2.137752 1.849887 5.812812
v 2.126666 1.921840 5.814502
v 2.094840 1.984297 5.815299
v 2.094840 1.984297 5.815299
v 2.045089 2.034044 5.815947
v 1.982401 2.065983 5.816380
v 2.137752 1.849887 5.812812
v 2.094840 1.984297 5.815299
v 1.982401 2.065983 5.816380
v 1.912910 2.076988 5.816556
v 1.843420 2.065982 5.816456
v 1.843420 2.065982 5.816456
v 1.780702 2.034028 5.816092
v 1.730849 1.984237 5.814641
v 1.982401 2.065983 5.816380
v 1.843420 2.065982 5.816456
v 1.730849 1.984237 5.814641
v 1.730849 1.984237 5.814641
v 1.703674 1.928923 5.814539
v 1.692625 1.873988 5.813968
v 1.692625 1.873988 5.813968
v 1.705276 1.792939 5.808451
v 1.721950 1.741729 5.810578
v 1.730849 1.984237 5.814641
v 1.692625 1.873988 5.813968
v 1.721950 1.741729 5.810578
v 1.982401 2.065983 5.816380
v 1.730849 1.984237 5.814641
v 1.721950 1.741729 5.810578
v 2.137752 1.849887 5.812812
v 1.982401 2.065983 5.816380
v 1.721950 1.741729 5.810578
v 1.721950 1.741729 5.810578
v 1.752387 1.699295 5.815044
v 1.828979 1.648695 5.814378
v 1.828979 1.648695 5.814378
v 1.914601 1.632489 5.813020
v 2.009088 1.652902 5.812112
v 1.721950 1.741729 5.810578
v 1.828979 1.648695 5.814378
v 2.009088 1.652902 5.812112
v 2.137752 1.849887 5.812812
v 1.721950 1.741729 5.810578
v 2.009088 1.652902 5.812112
v 2.126690 1.778903 5.812764
v 2.137752 1.849887 5.812812
v 2.009088 1.652902 5.812112
v 2.090551 1.716425 5.812855
v 2.126690 1.778903 5.812764
v 2.009088 1.652902 5.812112
v 2.237680 1.737635 6.055028
v 2.126690 1.778903 5.812764
v 2.090551 1.716425 5.812855
v 2.090551 1.716425 5.812855
v 2.179390 1.636863 6.054784
v 2.237680 1.737635 6.055028
v 2.179390 1.636863 6.054784
v 2.090551 1.716425 5.812855
v 2.009088 1.652902 5.812112
v 2.009088 1.652902 5.812112
v 2.059235 1.543169 6.053754
v 2.179390 1.636863 6.054784
v 2.059235 1.543169 6.053754
v 2.009088 1.652902 5.812112
v 1.914601 1.632489 5.813020
v 1.914601 1.632489 5.813020
v 1.915856 1.512198 6.054524
v 2.059235 1.543169 6.053754
v 1.915856 1.512198 6.054524
v 1.914601 1.632489 5.813020
v 1.828979 1.648695 5.814378
v 1.828979 1.648695 5.814378
v 1.784244 1.537114 6.055906
v 1.915856 1.512198 6.054524
v 1.784244 1.537114 6.055906
v 1.828979 1.648695 5.814378
v 1.752387 1.699295 5.815044
v 1.752387 1.699295 5.815044
v 1.670390 1.612334 6.056733
v 1.784244 1.537114 6.055906
v 1.670390 1.612334 6.056733
v 1.752387 1.699295 5.815044
v 1.721950 1.741729 5.810578
v 1.721950 1.741729 5.810578
v 1.617004 1.686724 6.052504
v 1.670390 1.612334 6.056733
v 1.617004 1.686724 6.052504
v 1.721950 1.741729 5.810578
v 1.705276 1.792939 5.808451
v 1.705276 1.792939 5.808451
v 1.591874 1.763892 6.050580
v 1.617004 1.686724 6.052504
v 1.591874 1.763892 6.050580
v 1.705276 1.792939 5.808451
v 1.692625 1.873988 5.813968
v 1.692625 1.873988 5.813968
v 1.574599 1.874586 6.056335
v 1.591874 1.763892 6.050580
v 1.574599 1.874586 6.056335
v 1.692625 1.873988 5.813968
v 1.703674 1.928923 5.814539
v 1.703674 1.928923 5.814539
v 1.592698 1.964567 6.057199
v 1.574599 1.874586 6.056335
v 1.592698 1.964567 6.057199
v 1.703674 1.928923 5.814539
v 1.730849 1.984237 5.814641
v 1.730849 1.984237 5.814641
v 1.635006 2.050684 6.057569
v 1.592698 1.964567 6.057199
v 1.635006 2.050684 6.057569
v 1.730849 1.984237 5.814641
v 1.780702 2.034028 5.816092
v 1.780702 2.034028 5.816092
v 1.711463 2.127048 6.059264
v 1.635006 2.050684 6.057569
v 1.711463 2.127048 6.059264
v 1.780702 2.034028 5.816092
v 1.843420 2.065982 5.816456
v 1.843420 2.065982 5.816456
v 1.806884 2.175664 6.059799
v 1.711463 2.127048 6.059264
v 1.806884 2.175664 6.059799
v 1.843420 2.065982 5.816456
v 1.912910 2.076988 5.816556
v 1.912910 2.076988 5.816556
v 1.912655 2.192416 6.059983
v 1.806884 2.175664 6.059799
v 1.912655 2.192416 6.059983
v 1.912910 2.076988 5.816556
v 1.982401 2.065983 5.816380
v 1.982401 2.065983 5.816380
v 2.018429 2.175664 6.059799
v 1.912655 2.192416 6.059983
v 2.018429 2.175664 6.059799
v 1.982401 2.065983 5.816380
v 2.045089 2.034044 5.815947
v 2.045089 2.034044 5.815947
v 2.113847 2.127048 6.059264
v 2.018429 2.175664 6.059799
v 2.113847 2.127048 6.059264
v 2.045089 2.034044 5.815947
v 2.094840 1.984297 5.815299
v 2.094840 1.984297 5.815299
v 2.189574 2.051328 6.058431
v 2.113847 2.127048 6.059264
v 2.189574 2.051328 6.058431
v 2.094840 1.984297 5.815299
v 2.126666 1.921840 5.814502
v 2.126666 1.921840 5.814502
v 2.238193 1.955915 6.057383
v 2.189574 2.051328 6.058431
v 2.238193 1.955915 6.057383
v 2.126666 1.921840 5.814502
v 2.137752 1.849887 5.812812
v 2.137752 1.849887 5.812812
v 2.254848 1.847802 6.055403
v 2.238193 1.955915 6.057383
v 2.254848 1.847802 6.055403
v 2.137752 1.849887 5.812812
v 2.126690 1.778903 5.812764
v 2.126690 1.778903 5.812764
v 2.237680 1.737635 6.055028
v 2.254848 1.847802 6.055403
v 1.282935 0.789068 5.307931
v 0.000000 1.612262 5.774903
v 0.000000 0.792508 5.296817
v 1.281390 1.000411 5.380551
v 1.281890 1.382486 5.540168
v 1.258037 1.528768 5.580866
v 1.258037 1.528768 5.580866
v 1.016485 1.552347 5.640627
v 0.660540 1.581569 5.705480
v 1.281390 1.000411 5.380551
v 1.258037 1.528768 5.580866
v 0.660540 1.581569 5.705480
v 0.660540 1.581569 5.705480
v 0.241896 1.601551 5.762322
v 0.000000 1.612262 5.774903
v 1.281390 1.000411 5.380551
v 0.660540 1.581569 5.705480
v 0.000000 1.612262 5.774903
v 1.281390 1.000411 5.380551
v 0.000000 1.612262 5.774903
v 1.282935 0.789068 5.307931
v 1.386624 1.477752 6.017853
v 1.281890 1.382486 5.540168
v 1.281390 1.000411 5.380551
v 1.386122 1.093818 5.857454
v 1.386122 1.093818 5.857454
v 1.281390 1.000411 5.380551
v 1.282935 0.789068 5.307931
v 1.282935 0.789068 5.307931
v 1.386122 0.792607 5.733293
v 1.386122 1.093818 5.857454
v 1.386122 0.792607 5.733293
v 1.282935 0.789068 5.307931
v 0.000000 0.792508 5.296817
v 0.000000 0.792508 5.296817
v 0.000000 0.789996 5.732267
v 1.386122 0.792607 5.733293
v 0.000000 1.794713 6.311543
v 0.000000 1.612262 5.774903
v 0.241896 1.601551 5.762322
v 0.241896 1.601551 5.762322
v 0.250176 1.787664 6.290233
v 0.000000 1.794713 6.311543
v 0.250176 1.787664 6.290233
v 0.241896 1.601551 5.762322
v 0.660540 1.581569 5.705480
v 0.660540 1.581569 5.705480
v 0.673067 1.767492 6.232780
v 0.250176 1.787664 6.290233
v 0.673067 1.767492 6.232780
v 0.660540 1.581569 5.705480
v 1.016485 1.552347 5.640627
v 1.016485 1.552347 5.640627
v 1.033062 1.737907 6.167269
v 0.673067 1.767492 6.232780
v 1.033062 1.737907 6.167269
v 1.016485 1.552347 5.640627
v 1.258037 1.528768 5.580866
v 1.258037 1.528768 5.580866
v 1.266963 1.712952 6.119491
v 1.033062 1.737907 6.167269
v 1.266963 1.712952 6.119491
v 1.258037 1.528768 5.580866
v 1.374569 1.696598 6.075961
v 1.374569 1.696598 6.075961
v 1.258037 1.528768 5.580866
v 1.281890 1.382486 5.540168
v 1.281890 1.382486 5.540168
v 1.386624 1.477752 6.017853
v 1.374569 1.696598 6.075961
v 2.162616 1.212655 -5.912871
v 1.930444 1.212855 -5.913810
v 1.932629 1.313369 -5.899557
v 1.932629 1.313369 -5.899557
v 2.159718 1.352566 -5.890197
v 2.162616 1.212655 -5.912871
v 2.159718 1.352566 -5.890197
v 1.932629 1.313369 -5.899557
v 1.938250 1.471653 -5.862301
v 1.938250 1.471653 -5.862301
v 2.154138 1.490380 -5.858502
v 2.159718 1.352566 -5.890197
v 2.147787 1.563480 -5.840018
v 2.154138 1.490380 -5.858502
v 1.938250 1.471653 -5.862301
v 1.938250 1.471653 -5.862301
v 1.955811 1.670673 -5.817757
v 2.147787 1.563480 -5.840018
v 2.113180 1.766798 -5.799462
v 2.147787 1.563480 -5.840018
v 1.955811 1.670673 -5.817757
v 1.955811 1.670673 -5.817757
v 1.974170 1.736670 -5.805205
v 2.113180 1.766798 -5.799462
v 2.113180 1.766798 -5.799462
v 1.974170 1.736670 -5.805205
v 1.991761 1.784721 -5.795987
v 1.991761 1.784721 -5.795987
v 2.072034 1.840085 -5.783098
v 2.113180 1.766798 -5.799462
v 2.024622 1.843125 -5.782810
v 2.046849 1.859657 -5.778334
v 2.072034 1.840085 -5.783098
v 2.072034 1.840085 -5.783098
v 1.991761 1.784721 -5.795987
v 2.024622 1.843125 -5.782810
v 2.162616 1.212655 -5.912871
v 2.107624 1.182211 -6.034636
v 1.984821 1.183079 -6.023582
v 1.984821 1.183079 -6.023582
v 1.930444 1.212855 -5.913810
v 2.162616 1.212655 -5.912871
v 2.107624 1.182211 -6.034636
v 2.093450 1.179242 -6.046012
v 2.052778 1.179076 -6.055646
v 2.052778 1.179076 -6.055646
v 1.984821 1.183079 -6.023582
v 2.107624 1.182211 -6.034636
v 1.951142 1.945294 -5.930671
v 1.972699 1.935801 -5.932756
v 1.954268 1.885474 -5.942507
v 1.954268 1.885474 -5.942507
v 1.931772 1.892429 -5.941046
v 1.951142 1.945294 -5.930671
v 1.931772 1.892429 -5.941046
v 1.954268 1.885474 -5.942507
v 1.935186 1.816896 -5.955622
v 1.935186 1.816896 -5.955622
v 1.911883 1.820967 -5.954801
v 1.931772 1.892429 -5.941046
v 1.911883 1.820967 -5.954801
v 1.935186 1.816896 -5.955622
v 1.917415 1.615481 -6.000657
v 1.917415 1.615481 -6.000657
v 1.893876 1.616874 -6.000380
v 1.911883 1.820967 -5.954801
v 1.893876 1.616874 -6.000380
v 1.917415 1.615481 -6.000657
v 1.911770 1.456537 -6.038096
v 1.888205 1.457187 -6.037995
v 1.888205 1.457187 -6.037995
v 1.911770 1.456537 -6.038096
v 1.909562 1.354484 -6.057069
v 1.909562 1.354484 -6.057069
v 1.885956 1.353470 -6.062256
v 1.888205 1.457187 -6.037995
v 1.885956 1.353470 -6.062256
v 1.909562 1.354484 -6.057069
v 1.969213 1.322982 -6.177790
v 1.969213 1.322982 -6.177790
v 1.951513 1.320320 -6.195291
v 1.885956 1.353470 -6.062256
v 1.951513 1.320320 -6.195291
v 1.969213 1.322982 -6.177790
v 2.050624 1.318751 -6.216275
v 2.050624 1.318751 -6.216275
v 2.047976 1.316071 -6.240974
v 1.951513 1.320320 -6.195291
v 2.047976 1.316071 -6.240974
v 2.050624 1.318751 -6.216275
v 2.103280 1.319263 -6.203843
v 2.103280 1.319263 -6.203843
v 2.114020 1.316913 -6.225403
v 2.047976 1.316071 -6.240974
v 2.114020 1.316913 -6.225403
v 2.103280 1.319263 -6.203843
v 2.125149 1.322583 -6.186119
v 2.125149 1.322583 -6.186119
v 2.144502 1.320375 -6.200572
v 2.114020 1.316913 -6.225403
v 2.144502 1.320375 -6.200572
v 2.125149 1.322583 -6.186119
v 2.183983 1.354392 -6.055665
v 2.183983 1.354392 -6.055665
v 2.207619 1.353484 -6.060377
v 2.144502 1.320375 -6.200572
v 2.207619 1.353484 -6.060377
v 2.183983 1.354392 -6.055665
v 2.181013 1.495755 -6.028600
v 2.181013 1.495755 -6.028600
v 2.204577 1.496436 -6.028394
v 2.207619 1.353484 -6.060377
v 2.204577 1.496436 -6.028394
v 2.181013 1.495755 -6.028600
v 2.175406 1.634220 -5.996769
v 2.175406 1.634220 -5.996769
v 2.198941 1.635626 -5.996398
v 2.204577 1.496436 -6.028394
v 2.198941 1.635626 -5.996398
v 2.175406 1.634220 -5.996769
v 2.168945 1.708627 -5.978071
v 2.168945 1.708627 -5.978071
v 2.192355 1.711495 -5.977457
v 2.198941 1.635626 -5.996398
v 2.192355 1.711495 -5.977457
v 2.168945 1.708627 -5.978071
v 2.133607 1.916232 -5.936643
v 2.133607 1.916232 -5.936643
v 2.156202 1.923888 -5.935040
v 2.192355 1.711495 -5.977457
v 2.156202 1.923888 -5.935040
v 2.133607 1.916232 -5.936643
v 2.088717 1.996148 -5.918611
v 2.088717 1.996148 -5.918611
v 2.107125 2.011220 -5.915148
v 2.156202 1.923888 -5.935040
v 2.107125 2.011220 -5.915148
v 2.088717 1.996148 -5.918611
v 2.047316 2.028350 -5.910891
v 2.047316 2.028350 -5.910891
v 2.047593 2.057533 -5.904088
v 2.107125 2.011220 -5.915148
v 2.047593 2.057533 -5.904088
v 2.047316 2.028350 -5.910891
v 2.008481 1.999382 -5.918344
v 2.008481 1.999382 -5.918344
v 1.990189 2.014658 -5.914865
v 2.047593 2.057533 -5.904088
v 1.990189 2.014658 -5.914865
v 2.008481 1.999382 -5.918344
v 1.972699 1.935801 -5.932756
v 1.972699 1.935801 -5.932756
v 1.951142 1.945294 -5.930671
v 1.990189 2.014658 -5.914865
v 1.972699 1.935801 -5.932756
v 1.991761 1.784721 -5.795987
v 1.974170 1.736670 -5.805205
v 1.974170 1.736670 -5.805205
v 1.954268 1.885474 -5.942507
v 1.972699 1.935801 -5.932756
v 1.954268 1.885474 -5.942507
v 1.974170 1.736670 -5.805205
v 1.955811 1.670673 -5.817757
v 1.955811 1.670673 -5.817757
v 1.935186 1.816896 -5.955622
v 1.954268 1.885474 -5.942507
v 1.935186 1.816896 -5.955622
v 1.955811 1.670673 -5.817757
v 1.938250 1.471653 -5.862301
v 1.938250 1.471653 -5.862301
v 1.917415 1.615481 -6.000657
v 1.917415 1.615481 -6.000657
v 1.938250 1.471653 -5.862301
v 1.932629 1.313369 -5.899557
v 1.911770 1.456537 -6.038096
v 1.911770 1.456537 -6.038096
v 1.932629 1.313369 -5.899557
v 1.930444 1.212855 -5.913810
v 1.930444 1.212855 -5.913810
v 1.909562 1.354484 -6.057069
v 1.911770 1.456537 -6.038096
v 1.909562 1.354484 -6.057069
v 1.930444 1.212855 -5.913810
v 1.984821 1.183079 -6.023582
v 1.984821 1.183079 -6.023582
v 1.969213 1.322982 -6.177790
v 1.909562 1.354484 -6.057069
v 1.969213 1.322982 -6.177790
v 1.984821 1.183079 -6.023582
v 2.052778 1.179076 -6.055646
v 2.052778 1.179076 -6.055646
v 2.050624 1.318751 -6.216275
v 1.969213 1.322982 -6.177790
v 2.050624 1.318751 -6.216275
v 2.052778 1.179076 -6.055646
v 2.093450 1.179242 -6.046012
v 2.093450 1.179242 -6.046012
v 2.103280 1.319263 -6.203843
v 2.050624 1.318751 -6.216275
v 2.103280 1.319263 -6.203843
v 2.093450 1.179242 -6.046012
v 2.107624 1.182211 -6.034636
v 2.107624 1.182211 -6.034636
v 2.125149 1.322583 -6.186119
v 2.103280 1.319263 -6.203843
v 2.125149 1.322583 -6.186119
v 2.107624 1.182211 -6.034636
v 2.162616 1.212655 -5.912871
v 2.162616 1.212655 -5.912871
v 2.183983 1.354392 -6.055665
v 2.125149 1.322583 -6.186119
v 2.183983 1.354392 -6.055665
v 2.162616 1.212655 -5.912871
v 2.159718 1.352566 -5.890197
v 2.159718 1.352566 -5.890197
v 2.181013 1.495755 -6.028600
v 2.183983 1.354392 -6.055665
v 2.181013 1.495755 -6.028600
v 2.159718 1.352566 -5.890197
v 2.154138 1.490380 -5.858502
v 2.175406 1.634220 -5.996769
v 2.175406 1.634220 -5.996769
v 2.154138 1.490380 -5.858502
v 2.147787 1.563480 -5.840018
v 2.147787 1.563480 -5.840018
v 2.168945 1.708627 -5.978071
v 2.175406 1.634220 -5.996769
v 2.168945 1.708627 -5.978071
v 2.147787 1.563480 -5.840018
v 2.113180 1.766798 -5.799462
v 2.133607 1.916232 -5.936643
v 2.133607 1.916232 -5.936643
v 2.113180 1.766798 -5.799462
v 2.072034 1.840085 -5.783098
v 2.072034 1.840085 -5.783098
v 2.088717 1.996148 -5.918611
v 2.133607 1.916232 -5.936643
v 2.088717 1.996148 -5.918611
v 2.072034 1.840085 -5.783098
v 2.046849 1.859657 -5.778334
v 2.046849 1.859657 -5.778334
v 2.047316 2.028350 -5.910891
v 2.088717 1.996148 -5.918611
v 2.047316 2.028350 -5.910891
v 2.046849 1.859657 -5.778334
v 2.024622 1.843125 -5.782810
v 2.024622 1.843125 -5.782810
v 2.008481 1.999382 -5.918344
v 2.047316 2.028350 -5.910891
v 2.008481 1.999382 -5.918344
v 2.024622 1.843125 -5.782810
v 1.991761 1.784721 -5.795987
v 1.991761 1.784721 -5.795987
v 1.972699 1.935801 -5.932756
v 2.008481 1.999382 -5.918344
v 2.054094 0.665183 -0.696137
v 2.072515 0.637745 -2.193972
v 0.000000 0.637927 -2.194365
v 0.000000 0.637927 -2.194365
v 0.000000 0.665190 -0.695899
v 2.054094 0.665183 -0.696137
v 1.856405 2.637544 2.128354
v 1.904185 2.569769 1.840944
v 1.914523 2.506150 1.818927
v 1.914523 2.506150 1.818927
v 1.810769 2.568530 2.271333
v 1.856405 2.637544 2.128354
v 1.864679 2.738758 1.997845
v 1.895077 2.635084 1.823750
v 1.904185 2.569769 1.840944
v 1.904185 2.569769 1.840944
v 1.856405 2.637544 2.128354
v 1.864679 2.738758 1.997845
v 1.814965 3.307477 1.433015
v 1.816548 3.332618 1.114399
v 1.895077 2.635084 1.823750
v 1.895077 2.635084 1.823750
v 1.864679 2.738758 1.997845
v 1.814965 3.307477 1.433015
v 1.802530 3.427659 0.937132
v 0.838098 3.827823 0.937132
v 0.841170 3.792823 -0.223670
v 0.841170 3.792823 -0.223670
v 1.812424 3.392659 -0.223670
v 1.802530 3.427659 0.937132
v 1.814554 3.384336 -0.715982
v 0.841832 3.784500 -0.715982
v 0.842289 3.763232 -1.209551
v 0.842289 3.763232 -1.209551
v 1.816028 3.363068 -1.209551
v 1.814554 3.384336 -0.715982
v 1.810769 2.568530 2.271333
v 1.914523 2.506150 1.818927
v 1.927833 2.471205 1.738901
v 1.927833 2.471205 1.738901
v 1.666682 2.560313 2.408929
v 1.810769 2.568530 2.271333
v 2.044359 2.471017 -0.214272
v 2.036212 2.523582 -0.256855
v 2.043063 2.507323 -0.580437
v 2.043063 2.507323 -0.580437
v 2.060231 2.448936 -0.626707
v 2.044359 2.471017 -0.214272
v 2.036212 2.523582 -0.256855
v 2.015067 2.612351 -0.281145
v 2.024498 2.577614 -0.562765
v 2.024498 2.577614 -0.562765
v 2.043063 2.507323 -0.580437
v 2.036212 2.523582 -0.256855
v 1.853984 3.235035 -0.327915
v 1.852611 3.238627 -0.614090
v 2.024498 2.577614 -0.562765
v 2.024498 2.577614 -0.562765
v 2.015067 2.612351 -0.281145
v 1.853984 3.235035 -0.327915
v 1.835064 3.305389 -0.321170
v 1.834677 3.308021 -0.631848
v 1.852611 3.238627 -0.614090
v 1.852611 3.238627 -0.614090
v 1.853984 3.235035 -0.327915
v 1.835064 3.305389 -0.321170
v 1.835064 3.305389 -0.321170
v 1.818265 3.363475 -0.284708
v 1.821433 3.358799 -0.664233
v 1.821433 3.358799 -0.664233
v 1.834677 3.308021 -0.631848
v 1.835064 3.305389 -0.321170
v 1.818265 3.363475 -0.284708
v 1.812424 3.392659 -0.223670
v 1.814554 3.384336 -0.715982
v 1.814554 3.384336 -0.715982
v 1.821433 3.358799 -0.664233
v 1.818265 3.363475 -0.284708
v 2.044359 2.471017 -0.214272
v 2.060231 2.448936 -0.626707
v 2.064634 2.426314 -0.709379
v 2.064634 2.426314 -0.709379
v 2.044255 2.446940 -0.115784
v 2.044359 2.471017 -0.214272
v 2.077750 2.420535 -2.459076
v 2.066947 2.462801 -2.501920
v 1.878161 2.422190 -3.719151
v 1.878161 2.422190 -3.719151
v 1.825124 2.332119 -3.811307
v 2.077750 2.420535 -2.459076
v 0.000000 1.598332 -2.445596
v 0.000000 0.637927 -2.194365
v 2.072515 0.637745 -2.193972
v 2.072515 0.637745 -2.193972
v 2.067288 1.598214 -2.444178
v 0.000000 1.598332 -2.445596
v 2.066947 2.462801 -2.501920
v 1.949705 2.917711 -2.578627
v 1.773542 3.009249 -3.268859
v 1.773542 3.009249 -3.268859
v 1.878161 2.422190 -3.719151
v 2.066947 2.462801 -2.501920
v 1.949705 2.917711 -2.578627
v 1.920353 3.023283 -2.533304
v 1.658236 3.203728 -3.197849
v 1.658236 3.203728 -3.197849
v 1.773542 3.009249 -3.268859
v 1.949705 2.917711 -2.578627
v 1.898147 3.097535 -2.467930
v 1.405481 3.322744 -3.227924
v 1.658236 3.203728 -3.197849
v 1.658236 3.203728 -3.197849
v 1.920353 3.023283 -2.533304
v 1.898147 3.097535 -2.467930
v 1.405481 3.322744 -3.227924
v 1.898147 3.097535 -2.467930
v 1.876502 3.184608 -2.319621
v 1.876502 3.184608 -2.319621
v 1.026310 3.393741 -3.251841
v 1.405481 3.322744 -3.227924
v 1.844351 3.269760 -2.024993
v 0.851083 3.669923 -2.024993
v 0.861064 3.584772 -2.319621
v 0.861064 3.584772 -2.319621
v 1.876502 3.184608 -2.319621
v 1.844351 3.269760 -2.024993
v 1.917413 0.709821 1.750114
v 2.033724 0.685806 -0.102814
v 0.000000 0.685817 -0.102304
v 0.000000 0.685817 -0.102304
v 0.000000 0.710081 1.752380
v 1.917413 0.709821 1.750114
v 0.845592 3.718673 -1.731221
v 0.842289 3.763232 -1.209551
v 0.000000 3.763232 -1.209551
v 0.000000 3.718672 -1.731221
v 0.000000 3.669924 -2.024993
v 0.851083 3.669923 -2.024993
v 0.845592 3.718673 -1.731221
v 0.841832 3.784500 -0.715982
v 0.841170 3.792823 -0.223670
v 0.000000 3.792823 -0.223670
v 0.000000 3.784500 -0.715982
v 2.033724 0.685806 -0.102814
v 2.054094 0.665183 -0.696137
v 0.000000 0.665190 -0.695899
v 0.000000 0.665190 -0.695899
v 0.000000 0.685817 -0.102304
v 2.033724 0.685806 -0.102814
v 1.659453 0.797799 2.411959
v 1.917413 0.709821 1.750114
v 0.000000 0.710081 1.752380
v 0.000000 0.710081 1.752380
v 0.000000 0.797799 2.411958
v 1.659453 0.797799 2.411959
v 0.344275 2.726089 2.604070
v 0.676500 2.709516 2.586476
v 1.025785 2.677863 2.563207
v 1.025785 2.677863 2.563207
v 1.465233 2.608197 2.482908
v 1.666682 2.560313 2.408929
v 1.025785 2.677863 2.563207
v 1.666682 2.560313 2.408929
v 0.000000 2.560313 2.408929
v 0.344275 2.726089 2.604070
v 1.025785 2.677863 2.563207
v 0.000000 2.560313 2.408929
v 0.000000 2.731086 2.609518
v 0.344275 2.726089 2.604070
v 0.000000 2.560313 2.408929
v 0.000000 1.598332 -2.445596
v 2.067288 1.598214 -2.444178
v 1.815543 1.506919 -3.791492
v 1.815543 1.506919 -3.791492
v 0.000000 1.509915 -3.797827
v 0.000000 1.598332 -2.445596
v 0.560739 3.425747 -3.263221
v 0.861064 3.584772 -2.319621
v 0.000000 3.584772 -2.319621
v 0.000000 3.584772 -2.319621
v 0.000000 3.438019 -3.273823
v 0.560739 3.425747 -3.263221
v 1.815543 1.506919 -3.791492
v 1.693598 1.530414 -3.849175
v 1.401058 1.587209 -3.938034
v 1.401058 1.587209 -3.938034
v 1.128444 1.630723 -4.000837
v 0.756467 1.660096 -4.040967
v 1.815543 1.506919 -3.791492
v 1.401058 1.587209 -3.938034
v 0.756467 1.660096 -4.040967
v 1.815543 1.506919 -3.791492
v 0.756467 1.660096 -4.040967
v 0.000000 1.685491 -4.072390
v 0.000000 1.509915 -3.797827
v 1.815543 1.506919 -3.791492
v 0.000000 1.685491 -4.072390
v 1.789319 3.419990 1.357551
v 1.810858 3.391952 1.037432
v 1.816548 3.332618 1.114399
v 1.816548 3.332618 1.114399
v 1.814965 3.307477 1.433015
v 1.789319 3.419990 1.357551
v 1.751539 3.503709 1.375041
v 1.802530 3.427659 0.937132
v 1.810858 3.391952 1.037432
v 1.810858 3.391952 1.037432
v 1.789319 3.419990 1.357551
v 1.751539 3.503709 1.375041
v 0.559644 3.651309 1.608968
v 0.838098 3.827823 0.937132
v 1.030014 3.636144 1.584060
v 0.000000 3.827823 0.937132
v 0.000000 3.792823 -0.223670
v 0.841170 3.792823 -0.223670
v 0.838098 3.827823 0.937132
v 0.000000 3.763232 -1.209551
v 0.841832 3.784500 -0.715982
v 0.851083 3.669923 -2.024993
v 0.000000 3.669924 -2.024993
v 0.000000 3.584772 -2.319621
v 0.845592 3.718673 -1.731221
v 1.826665 3.318508 -1.731221
v 1.816028 3.363068 -1.209551
v 0.845592 3.718673 -1.731221
v 1.826665 3.318508 -1.731221
v 0.851083 3.669923 -2.024993
v 1.814554 3.384336 -0.715982
v 0.841170 3.792823 -0.223670
v 0.559644 3.651309 1.608968
v 0.000000 3.665274 1.627747
v 0.000000 3.827823 0.937132
v 0.000000 3.827823 0.937132
v 0.559644 3.651309 1.608968
v 0.560739 3.425747 -3.263221
v 1.026310 3.393741 -3.251841
v 0.861064 3.584772 -2.319621
v 1.026310 3.393741 -3.251841
v 1.802530 3.427659 0.937132
v 1.751539 3.503709 1.375041
v 1.663111 3.547574 1.422343
v 1.663111 3.547574 1.422343
v 1.559300 3.573764 1.471180
v 1.391103 3.602328 1.524293
v 1.802530 3.427659 0.937132
v 1.663111 3.547574 1.422343
v 1.391103 3.602328 1.524293
v 1.391103 3.602328 1.524293
v 0.838098 3.827823 0.937132
v 1.391103 3.602328 1.524293
v 1.030014 3.636144 1.584060
v 1.404269 2.414603 -3.960118
v 1.130571 2.458279 -4.023178
v 1.128444 1.630723 -4.000837
v 1.401058 1.587209 -3.938034
v 1.130571 2.458279 -4.023178
v 0.757443 2.487738 -4.063435
v 0.756467 1.660096 -4.040967
v 1.128444 1.630723 -4.000837
v 0.757443 2.487738 -4.063435
v 0.000000 2.513162 -4.094901
v 0.000000 1.685491 -4.072390
v 0.000000 1.685491 -4.072390
v 0.756467 1.660096 -4.040967
v 0.757443 2.487738 -4.063435
v 0.000000 2.560313 2.408929
v 1.666682 2.560313 2.408929
v 1.659453 0.797799 2.411959
v 0.000000 0.797799 2.411958
v 1.666682 2.560313 2.408929
v 1.927833 2.471205 1.738901
v 1.917413 0.709821 1.750114
v 1.659453 0.797799 2.411959
v 1.927833 2.471205 1.738901
v 2.044255 2.446940 -0.115784
v 2.033724 0.685806 -0.102814
v 1.917413 0.709821 1.750114
v 2.044255 2.446940 -0.115784
v 2.064634 2.426314 -0.709379
v 2.054094 0.665183 -0.696137
v 2.033724 0.685806 -0.102814
v 2.064634 2.426314 -0.709379
v 2.083062 2.399051 -2.405687
v 2.072515 0.637745 -2.193972
v 2.072515 0.637745 -2.193972
v 2.054094 0.665183 -0.696137
v 2.064634 2.426314 -0.709379
v 2.083062 2.399051 -2.405687
v 2.077750 2.420535 -2.459076
v 2.067288 1.598214 -2.444178
v 2.067288 1.598214 -2.444178
v 2.072515 0.637745 -2.193972
v 2.083062 2.399051 -2.405687
v 2.077750 2.420535 -2.459076
v 1.825124 2.332119 -3.811307
v 1.815543 1.506919 -3.791492
v 2.067288 1.598214 -2.444178
v 1.825124 2.332119 -3.811307
v 1.697776 2.357623 -3.870965
v 1.693598 1.530414 -3.849175
v 1.693598 1.530414 -3.849175
v 1.815543 1.506919 -3.791492
v 1.825124 2.332119 -3.811307
v 1.697776 2.357623 -3.870965
v 1.404269 2.414603 -3.960118
v 1.401058 1.587209 -3.938034
v 1.693598 1.530414 -3.849175
v 0.963374 0.776152 5.633012
v 1.198233 0.776152 5.633012
v 0.758122 1.663126 5.935209
v 0.523263 1.663126 5.935209
v 0.963374 0.775868 5.495730
v 1.198233 0.775868 5.495730
v 1.198233 0.776152 5.633012
v 0.963374 0.776152 5.633012
v 1.198233 0.775868 5.495730
v 0.758122 1.624013 5.797926
v 0.758122 1.663126 5.935209
v 1.198233 0.776152 5.633012
v 0.758122 1.624013 5.797926
v 0.523263 1.624013 5.797926
v 0.523263 1.663126 5.935209
v 0.758122 1.663126 5.935209
v 0.523263 1.624013 5.797926
v 0.963374 0.775868 5.495730
v 0.963374 0.776152 5.633012
v 0.523263 1.663126 5.935209
v 0.960533 0.610651 5.994516
v 1.200361 0.610651 5.994516
v 1.200361 0.747588 5.994516
v 0.960533 0.747588 5.994516
v 0.960533 0.610651 5.232700
v 1.200361 0.610651 5.232700
v 1.200361 0.610651 5.994516
v 0.960533 0.610651 5.994516
v 1.200361 0.610651 5.232700
v 1.200361 0.747588 5.232700
v 1.200361 0.747588 5.994516
v 1.200361 0.610651 5.994516
v 1.200361 0.747588 5.232700
v 0.960533 0.747588 5.232700
v 0.960533 0.747588 5.994516
v 1.200361 0.747588 5.994516
v 0.960533 0.747588 5.232700
v 0.960533 0.610651 5.232700
v 0.960533 0.610651 5.994516
v 0.960533 0.747588 5.994516
v -1.823125 3.453747 -1.750395
v -1.744586 3.628811 -1.751767
v -1.843602 3.402730 -2.051037
v -1.756816 3.574359 -2.053963
v -1.744586 3.698712 -0.517777
v -1.815702 3.534034 -0.461784
v -1.744586 3.692776 0.171322
v -1.804162 3.544370 0.999384
v -1.744586 3.662946 0.713159
v -1.744586 3.641288 0.954325
v -1.789857 3.261690 -2.970840
v -1.954868 3.046576 -2.748476
v -1.798299 3.371852 -2.683575
v -1.915038 3.184022 -2.584583
v -1.880303 3.304736 -2.358296
v -1.772487 3.490234 -2.365542
v -1.799209 3.584182 1.161960
v -1.744559 3.617269 1.162895
v -1.804162 3.544370 0.999384
v -1.744559 3.617269 1.162895
v -1.880933 1.758638 -5.815899
v -1.911883 1.820967 -5.954801
v -1.891235 1.840023 -5.725742
v -1.905157 1.907466 -5.621159
v -1.931772 1.892429 -5.941046
v -1.934578 1.994046 -5.413162
v -1.951142 1.945294 -5.930671
v -1.991089 2.047697 -5.424284
v -1.934578 1.994046 -5.413162
v -1.990189 2.014658 -5.914865
v -1.990189 2.014658 -5.914865
v -2.076550 2.106727 -5.433599
v -2.047593 2.057533 -5.904088
v -1.972326 2.074947 -5.097664
v -1.744586 3.669438 -1.230329
v -1.814349 3.494555 -1.231924
v -1.744759 3.598237 1.291034
v -1.857814 3.022217 -3.139108
v -1.789857 3.261690 -2.970840
v -1.658235 3.203728 -3.197849
v -1.773542 3.009249 -3.268859
v -1.893876 1.616874 -6.000380
v -1.871370 1.590809 -5.905145
v -1.888205 1.457187 -6.037995
v -1.864890 1.452704 -5.966187
v -1.885956 1.353470 -6.062256
v -1.864265 1.311316 -6.001673
v -2.105543 2.166296 -4.934752
v -2.003026 2.119913 -4.848887
v -2.038655 2.187673 -4.377095
v -2.083791 2.249063 -3.817260
v -1.953753 2.247634 -4.093955
v -2.138410 2.282493 -3.817088
v -2.083791 2.249063 -3.817260
v -2.122658 2.226570 -4.375895
v -2.038655 2.187673 -4.377095
v -1.867102 1.022026 -6.047559
v -1.886872 0.876200 -6.169036
v -1.867608 0.876127 -6.059611
v -1.951513 1.320320 -6.195291
v -1.951513 0.877897 -6.300843
v -2.149528 2.314417 -3.258553
v -2.149528 2.314417 -3.258553
v -2.087612 2.301705 -3.469915
v -1.992838 2.303216 -3.643753
v -2.138243 2.331375 -2.683634
v -1.954868 3.046576 -2.748476
v -2.149528 2.314417 -3.258553
v -1.857814 3.022217 -3.139108
v -2.149528 2.314417 -3.258553
v -2.087612 2.301705 -3.469915
v -1.992838 2.303216 -3.643753
v -1.878161 2.422190 -3.719151
v -1.878161 2.422190 -3.719151
v -1.825124 2.332119 -3.811307
v -1.992838 2.303216 -3.643753
v -1.789319 3.419990 1.357551
v -1.804162 3.544370 0.999384
v -1.814965 3.307477 1.433015
v -1.856405 2.637544 2.128354
v -1.945063 2.424089 2.208536
v -1.893644 2.458704 2.281000
v -1.864679 2.738758 1.997845
v -1.799209 3.584182 1.161960
v -1.663111 3.547574 1.422343
v -1.744759 3.598237 1.291034
v -1.751539 3.503709 1.375041
v -1.945063 2.424089 2.208536
v -1.965570 2.400804 2.693070
v -1.893644 2.458704 2.281000
v -2.239982 1.075871 5.320024
v -2.154311 0.623133 5.317290
v -2.194613 1.070171 5.528671
v -2.179390 1.636863 6.054784
v -2.237680 1.737635 6.055028
v -2.205096 1.625027 6.036381
v -2.390140 2.054257 2.670056
v -2.323443 2.196332 2.671618
v -2.387361 2.057639 2.215823
v -2.324100 2.197871 2.208998
v -2.323443 2.196332 2.671618
v -2.210686 2.309083 2.672858
v -2.324100 2.197871 2.208998
v -2.213272 2.311646 2.200736
v -2.210686 2.309083 2.672858
v -2.210686 2.309083 2.672858
v -2.068602 2.381474 2.673654
v -2.213272 2.311646 2.200736
v -2.069952 2.383706 2.202749
v -2.379078 2.041175 3.364426
v -2.309187 2.178338 3.365934
v -2.309187 2.178338 3.365934
v -2.200328 2.287191 3.367131
v -2.200328 2.287191 3.367131
v -2.063156 2.357079 3.367900
v -1.844041 2.370960 3.367251
v -2.365405 1.872708 4.069546
v -2.357191 2.026304 4.070074
v -2.403884 1.874458 3.256834
v -2.290569 2.157052 4.071512
v -2.290569 2.157052 4.071512
v -2.186800 2.260815 4.072652
v -2.186800 2.260815 4.072652
v -2.056046 2.327434 4.073385
v -1.910277 2.350795 4.073109
v -2.343696 1.867157 4.742036
v -2.337563 2.012506 4.744782
v -2.273872 2.137501 4.746157
v -2.174670 2.241358 4.747298
v -2.174670 2.241358 4.747298
v -2.174670 2.241358 4.747298
v -2.049667 2.300386 4.747947
v -1.911100 2.322332 4.748189
v -1.772681 2.300928 4.748132
v -1.726099 2.319716 4.069948
v -2.313604 1.861633 5.327392
v -2.307556 1.996347 5.327600
v -2.248345 2.112546 5.328878
v -2.248345 2.112546 5.328878
v -2.156123 2.204764 5.329892
v -2.273872 2.137501 4.746157
v -2.156123 2.204764 5.329892
v -2.156123 2.204764 5.329892
v -2.039917 2.263971 5.330544
v -1.911100 2.284372 5.330767
v -1.782283 2.263971 5.330544
v -1.666088 2.227088 5.329618
v -1.613777 2.249908 4.743596
v -2.280684 1.855263 5.767618
v -2.271914 1.976002 5.770272
v -2.218027 2.081756 5.771434
v -2.218027 2.081756 5.771434
v -2.134095 2.165682 5.772357
v -2.134095 2.165682 5.772357
v -2.028335 2.219566 5.772951
v -1.911100 2.238134 5.773154
v -1.793862 2.219566 5.772951
v -1.688103 2.175983 5.772471
v -1.604558 2.140221 5.772529
v -1.517027 2.162128 5.333212
v -2.254848 1.847802 6.055403
v -2.238193 1.955915 6.057383
v -2.189574 2.051328 6.058431
v -2.189574 2.051328 6.058431
v -2.113847 2.127048 6.059264
v -2.113847 2.127048 6.059264
v -2.018429 2.175664 6.059799
v -1.912655 2.192416 6.059983
v -1.806884 2.175664 6.059799
v -1.711463 2.127048 6.059264
v -1.711463 2.127048 6.059264
v -1.635006 2.050684 6.057569
v -1.688103 2.175983 5.772471
v -1.635006 2.050684 6.057569
v -1.573779 2.093290 5.868573
v -1.546552 1.998557 5.992985
v -1.573779 2.093290 5.868573
v -1.427704 2.052187 5.842449
v -1.443378 2.077526 5.763991
v -1.412106 2.011431 5.920608
v -1.531733 1.743604 6.050782
v -1.374568 1.696598 6.075961
v -1.536125 1.903400 6.047151
v -1.384040 1.862238 6.043834
v -1.592698 1.964567 6.057199
v -1.574599 1.874586 6.056335
v -1.656739 1.597014 6.031102
v -1.670390 1.612334 6.056733
v -1.781697 1.514452 6.025000
v -1.784244 1.537114 6.055906
v -1.617004 1.686724 6.052504
v -2.237680 1.737635 6.055028
v -2.248210 1.710554 5.971032
v -2.251362 1.479426 5.761530
v -2.402673 1.865513 2.220725
v -1.533422 1.093818 5.857453
v -1.781697 1.066621 5.857154
v -1.533422 0.792607 5.733292
v -1.781692 0.792607 5.733292
v -2.274870 1.549198 5.325229
v -2.134621 1.065188 5.672151
v -2.083701 0.795191 5.525776
v -2.202468 1.480106 5.903132
v -1.781697 1.470165 6.017768
v -1.781697 1.514452 6.025000
v -1.916470 1.452879 6.006318
v -1.914936 1.493267 6.020996
v -1.915856 1.512198 6.054524
v -1.914936 1.493267 6.020996
v -1.784244 1.537114 6.055906
v -1.781697 1.514452 6.025000
v -2.059235 1.543169 6.053754
v -2.077343 1.519923 6.023558
v -2.077343 1.519923 6.023558
v -2.075667 1.479100 5.994563
v -1.533422 1.477752 6.017852
v -2.205096 1.625027 6.036381
v -1.480907 2.125267 5.551580
v -1.592698 1.964567 6.057199
v -1.536125 1.903400 6.047151
v -1.591874 1.763892 6.050580
v -1.617004 1.686724 6.052504
v -2.059235 1.543169 6.053754
v -2.179390 1.636863 6.054784
v -2.077343 1.519923 6.023558
v -2.033508 1.063861 5.792839
v -2.075667 1.479100 5.994563
v -2.134621 1.065188 5.672151
v -2.202468 1.480106 5.903132
v -2.134621 1.065188 5.672151
v -2.075667 1.479100 5.994563
v -1.984022 0.793771 5.654912
v -2.033508 1.063861 5.792839
v -2.083701 0.795191 5.525776
v -2.083701 0.795191 5.525776
v -2.033508 1.063861 5.792839
v -2.033508 1.063861 5.792839
v -1.984022 0.793771 5.654912
v -2.203896 1.583251 5.997424
v -2.203896 1.583251 5.997424
v -2.205096 1.625027 6.036381
v -1.397441 1.955876 5.987392
v -1.546552 1.998557 5.992985
v -1.622075 1.555871 6.026685
v -1.656739 1.597014 6.031102
v -1.397441 1.955876 5.987392
v -1.546552 1.998557 5.992985
v -1.386624 1.477752 6.017853
v -1.386122 1.093818 5.857454
v -1.386122 0.792607 5.733293
v -2.075869 2.390206 1.736854
v -1.989290 2.424335 1.738671
v -2.104642 2.393404 -0.117672
v -2.113325 2.376649 -0.411952
v -2.177686 2.362407 -0.117495
v -2.180722 2.344362 -0.411969
v -2.343590 2.183569 -0.413737
v -2.394001 2.044907 -0.415261
v -2.394005 0.819988 2.209072
v -2.408703 1.315243 2.214627
v -2.394460 0.843557 -0.428472
v -2.409315 1.342219 -0.422989
v -2.360795 0.433637 2.205135
v -2.361415 0.467968 -0.433883
v -2.378637 0.651429 -0.430586
v -2.405234 1.515955 2.216465
v -2.406311 1.545915 -0.420749
v -2.402691 1.823267 -0.417766
v -1.853096 3.391952 1.037432
v -1.844769 3.427659 0.937132
v -1.858786 3.332618 1.114399
v -1.937315 2.635084 1.823750
v -1.946424 2.569769 1.840944
v -1.963347 2.506151 1.818927
v -1.989290 2.424335 1.738671
v -1.976656 2.471205 1.738901
v -2.104642 2.393404 -0.117672
v -2.093078 2.446940 -0.115784
v -1.854663 3.392659 -0.223669
v -1.815702 3.534034 -0.461784
v -1.860503 3.363475 -0.284708
v -1.877302 3.305389 -0.321170
v -1.896222 3.235035 -0.327915
v -2.113325 2.376649 -0.411952
v -2.057306 2.612351 -0.281145
v -2.078450 2.523582 -0.256855
v -2.093182 2.471017 -0.214272
v -2.272886 2.261233 -0.412882
v -2.177686 2.362407 -0.117495
v -2.272886 2.261233 -0.412882
v -2.044255 2.446940 -0.115784
v -2.093078 2.446940 -0.115784
v -1.927833 2.471205 1.738901
v -1.976656 2.471205 1.738901
v -1.914523 2.506150 1.818927
v -1.963347 2.506151 1.818927
v -1.914523 2.506150 1.818927
v -1.963347 2.506151 1.818927
v -1.904185 2.569769 1.840944
v -1.946424 2.569769 1.840944
v -1.895077 2.635084 1.823750
v -1.937315 2.635084 1.823750
v -1.895077 2.635084 1.823750
v -1.937315 2.635084 1.823750
v -1.816548 3.332618 1.114399
v -1.858786 3.332618 1.114399
v -1.853096 3.391952 1.037432
v -1.810858 3.391952 1.037432
v -1.802530 3.427659 0.937132
v -1.844769 3.427659 0.937132
v -1.854663 3.392659 -0.223669
v -1.812424 3.392659 -0.223670
v -2.078450 2.523582 -0.256855
v -2.093182 2.471017 -0.214272
v -2.036212 2.523582 -0.256855
v -2.044359 2.471017 -0.214272
v -2.057306 2.612351 -0.281145
v -2.015067 2.612351 -0.281145
v -1.896222 3.235035 -0.327915
v -1.853984 3.235035 -0.327915
v -1.877302 3.305389 -0.321170
v -1.835064 3.305389 -0.321170
v -1.860503 3.363475 -0.284708
v -1.818265 3.363475 -0.284708
v -1.860503 3.363475 -0.284708
v -1.818265 3.363475 -0.284708
v -2.044359 2.471017 -0.214272
v -2.093182 2.471017 -0.214272
v -1.946792 3.097535 -2.467930
v -1.915038 3.184022 -2.584583
v -1.968997 3.023283 -2.533304
v -1.880303 3.304736 -2.358296
v -1.925146 3.184608 -2.319621
v -1.901256 3.238627 -0.614090
v -2.126394 2.420535 -2.459076
v -2.115591 2.462801 -2.501920
v -2.138243 2.331375 -2.683634
v -2.131707 2.399051 -2.405687
v -2.108875 2.448936 -0.626707
v -2.113278 2.426314 -0.709379
v -2.091708 2.507323 -0.580437
v -2.073143 2.577615 -0.562765
v -1.883321 3.308021 -0.631848
v -1.870078 3.358799 -0.664233
v -1.863199 3.384336 -0.715982
v -1.843602 3.402730 -2.051037
v -1.892995 3.269760 -2.024993
v -1.823125 3.453747 -1.750395
v -1.875309 3.318508 -1.731221
v -1.864673 3.363068 -1.209551
v -1.814349 3.494555 -1.231924
v -1.998349 2.917711 -2.578627
v -1.954868 3.046576 -2.748476
v -2.413901 1.348707 -1.092345
v -2.416705 1.551845 -0.962811
v -2.399565 0.876628 -1.412104
v -2.375425 0.497641 -1.845656
v -2.428283 1.823711 -0.850461
v -2.324969 2.100493 -2.686604
v -2.262793 2.215655 -2.685696
v -2.188300 2.290518 -2.684991
v -2.138243 2.331375 -2.683634
v -2.262793 2.215655 -2.685696
v -2.188300 2.290518 -2.684991
v -2.180722 2.344362 -0.411969
v -2.456068 1.871618 -0.957545
v -2.434407 1.946794 -0.941940
v -2.417653 1.971593 -2.021602
v -2.443816 1.877927 -2.022632
v -2.392265 1.943956 -2.686065
v -2.423780 1.860081 -2.687737
v -2.434407 1.946794 -0.941940
v -2.428283 1.823711 -0.850461
v -2.404652 1.975366 -0.935360
v -2.404652 1.975366 -0.935360
v -2.381230 2.002260 -2.021264
v -2.434407 1.946794 -0.941940
v -2.417653 1.971593 -2.021602
v -2.356969 1.973978 -2.686542
v -2.392265 1.943956 -2.686065
v -2.452410 1.757898 -0.997926
v -2.451944 1.776281 -2.025624
v -2.436996 1.771732 -2.689053
v -2.449577 1.176545 -2.695409
v -2.469951 1.161531 -2.086674
v -2.456508 1.334136 -2.693671
v -2.474817 1.328986 -2.057296
v -2.454555 1.496631 -2.691841
v -2.473550 1.507952 -2.039925
v -2.458904 1.349031 -1.281701
v -2.457864 1.544635 -1.150616
v -2.450555 1.062460 -2.388727
v -2.446572 1.022699 -2.329450
v -2.443112 1.101247 -2.695318
v -2.442590 0.967549 -2.292576
v -2.390987 0.497609 -2.140538
v -2.441898 1.058060 -1.488248
v -2.381230 2.002260 -2.021264
v -2.356969 1.973978 -2.686542
v -2.394001 2.044907 -0.415261
v -2.428283 1.823711 -0.850461
v -2.452410 1.757898 -0.997926
v -2.416705 1.551845 -0.962811
v -2.457864 1.544635 -1.150616
v -2.413901 1.348707 -1.092345
v -2.458904 1.349031 -1.281701
v -2.399565 0.876628 -1.412104
v -2.441898 1.058060 -1.488248
v -2.375425 0.497641 -1.845656
v -1.954868 3.046576 -2.748476
v -2.138243 2.331375 -2.683634
v -1.998349 2.917711 -2.578627
v -2.115591 2.462801 -2.501920
v -1.998349 2.917711 -2.578627
v -2.138243 2.331375 -2.683634
v -2.073143 2.577615 -0.562765
v -2.024498 2.577614 -0.562765
v -2.091708 2.507323 -0.580437
v -2.043063 2.507323 -0.580437
v -2.108875 2.448936 -0.626707
v -2.060231 2.448936 -0.626707
v -2.108875 2.448936 -0.626707
v -2.060231 2.448936 -0.626707
v -2.113278 2.426314 -0.709379
v -2.064634 2.426314 -0.709379
v -2.131707 2.399051 -2.405687
v -2.083062 2.399051 -2.405687
v -1.883321 3.308021 -0.631848
v -1.834677 3.308021 -0.631848
v -1.901256 3.238627 -0.614090
v -1.852611 3.238627 -0.614090
v -1.892995 3.269760 -2.024993
v -1.925146 3.184608 -2.319621
v -1.844351 3.269760 -2.024993
v -1.876502 3.184608 -2.319621
v -1.875309 3.318508 -1.731221
v -1.826665 3.318508 -1.731221
v -1.864673 3.363068 -1.209551
v -1.816028 3.363068 -1.209551
v -1.863199 3.384336 -0.715982
v -1.814554 3.384336 -0.715982
v -1.870078 3.358799 -0.664233
v -1.821433 3.358799 -0.664233
v -1.870078 3.358799 -0.664233
v -1.821433 3.358799 -0.664233
v -1.898147 3.097535 -2.467930
v -1.946792 3.097535 -2.467930
v -1.920353 3.023283 -2.533304
v -1.898147 3.097535 -2.467930
v -1.968997 3.023283 -2.533304
v -1.946792 3.097535 -2.467930
v -1.949705 2.917711 -2.578627
v -1.998349 2.917711 -2.578627
v -2.066947 2.462801 -2.501920
v -2.115591 2.462801 -2.501920
v -2.077750 2.420535 -2.459076
v -2.066947 2.462801 -2.501920
v -2.126394 2.420535 -2.459076
v -2.115591 2.462801 -2.501920
v -2.317015 2.088197 -3.261043
v -2.355434 1.947506 -3.262405
v -2.293875 2.046922 -3.819676
v -2.335260 1.912522 -3.820839
v -2.273998 2.003607 -4.378350
v -2.306038 1.863648 -4.379537
v -2.242551 1.947406 -4.937165
v -2.272960 1.814577 -4.940999
v -2.208134 1.897045 -5.435906
v -2.231426 1.765828 -5.435965
v -2.275482 2.179555 -3.260038
v -2.265098 2.136849 -3.818687
v -2.245073 2.078095 -4.377531
v -2.217037 2.027080 -4.936289
v -2.182105 1.982626 -5.434965
v -2.156202 1.923888 -5.935040
v -2.209621 2.211910 -3.817862
v -2.193452 2.162574 -4.376602
v -2.172982 2.106599 -4.935415
v -2.142129 2.056307 -5.434155
v -2.107125 2.011220 -5.915148
v -2.138243 2.331375 -2.683634
v -2.188300 2.290518 -2.684991
v -2.206061 2.260969 -3.259143
v -2.138410 2.282493 -3.817088
v -2.209621 2.211910 -3.817862
v -2.122658 2.226570 -4.375895
v -2.193452 2.162574 -4.376602
v -2.105543 2.166296 -4.934752
v -2.172982 2.106599 -4.935415
v -2.076550 2.106727 -5.433599
v -2.142129 2.056307 -5.434155
v -2.047593 2.057533 -5.904088
v -2.107125 2.011220 -5.915148
v -2.219105 0.655901 -5.446903
v -2.260668 0.598196 -4.956730
v -2.255456 0.822485 -5.445071
v -2.311824 0.799537 -4.954515
v -2.195307 0.766240 -6.068769
v -2.195381 0.875074 -6.066997
v -2.450961 1.325052 -3.273849
v -2.446733 1.481461 -3.272129
v -2.424557 1.296214 -3.827302
v -2.417437 1.466269 -3.825431
v -2.377091 1.225105 -4.386186
v -2.382542 1.448926 -4.383726
v -2.336001 1.116691 -4.951027
v -2.333183 1.421752 -4.947674
v -2.433903 1.733350 -3.269359
v -2.407054 1.676805 -3.823115
v -2.370044 1.595645 -4.382112
v -2.327991 1.504534 -4.946764
v -2.274220 1.408022 -5.438632
v -2.422777 1.828149 -3.268317
v -2.392962 1.771128 -3.822079
v -2.363591 1.705210 -4.380907
v -2.324135 1.635888 -4.945319
v -2.270734 1.569613 -5.436855
v -2.207619 1.353484 -6.060377
v -2.204577 1.496436 -6.028394
v -2.393407 1.920627 -3.264889
v -2.372937 1.871670 -3.820972
v -2.342528 1.807258 -4.379786
v -2.304110 1.743644 -4.944134
v -2.254714 1.684248 -5.435595
v -2.198941 1.635626 -5.996398
v -2.393407 1.920627 -3.264889
v -2.355434 1.947506 -3.262405
v -2.335260 1.912522 -3.820839
v -2.335260 1.912522 -3.820839
v -2.306038 1.863648 -4.379537
v -2.272960 1.814577 -4.940999
v -2.231426 1.765828 -5.435965
v -2.192355 1.711495 -5.977457
v -2.114020 1.316913 -6.225403
v -2.047976 1.316071 -6.240974
v -2.108736 0.878209 -6.329526
v -2.047976 0.878462 -6.352455
v -2.144502 1.320375 -6.200572
v -2.114020 1.316913 -6.225403
v -2.143062 0.877721 -6.285159
v -2.108736 0.878209 -6.329526
v -2.143062 0.877721 -6.285159
v -2.114020 1.316913 -6.225403
v -2.471371 1.056887 -2.712128
v -2.443112 1.101247 -2.695318
v -2.453409 1.059303 -3.277031
v -2.437314 1.085964 -3.276107
v -2.420403 1.040228 -3.833935
v -2.404310 1.068861 -3.831229
v -2.408983 1.022961 -4.033870
v -2.392888 1.053392 -4.033869
v -2.392517 0.983457 -4.187858
v -2.376422 1.012396 -4.213036
v -2.374717 0.889784 -4.307859
v -2.358623 0.918724 -4.333037
v -2.351057 0.748261 -4.375541
v -2.338228 0.769964 -4.408010
v -2.448618 0.952872 -2.712593
v -2.463957 0.986001 -2.713064
v -2.428044 0.956179 -3.277533
v -2.444138 0.988050 -3.279594
v -2.393556 0.939077 -3.832657
v -2.409650 0.970958 -3.835698
v -2.377016 0.925977 -4.027519
v -2.393111 0.961287 -4.030338
v -2.369970 0.896419 -4.134408
v -2.386065 0.928478 -4.153638
v -2.353728 0.814335 -4.238875
v -2.369822 0.846493 -4.267059
v -2.338228 0.700873 -4.291004
v -2.354321 0.733071 -4.322932
v -2.444138 0.988050 -3.279594
v -2.463957 0.986001 -2.713064
v -2.453409 1.059303 -3.277031
v -2.471371 1.056887 -2.712128
v -2.409650 0.970958 -3.835698
v -2.420403 1.040228 -3.833935
v -2.386065 0.928478 -4.153638
v -2.393111 0.961287 -4.030338
v -2.392517 0.983457 -4.187858
v -2.408983 1.022961 -4.033870
v -2.354321 0.733071 -4.322932
v -2.369822 0.846493 -4.267059
v -2.351057 0.748261 -4.375541
v -2.374717 0.889784 -4.307859
v -2.437314 1.085964 -3.276107
v -2.404310 1.068861 -3.831229
v -2.392888 1.053392 -4.033869
v -2.376422 1.012396 -4.213036
v -2.358623 0.918724 -4.333037
v -2.338228 0.769964 -4.408010
v -2.296193 0.546294 -4.421466
v -2.287872 0.494130 -4.334832
v -2.287872 0.494130 -4.334832
v -2.292073 0.497175 -4.389594
v -2.292073 0.497175 -4.389594
v -2.296193 0.546294 -4.421466
v -2.206061 2.260969 -3.259143
v -2.188300 2.290518 -2.684991
v -2.362105 0.294834 2.222591
v -2.361263 0.325389 -0.438350
v -2.390987 0.497609 -2.140538
v -2.436365 0.699159 -2.255275
v -2.390219 0.462949 -2.213493
v -2.463678 0.968630 -2.491833
v -2.449097 0.934328 -2.500772
v -2.360711 0.345430 -2.183775
v -2.385637 0.439496 -2.209344
v -2.360711 0.345430 -2.183775
v -2.385637 0.439496 -2.209344
v -2.373878 0.381559 -2.281887
v -2.359298 0.347438 -2.307298
v -2.462293 0.934398 -2.432837
v -2.443336 0.901073 -2.448485
v -2.460909 0.884777 -2.396245
v -2.437575 0.852429 -2.418602
v -2.386702 0.463125 -2.296050
v -2.390219 0.462949 -2.213493
v -2.416723 0.654087 -2.329210
v -2.436365 0.699159 -2.255275
v -2.377496 0.463192 -2.327397
v -2.386702 0.463125 -2.296050
v -2.402143 0.619967 -2.354619
v -2.416723 0.654087 -2.329210
v -2.477079 0.982312 -2.359851
v -2.446572 1.022699 -2.329450
v -2.481460 1.019309 -2.415867
v -2.450555 1.062460 -2.388727
v -2.463678 0.968630 -2.491833
v -2.462293 0.934398 -2.432837
v -2.481460 1.019309 -2.415867
v -2.477079 0.982312 -2.359851
v -2.442590 0.967549 -2.292576
v -2.472698 0.929927 -2.326239
v -2.472698 0.929927 -2.326239
v -2.460909 0.884777 -2.396245
v -2.193542 0.582809 5.192038
v -2.162288 0.730974 -6.069156
v -2.187645 0.601834 -5.447497
v -2.229207 0.538569 -4.957385
v -2.272408 0.500253 -4.421937
v -2.272408 0.500253 -4.421937
v -1.744759 3.598237 1.291034
v -1.751539 3.503709 1.375041
v -2.192355 1.711495 -5.977457
v -2.175747 0.876789 -6.210073
v -2.144502 1.320375 -6.200572
v -2.143062 0.877721 -6.285159
v -2.047976 1.316071 -6.240974
v -1.951513 1.320320 -6.195291
v -2.047976 0.878462 -6.352455
v -1.951513 0.877897 -6.300843
v -2.344712 0.293953 2.814155
v 0.000000 0.296145 2.201164
v -2.362105 0.294834 2.222591
v -2.361263 0.325389 -0.438350
v 0.000000 0.562150 5.129036
v -1.389246 0.563314 5.130093
v 0.000000 0.294547 2.824588
v -1.387680 0.294289 2.823604
v -2.229207 0.538569 -4.957385
v 0.000000 0.538569 -4.957383
v -1.372644 0.500119 -4.420585
v 0.000000 0.499800 -4.420951
v -2.187645 0.601834 -5.447497
v -1.867526 0.601936 -5.447513
v -1.867610 0.730954 -6.069149
v -2.162288 0.730974 -6.069156
v 0.000000 0.347428 -2.307132
v -1.374699 0.347429 -2.307133
v -2.384414 0.771686 -2.338010
v -1.373148 0.771511 -2.322123
v -2.359298 0.347438 -2.307298
v -1.374699 0.347429 -2.307133
v -2.272408 0.500253 -4.421937
v -1.372644 0.500119 -4.420585
v -2.287472 0.793373 -4.310163
v -1.373149 0.793373 -4.310163
v -1.373149 0.793373 -4.310163
v -1.372644 0.500119 -4.420585
v -1.374699 0.347429 -2.307133
v -1.373149 1.251770 -4.038743
v -2.310179 1.251770 -4.038741
v -1.373149 1.513044 -3.574488
v -2.304631 1.513044 -3.574487
v -1.373149 1.251770 -4.038743
v -2.310179 1.251770 -4.038741
v -1.373149 1.251770 -4.038743
v -1.373149 1.513044 -3.574488
v -1.373148 1.507186 -3.041795
v -2.331330 1.507186 -3.041794
v -1.373148 1.235766 -2.583396
v -2.357702 1.235766 -2.583396
v -1.373148 1.235766 -2.583396
v -2.357702 1.235766 -2.583396
v -1.373148 1.235766 -2.583396
v -1.373148 0.771511 -2.322123
v -1.373148 1.507186 -3.041795
v -2.344712 0.293953 2.814155
v 0.000000 0.621733 5.316017
v -1.392033 0.622596 5.315655
v -1.388145 1.482116 4.434031
v -1.388145 1.490170 3.743093
v -1.388145 1.399659 4.750856
v -1.388146 1.387545 3.406765
v -1.389246 0.563314 5.130093
v -2.213172 0.563128 5.129295
v -1.388145 1.186014 4.952995
v -2.222587 1.186013 4.952995
v -1.388145 1.399659 4.750856
v -2.248617 1.399659 4.750857
v -1.388145 1.399659 4.750856
v -2.248617 1.399659 4.750857
v -1.388145 1.482116 4.434031
v -2.266709 1.482116 4.434032
v -2.270911 1.490170 3.743094
v -1.388145 1.490170 3.743093
v -1.388146 1.387545 3.406765
v -2.286806 1.387545 3.406765
v -2.286806 1.387545 3.406765
v -2.303506 0.986717 3.144157
v -1.388146 1.387545 3.406765
v -1.388146 0.986717 3.144157
v -1.387680 0.294289 2.823604
v -2.344712 0.293953 2.814155
v -1.388145 1.186014 4.952995
v -1.388146 0.986717 3.144157
v -1.388145 1.186014 4.952995
v -1.388146 0.986717 3.144157
v -1.389246 0.563314 5.130093
v -1.387680 0.294289 2.823604
v -1.389246 0.563314 5.130093
v -1.388146 0.986717 3.144157
v 0.000000 0.789996 5.732267
v -1.386122 0.792607 5.733293
v -1.984022 0.793771 5.654912
v -2.083701 0.795191 5.525776
v -1.781692 0.792607 5.733292
v -2.154311 0.623133 5.317290
v -1.781692 0.792607 5.733292
v -2.083701 0.795191 5.525776
v -1.781692 0.792607 5.733292
v -2.154311 0.623133 5.317290
v -1.533422 0.792607 5.733292
v -2.193542 0.582809 5.192038
v -2.213172 0.563128 5.129295
v -2.402143 0.619967 -2.354619
v -2.384414 0.771686 -2.338010
v -2.377496 0.463192 -2.327397
v -2.287472 0.793373 -4.310163
v -2.338228 0.700873 -4.291004
v -2.272408 0.500253 -4.421937
v -2.287872 0.494130 -4.334832
v -2.272408 0.500253 -4.421937
v -2.338228 0.700873 -4.291004
v -2.353728 0.814335 -4.238875
v -2.304631 1.513044 -3.574487
v -2.393556 0.939077 -3.832657
v -2.310179 1.251770 -4.038741
v -2.377016 0.925977 -4.027519
v -2.369970 0.896419 -4.134408
v -2.287472 0.793373 -4.310163
v -2.369970 0.896419 -4.134408
v -2.428044 0.956179 -3.277533
v -2.357702 1.235766 -2.583396
v -2.448618 0.952872 -2.712593
v -2.331330 1.507186 -3.041794
v -2.449097 0.934328 -2.500772
v -2.357702 1.235766 -2.583396
v -2.384414 0.771686 -2.338010
v -2.449097 0.934328 -2.500772
v -2.449097 0.934328 -2.500772
v -2.384414 0.771686 -2.338010
v -2.443336 0.901073 -2.448485
v -2.443336 0.901073 -2.448485
v -2.384414 0.771686 -2.338010
v -2.437575 0.852429 -2.418602
v -2.437575 0.852429 -2.418602
v -2.292073 0.497175 -4.389594
v -2.272408 0.500253 -4.421937
v -2.287872 0.494130 -4.334832
v -1.079715 0.730901 -6.069126
v -0.757379 0.879882 -6.291843
v 0.000000 0.730829 -6.069096
v 0.000000 0.881142 -6.319839
v 0.000000 0.602532 -5.447610
v -1.079715 0.730901 -6.069126
v 0.000000 0.730829 -6.069096
v -1.263500 0.879612 -6.246620
v -1.497867 0.879013 -6.212768
v -1.497867 0.879013 -6.212768
v -1.079715 0.730901 -6.069126
v -1.867610 0.730954 -6.069149
v -1.701799 0.878310 -6.148857
v -1.867608 0.876127 -6.059611
v -1.886872 0.876200 -6.169036
v -1.867608 0.876127 -6.059611
v -1.867610 0.730954 -6.069149
v -1.951513 0.877897 -6.300843
v -2.047976 0.878462 -6.352455
v -1.951513 0.877897 -6.300843
v -1.867610 0.730954 -6.069149
v -2.162288 0.730974 -6.069156
v -2.108736 0.878209 -6.329526
v -2.143062 0.877721 -6.285159
v -2.108736 0.878209 -6.329526
v -2.162288 0.730974 -6.069156
v -2.195307 0.766240 -6.068769
v -2.175747 0.876789 -6.210073
v -2.143062 0.877721 -6.285159
v -2.162288 0.730974 -6.069156
v -2.175747 0.876789 -6.210073
v -2.195381 0.875074 -6.066997
v -2.195307 0.766240 -6.068769
v -2.402691 1.823267 -0.417766
v -2.404652 1.975366 -0.935360
v -2.350683 0.417728 2.866925
v -2.359298 0.347438 -2.307298
v -2.373878 0.381559 -2.281887
v -2.359298 0.347438 -2.307298
v -2.290618 1.099744 4.936045
v -2.315291 1.114490 4.949203
v -2.301043 1.173811 4.894762
v -2.326093 1.186944 4.909372
v -2.336895 1.259397 4.848980
v -2.343428 1.312299 4.779419
v -2.311468 1.247878 4.832920
v -2.317533 1.296389 4.765969
v -2.364097 1.366713 3.611759
v -2.356999 1.386955 3.794211
v -2.391026 1.383230 3.611941
v -2.383927 1.402836 3.794386
v -2.398747 1.297230 3.434196
v -2.400902 1.227408 3.361653
v -2.371775 1.284442 3.444811
v -2.373954 1.212478 3.372165
v -2.376503 0.918067 3.176677
v -2.376133 1.129906 3.304746
v -2.403433 0.951921 3.174923
v -2.403057 1.146978 3.294338
v -2.403433 0.951921 3.174923
v -2.376133 1.129906 3.304746
v -2.311820 1.154513 4.993611
v -2.287538 1.193625 4.995186
v -2.322500 1.229808 4.952888
v -2.297689 1.270294 4.953606
v -2.333180 1.305104 4.891605
v -2.307840 1.346962 4.891465
v -2.340982 1.370778 4.818099
v -2.316522 1.412192 4.819142
v -2.391731 1.469104 3.594810
v -2.383927 1.490654 3.795352
v -2.363415 1.511555 3.594931
v -2.356900 1.532035 3.794335
v -2.372026 1.407604 3.395776
v -2.374344 1.332989 3.323063
v -2.399532 1.368206 3.397421
v -2.401482 1.294000 3.324403
v -2.403433 1.002369 3.139306
v -2.403433 1.209186 3.256610
v -2.380275 1.031222 3.128487
v -2.376661 1.247766 3.255577
v -2.380275 1.031222 3.128487
v -2.403433 1.209186 3.256610
v -2.315291 1.114490 4.949203
v -2.311820 1.154513 4.993611
v -2.326093 1.186944 4.909372
v -2.322500 1.229808 4.952888
v -2.333180 1.305104 4.891605
v -2.340982 1.370778 4.818099
v -2.336895 1.259397 4.848980
v -2.343428 1.312299 4.779419
v -2.391026 1.383230 3.611941
v -2.383927 1.402836 3.794386
v -2.391731 1.469104 3.594810
v -2.383927 1.490654 3.795352
v -2.399532 1.368206 3.397421
v -2.401482 1.294000 3.324403
v -2.398747 1.297230 3.434196
v -2.400902 1.227408 3.361653
v -2.403433 0.951921 3.174923
v -2.403057 1.146978 3.294338
v -2.403433 1.002369 3.139306
v -2.403433 1.209186 3.256610
v -2.337348 1.527099 4.425840
v -2.364423 1.486198 4.426598
v -2.364423 1.486198 4.426598
v -2.364423 1.398379 4.425632
v -2.337496 1.378916 4.425418
v -2.364423 1.398379 4.425632
v -2.331276 1.508924 4.579733
v -2.356603 1.467989 4.579000
v -2.356603 1.467989 4.579000
v -2.357193 1.388453 4.561150
v -2.357193 1.388453 4.561150
v -2.330547 1.368572 4.555623
v -2.367720 1.470622 3.491565
v -2.395631 1.429696 3.492327
v -2.395631 1.429696 3.492327
v -2.394886 1.351272 3.519280
v -2.394886 1.351272 3.519280
v -2.367936 1.336620 3.524497
v -2.403433 0.951921 3.174923
v -2.359138 0.417914 2.947378
v -2.376503 0.918067 3.176677
v -2.348574 0.417943 2.959855
v -2.376503 0.918067 3.176677
v -2.359138 0.417914 2.947378
v -2.359138 0.417914 2.947378
v -2.358168 0.417769 2.884793
v -2.348601 0.295170 2.895784
v -2.348601 0.294209 2.830999
v -2.350683 0.417728 2.866925
v -2.403433 1.002369 3.139306
v -2.358168 0.417769 2.884793
v -2.350683 0.417728 2.866925
v -2.337348 1.527099 4.425840
v -2.356900 1.532035 3.794335
v -2.331276 1.508924 4.579733
v -2.380275 1.031222 3.128487
v -2.193542 0.582809 5.192038
v -2.239356 0.578855 5.179144
v -2.240533 0.565949 5.139605
v -2.239356 0.578855 5.179144
v -2.213172 0.563128 5.129295
v -2.240533 0.565949 5.139605
v -2.290618 1.099744 4.936045
v -2.315291 1.114490 4.949203
v -2.287538 1.193625 4.995186
v -2.297689 1.270294 4.953606
v -2.316522 1.412192 4.819142
v -2.325205 1.469876 4.733626
v -2.363415 1.511555 3.594931
v -2.367720 1.470622 3.491565
v -2.372026 1.407604 3.395776
v -2.376661 1.247766 3.255577
v -2.374344 1.332989 3.323063
v -2.222587 1.186013 4.952995
v -2.213172 0.563128 5.129295
v -2.290618 1.099744 4.936045
v -2.301043 1.173811 4.894762
v -2.330547 1.368572 4.555623
v -2.248617 1.399659 4.750857
v -2.323598 1.337355 4.685827
v -2.337496 1.378916 4.425418
v -2.356999 1.386955 3.794211
v -2.266709 1.482116 4.434032
v -2.270911 1.490170 3.743094
v -2.364097 1.366713 3.611759
v -2.373954 1.212478 3.372165
v -2.286806 1.387545 3.406765
v -2.371775 1.284442 3.444811
v -2.376503 0.918067 3.176677
v -2.348574 0.417943 2.959855
v -2.303506 0.986717 3.144157
v -2.344712 0.293953 2.814155
v -2.303506 0.986717 3.144157
v -2.348574 0.417943 2.959855
v -2.248617 1.399659 4.750857
v -2.222587 1.186013 4.952995
v -2.311468 1.247878 4.832920
v -2.317533 1.296389 4.765969
v -2.311468 1.247878 4.832920
v -2.303506 0.986717 3.144157
v -2.286806 1.387545 3.406765
v -2.376133 1.129906 3.304746
v -2.376503 0.918067 3.176677
v -2.286806 1.387545 3.406765
v -2.270911 1.490170 3.743094
v -2.364097 1.366713 3.611759
v -2.367936 1.336620 3.524497
v -2.364097 1.366713 3.611759
v -2.348601 0.295170 2.895784
v -2.348601 0.294209 2.830999
v -2.341566 0.296981 2.908107
v -2.344712 0.293953 2.814155
v -2.239356 0.578855 5.179144
v -2.240533 0.565949 5.139605
v -2.341566 0.296981 2.908107
v -2.348601 0.295170 2.895784
v -2.348601 0.294209 2.830999
v -2.344712 0.293953 2.814155
v -2.341566 0.296981 2.908107
v -2.317533 1.296389 4.765969
v -2.343428 1.312299 4.779419
v -2.323598 1.337355 4.685827
v -2.349962 1.357656 4.696667
v -2.323598 1.337355 4.685827
v -2.348783 1.428908 4.731402
v -2.325205 1.469876 4.733626
v -2.349962 1.357656 4.696667
v -2.348783 1.428908 4.731402
v -2.322500 1.229808 4.952888
v -2.297689 1.270294 4.953606
v -2.333180 1.305104 4.891605
v -2.307840 1.346962 4.891465
v -2.307840 1.346962 4.891465
v -2.323598 1.337355 4.685827
v -2.349962 1.357656 4.696667
v -2.371775 1.284442 3.444811
v -2.398747 1.297230 3.434196
v -2.403057 1.146978 3.294338
v -2.374344 1.332989 3.323063
v -2.401482 1.294000 3.324403
v -2.301043 1.173811 4.894762
v -2.373954 1.212478 3.372165
v -2.272408 0.500253 -4.421937
v -2.360711 0.345430 -2.183775
v -2.359298 0.347438 -2.307298
v -2.126666 1.921840 5.814502
v -2.137752 1.849887 5.812812
v -2.094840 1.984297 5.815299
v -2.045089 2.034044 5.815947
v -2.094840 1.984297 5.815299
v -1.982401 2.065983 5.816380
v -2.094840 1.984297 5.815299
v -2.137752 1.849887 5.812812
v -1.982401 2.065983 5.816380
v -1.912910 2.076988 5.816556
v -1.843420 2.065982 5.816456
v -1.780702 2.034028 5.816092
v -1.843420 2.065982 5.816456
v -1.730849 1.984237 5.814641
v -1.843420 2.065982 5.816456
v -1.982401 2.065983 5.816380
v -1.730849 1.984237 5.814641
v -1.703674 1.928923 5.814539
v -1.730849 1.984237 5.814641
v -1.692625 1.873988 5.813968
v -1.705276 1.792939 5.808451
v -1.692625 1.873988 5.813968
v -1.721950 1.741729 5.810578
v -1.692625 1.873988 5.813968
v -1.730849 1.984237 5.814641
v -1.721950 1.741729 5.810578
v -1.730849 1.984237 5.814641
v -1.982401 2.065983 5.816380
v -1.721950 1.741729 5.810578
v -1.982401 2.065983 5.816380
v -2.137752 1.849887 5.812812
v -1.721950 1.741729 5.810578
v -1.752387 1.699295 5.815044
v -1.721950 1.741729 5.810578
v -1.828979 1.648695 5.814378
v -1.914601 1.632489 5.813020
v -1.828979 1.648695 5.814378
v -2.009088 1.652902 5.812112
v -1.828979 1.648695 5.814378
v -1.721950 1.741729 5.810578
v -2.009088 1.652902 5.812112
v -1.721950 1.741729 5.810578
v -2.137752 1.849887 5.812812
v -2.009088 1.652902 5.812112
v -2.137752 1.849887 5.812812
v -2.126690 1.778903 5.812764
v -2.009088 1.652902 5.812112
v -2.126690 1.778903 5.812764
v -2.090551 1.716425 5.812855
v -2.009088 1.652902 5.812112
v -2.126690 1.778903 5.812764
v -2.237680 1.737635 6.055028
v -2.090551 1.716425 5.812855
v -2.179390 1.636863 6.054784
v -2.090551 1.716425 5.812855
v -2.237680 1.737635 6.055028
v -2.090551 1.716425 5.812855
v -2.179390 1.636863 6.054784
v -2.009088 1.652902 5.812112
v -2.059235 1.543169 6.053754
v -2.009088 1.652902 5.812112
v -2.179390 1.636863 6.054784
v -2.009088 1.652902 5.812112
v -2.059235 1.543169 6.053754
v -1.914601 1.632489 5.813020
v -1.915856 1.512198 6.054524
v -1.914601 1.632489 5.813020
v -2.059235 1.543169 6.053754
v -1.914601 1.632489 5.813020
v -1.915856 1.512198 6.054524
v -1.828979 1.648695 5.814378
v -1.784244 1.537114 6.055906
v -1.828979 1.648695 5.814378
v -1.915856 1.512198 6.054524
v -1.828979 1.648695 5.814378
v -1.784244 1.537114 6.055906
v -1.752387 1.699295 5.815044
v -1.670390 1.612334 6.056733
v -1.752387 1.699295 5.815044
v -1.784244 1.537114 6.055906
v -1.752387 1.699295 5.815044
v -1.670390 1.612334 6.056733
v -1.721950 1.741729 5.810578
v -1.617004 1.686724 6.052504
v -1.721950 1.741729 5.810578
v -1.670390 1.612334 6.056733
v -1.721950 1.741729 5.810578
v -1.617004 1.686724 6.052504
v -1.705276 1.792939 5.808451
v -1.591874 1.763892 6.050580
v -1.705276 1.792939 5.808451
v -1.617004 1.686724 6.052504
v -1.705276 1.792939 5.808451
v -1.591874 1.763892 6.050580
v -1.692625 1.873988 5.813968
v -1.574599 1.874586 6.056335
v -1.692625 1.873988 5.813968
v -1.591874 1.763892 6.050580
v -1.692625 1.873988 5.813968
v -1.574599 1.874586 6.056335
v -1.703674 1.928923 5.814539
v -1.592698 1.964567 6.057199
v -1.703674 1.928923 5.814539
v -1.574599 1.874586 6.056335
v -1.703674 1.928923 5.814539
v -1.592698 1.964567 6.057199
v -1.730849 1.984237 5.814641
v -1.635006 2.050684 6.057569
v -1.730849 1.984237 5.814641
v -1.592698 1.964567 6.057199
v -1.730849 1.984237 5.814641
v -1.635006 2.050684 6.057569
v -1.780702 2.034028 5.816092
v -1.711463 2.127048 6.059264
v -1.780702 2.034028 5.816092
v -1.635006 2.050684 6.057569
v -1.780702 2.034028 5.816092
v -1.711463 2.127048 6.059264
v -1.843420 2.065982 5.816456
v -1.806884 2.175664 6.059799
v -1.843420 2.065982 5.816456
v -1.711463 2.127048 6.059264
v -1.843420 2.065982 5.816456
v -1.806884 2.175664 6.059799
v -1.912910 2.076988 5.816556
v -1.912655 2.192416 6.059983
v -1.912910 2.076988 5.816556
v -1.806884 2.175664 6.059799
v -1.912910 2.076988 5.816556
v -1.912655 2.192416 6.059983
v -1.982401 2.065983 5.816380
v -2.018429 2.175664 6.059799
v -1.982401 2.065983 5.816380
v -1.912655 2.192416 6.059983
v -1.982401 2.065983 5.816380
v -2.018429 2.175664 6.059799
v -2.045089 2.034044 5.815947
v -2.113847 2.127048 6.059264
v -2.045089 2.034044 5.815947
v -2.018429 2.175664 6.059799
v -2.045089 2.034044 5.815947
v -2.113847 2.127048 6.059264
v -2.094840 1.984297 5.815299
v -2.189574 2.051328 6.058431
v -2.094840 1.984297 5.815299
v -2.113847 2.127048 6.059264
v -2.094840 1.984297 5.815299
v -2.189574 2.051328 6.058431
v -2.126666 1.921840 5.814502
v -2.238193 1.955915 6.057383
v -2.126666 1.921840 5.814502
v -2.189574 2.051328 6.058431
v -2.126666 1.921840 5.814502
v -2.238193 1.955915 6.057383
v -2.137752 1.849887 5.812812
v -2.254848 1.847802 6.055403
v -2.137752 1.849887 5.812812
v -2.238193 1.955915 6.057383
v -2.137752 1.849887 5.812812
v -2.254848 1.847802 6.055403
v -2.126690 1.778903 5.812764
v -2.237680 1.737635 6.055028
v -2.126690 1.778903 5.812764
v -2.254848 1.847802 6.055403
v 0.000000 1.612262 5.774903
v -1.282935 0.789068 5.307931
v 0.000000 0.792508 5.296817
v -1.281890 1.382486 5.540168
v -1.281390 1.000411 5.380551
v -1.258037 1.528768 5.580866
v -1.016485 1.552347 5.640627
v -1.258037 1.528768 5.580866
v -0.660540 1.581569 5.705480
v -1.258037 1.528768 5.580866
v -1.281390 1.000411 5.380551
v -0.660540 1.581569 5.705480
v -0.241896 1.601551 5.762322
v -0.660540 1.581569 5.705480
v 0.000000 1.612262 5.774903
v -0.660540 1.581569 5.705480
v -1.281390 1.000411 5.380551
v 0.000000 1.612262 5.774903
v 0.000000 1.612262 5.774903
v -1.281390 1.000411 5.380551
v -1.282935 0.789068 5.307931
v -1.281890 1.382486 5.540168
v -1.386624 1.477752 6.017853
v -1.281390 1.000411 5.380551
v -1.386122 1.093818 5.857454
v -1.281390 1.000411 5.380551
v -1.386122 1.093818 5.857454
v -1.282935 0.789068 5.307931
v -1.386122 0.792607 5.733293
v -1.282935 0.789068 5.307931
v -1.386122 1.093818 5.857454
v -1.282935 0.789068 5.307931
v -1.386122 0.792607 5.733293
v 0.000000 0.792508 5.296817
v 0.000000 0.789996 5.732267
v 0.000000 0.792508 5.296817
v -1.386122 0.792607 5.733293
v 0.000000 1.612262 5.774903
v 0.000000 1.794713 6.311543
v -0.241896 1.601551 5.762322
v -0.250175 1.787664 6.290233
v -0.241896 1.601551 5.762322
v 0.000000 1.794713 6.311543
v -0.241896 1.601551 5.762322
v -0.250175 1.787664 6.290233
v -0.660540 1.581569 5.705480
v -0.673066 1.767492 6.232780
v -0.660540 1.581569 5.705480
v -0.250175 1.787664 6.290233
v -0.660540 1.581569 5.705480
v -0.673066 1.767492 6.232780
v -1.016485 1.552347 5.640627
v -1.033061 1.737907 6.167269
v -1.016485 1.552347 5.640627
v -0.673066 1.767492 6.232780
v -1.016485 1.552347 5.640627
v -1.033061 1.737907 6.167269
v -1.258037 1.528768 5.580866
v -1.266963 1.712952 6.119491
v -1.258037 1.528768 5.580866
v -1.033061 1.737907 6.167269
v -1.258037 1.528768 5.580866
v -1.266963 1.712952 6.119491
v -1.374568 1.696598 6.075961
v -1.258037 1.528768 5.580866
v -1.374568 1.696598 6.075961
v -1.281890 1.382486 5.540168
v -1.386624 1.477752 6.017853
v -1.281890 1.382486 5.540168
v -1.374568 1.696598 6.075961
v -1.930444 1.212855 -5.913810
v -2.162616 1.212655 -5.912871
v -1.932629 1.313369 -5.899557
v -2.159718 1.352566 -5.890197
v -1.932629 1.313369 -5.899557
v -2.162616 1.212655 -5.912871
v -1.932629 1.313369 -5.899557
v -2.159718 1.352566 -5.890197
v -1.938250 1.471653 -5.862301
v -2.154138 1.490380 -5.858502
v -1.938250 1.471653 -5.862301
v -2.159718 1.352566 -5.890197
v -2.154138 1.490380 -5.858502
v -2.147787 1.563480 -5.840018
v -1.938250 1.471653 -5.862301
v -1.955811 1.670673 -5.817757
v -1.938250 1.471653 -5.862301
v -2.147787 1.563480 -5.840018
v -2.147787 1.563480 -5.840018
v -2.113180 1.766798 -5.799462
v -1.955811 1.670673 -5.817757
v -1.974170 1.736670 -5.805205
v -1.955811 1.670673 -5.817757
v -2.113180 1.766798 -5.799462
v -1.974170 1.736670 -5.805205
v -2.113180 1.766798 -5.799462
v -1.991761 1.784721 -5.795987
v -2.072034 1.840085 -5.783098
v -1.991761 1.784721 -5.795987
v -2.113180 1.766798 -5.799462
v -2.046849 1.859657 -5.778334
v -2.024622 1.843125 -5.782810
v -2.072034 1.840085 -5.783098
v -1.991761 1.784721 -5.795987
v -2.072034 1.840085 -5.783098
v -2.024622 1.843125 -5.782810
v -2.107624 1.182211 -6.034636
v -2.162616 1.212655 -5.912871
v -1.984821 1.183079 -6.023582
v -1.930444 1.212855 -5.913810
v -1.984821 1.183079 -6.023582
v -2.162616 1.212655 -5.912871
v -2.093450 1.179242 -6.046012
v -2.107624 1.182211 -6.034636
v -2.052778 1.179076 -6.055646
v -1.984821 1.183079 -6.023582
v -2.052778 1.179076 -6.055646
v -2.107624 1.182211 -6.034636
v -1.972699 1.935801 -5.932756
v -1.951142 1.945294 -5.930671
v -1.954268 1.885474 -5.942507
v -1.931772 1.892429 -5.941046
v -1.954268 1.885474 -5.942507
v -1.951142 1.945294 -5.930671
v -1.954268 1.885474 -5.942507
v -1.931772 1.892429 -5.941046
v -1.935186 1.816896 -5.955622
v -1.911883 1.820967 -5.954801
v -1.935186 1.816896 -5.955622
v -1.931772 1.892429 -5.941046
v -1.935186 1.816896 -5.955622
v -1.911883 1.820967 -5.954801
v -1.917415 1.615481 -6.000657
v -1.893876 1.616874 -6.000380
v -1.917415 1.615481 -6.000657
v -1.911883 1.820967 -5.954801
v -1.917415 1.615481 -6.000657
v -1.893876 1.616874 -6.000380
v -1.911770 1.456537 -6.038096
v -1.888205 1.457187 -6.037995
v -1.911770 1.456537 -6.038096
v -1.888205 1.457187 -6.037995
v -1.909562 1.354484 -6.057069
v -1.885956 1.353470 -6.062256
v -1.909562 1.354484 -6.057069
v -1.888205 1.457187 -6.037995
v -1.909562 1.354484 -6.057069
v -1.885956 1.353470 -6.062256
v -1.969213 1.322982 -6.177790
v -1.951513 1.320320 -6.195291
v -1.969213 1.322982 -6.177790
v -1.885956 1.353470 -6.062256
v -1.969213 1.322982 -6.177790
v -1.951513 1.320320 -6.195291
v -2.050624 1.318751 -6.216275
v -2.047976 1.316071 -6.240974
v -2.050624 1.318751 -6.216275
v -1.951513 1.320320 -6.195291
v -2.050624 1.318751 -6.216275
v -2.047976 1.316071 -6.240974
v -2.103280 1.319263 -6.203843
v -2.114020 1.316913 -6.225403
v -2.103280 1.319263 -6.203843
v -2.047976 1.316071 -6.240974
v -2.103280 1.319263 -6.203843
v -2.114020 1.316913 -6.225403
v -2.125149 1.322583 -6.186119
v -2.144502 1.320375 -6.200572
v -2.125149 1.322583 -6.186119
v -2.114020 1.316913 -6.225403
v -2.125149 1.322583 -6.186119
v -2.144502 1.320375 -6.200572
v -2.183983 1.354392 -6.055665
v -2.207619 1.353484 -6.060377
v -2.183983 1.354392 -6.055665
v -2.144502 1.320375 -6.200572
v -2.183983 1.354392 -6.055665
v -2.207619 1.353484 -6.060377
v -2.181013 1.495755 -6.028600
v -2.204577 1.496436 -6.028394
v -2.181013 1.495755 -6.028600
v -2.207619 1.353484 -6.060377
v -2.181013 1.495755 -6.028600
v -2.204577 1.496436 -6.028394
v -2.175406 1.634220 -5.996769
v -2.198941 1.635626 -5.996398
v -2.175406 1.634220 -5.996769
v -2.204577 1.496436 -6.028394
v -2.175406 1.634220 -5.996769
v -2.198941 1.635626 -5.996398
v -2.168945 1.708627 -5.978071
v -2.192355 1.711495 -5.977457
v -2.168945 1.708627 -5.978071
v -2.198941 1.635626 -5.996398
v -2.168945 1.708627 -5.978071
v -2.192355 1.711495 -5.977457
v -2.133607 1.916232 -5.936643
v -2.156202 1.923888 -5.935040
v -2.133607 1.916232 -5.936643
v -2.192355 1.711495 -5.977457
v -2.133607 1.916232 -5.936643
v -2.156202 1.923888 -5.935040
v -2.088717 1.996148 -5.918611
v -2.107125 2.011220 -5.915148
v -2.088717 1.996148 -5.918611
v -2.156202 1.923888 -5.935040
v -2.088717 1.996148 -5.918611
v -2.107125 2.011220 -5.915148
v -2.047316 2.028350 -5.910891
v -2.047593 2.057533 -5.904088
v -2.047316 2.028350 -5.910891
v -2.107125 2.011220 -5.915148
v -2.047316 2.028350 -5.910891
v -2.047593 2.057533 -5.904088
v -2.008481 1.999382 -5.918344
v -1.990189 2.014658 -5.914865
v -2.008481 1.999382 -5.918344
v -2.047593 2.057533 -5.904088
v -2.008481 1.999382 -5.918344
v -1.990189 2.014658 -5.914865
v -1.972699 1.935801 -5.932756
v -1.951142 1.945294 -5.930671
v -1.972699 1.935801 -5.932756
v -1.990189 2.014658 -5.914865
v -1.991761 1.784721 -5.795987
v -1.972699 1.935801 -5.932756
v -1.974170 1.736670 -5.805205
v -1.954268 1.885474 -5.942507
v -1.974170 1.736670 -5.805205
v -1.972699 1.935801 -5.932756
v -1.974170 1.736670 -5.805205
v -1.954268 1.885474 -5.942507
v -1.955811 1.670673 -5.817757
v -1.935186 1.816896 -5.955622
v -1.955811 1.670673 -5.817757
v -1.954268 1.885474 -5.942507
v -1.955811 1.670673 -5.817757
v -1.935186 1.816896 -5.955622
v -1.938250 1.471653 -5.862301
v -1.917415 1.615481 -6.000657
v -1.938250 1.471653 -5.862301
v -1.938250 1.471653 -5.862301
v -1.917415 1.615481 -6.000657
v -1.932629 1.313369 -5.899557
v -1.911770 1.456537 -6.038096
v -1.932629 1.313369 -5.899557
v -1.911770 1.456537 -6.038096
v -1.930444 1.212855 -5.913810
v -1.909562 1.354484 -6.057069
v -1.930444 1.212855 -5.913810
v -1.911770 1.456537 -6.038096
v -1.930444 1.212855 -5.913810
v -1.909562 1.354484 -6.057069
v -1.984821 1.183079 -6.023582
v -1.969213 1.322982 -6.177790
v -1.984821 1.183079 -6.023582
v -1.909562 1.354484 -6.057069
v -1.984821 1.183079 -6.023582
v -1.969213 1.322982 -6.177790
v -2.052778 1.179076 -6.055646
v -2.050624 1.318751 -6.216275
v -2.052778 1.179076 -6.055646
v -1.969213 1.322982 -6.177790
v -2.052778 1.179076 -6.055646
v -2.050624 1.318751 -6.216275
v -2.093450 1.179242 -6.046012
v -2.103280 1.319263 -6.203843
v -2.093450 1.179242 -6.046012
v -2.050624 1.318751 -6.216275
v -2.093450 1.179242 -6.046012
v -2.103280 1.319263 -6.203843
v -2.107624 1.182211 -6.034636
v -2.125149 1.322583 -6.186119
v -2.107624 1.182211 -6.034636
v -2.103280 1.319263 -6.203843
v -2.107624 1.182211 -6.034636
v -2.125149 1.322583 -6.186119
v -2.162616 1.212655 -5.912871
v -2.183983 1.354392 -6.055665
v -2.162616 1.212655 -5.912871
v -2.125149 1.322583 -6.186119
v -2.162616 1.212655 -5.912871
v -2.183983 1.354392 -6.055665
v -2.159718 1.352566 -5.890197
v -2.181013 1.495755 -6.028600
v -2.159718 1.352566 -5.890197
v -2.183983 1.354392 -6.055665
v -2.159718 1.352566 -5.890197
v -2.181013 1.495755 -6.028600
v -2.154138 1.490380 -5.858502
v -2.175406 1.634220 -5.996769
v -2.154138 1.490380 -5.858502
v -2.175406 1.634220 -5.996769
v -2.147787 1.563480 -5.840018
v -2.168945 1.708627 -5.978071
v -2.147787 1.563480 -5.840018
v -2.175406 1.634220 -5.996769
v -2.147787 1.563480 -5.840018
v -2.168945 1.708627 -5.978071
v -2.113180 1.766798 -5.799462
v -2.133607 1.916232 -5.936643
v -2.113180 1.766798 -5.799462
v -2.133607 1.916232 -5.936643
v -2.072034 1.840085 -5.783098
v -2.088717 1.996148 -5.918611
v -2.072034 1.840085 -5.783098
v -2.133607 1.916232 -5.936643
v -2.072034 1.840085 -5.783098
v -2.088717 1.996148 -5.918611
v -2.046849 1.859657 -5.778334
v -2.047316 2.028350 -5.910891
v -2.046849 1.859657 -5.778334
v -2.088717 1.996148 -5.918611
v -2.046849 1.859657 -5.778334
v -2.047316 2.028350 -5.910891
v -2.024622 1.843125 -5.782810
v -2.008481 1.999382 -5.918344
v -2.024622 1.843125 -5.782810
v -2.047316 2.028350 -5.910891
v -2.024622 1.843125 -5.782810
v -2.008481 1.999382 -5.918344
v -1.991761 1.784721 -5.795987
v -1.972699 1.935801 -5.932756
v -1.991761 1.784721 -5.795987
v -2.008481 1.999382 -5.918344
v -2.072515 0.637745 -2.193972
v -2.054094 0.665183 -0.696137
v 0.000000 0.637927 -2.194365
v 0.000000 0.665190 -0.695899
v 0.000000 0.637927 -2.194365
v -2.054094 0.665183 -0.696137
v -1.904185 2.569769 1.840944
v -1.856405 2.637544 2.128354
v -1.914523 2.506150 1.818927
v -1.810769 2.568530 2.271333
v -1.914523 2.506150 1.818927
v -1.856405 2.637544 2.128354
v -1.895077 2.635084 1.823750
v -1.864679 2.738758 1.997845
v -1.904185 2.569769 1.840944
v -1.856405 2.637544 2.128354
v -1.904185 2.569769 1.840944
v -1.864679 2.738758 1.997845
v -1.816548 3.332618 1.114399
v -1.814965 3.307477 1.433015
v -1.895077 2.635084 1.823750
v -1.864679 2.738758 1.997845
v -1.895077 2.635084 1.823750
v -1.814965 3.307477 1.433015
v -0.838098 3.827823 0.937132
v -1.802530 3.427659 0.937132
v -0.841170 3.792823 -0.223670
v -1.812424 3.392659 -0.223670
v -0.841170 3.792823 -0.223670
v -1.802530 3.427659 0.937132
v -0.841832 3.784500 -0.715982
v -1.814554 3.384336 -0.715982
v -0.842289 3.763232 -1.209551
v -1.816028 3.363068 -1.209551
v -0.842289 3.763232 -1.209551
v -1.814554 3.384336 -0.715982
v -1.914523 2.506150 1.818927
v -1.810769 2.568530 2.271333
v -1.927833 2.471205 1.738901
v -1.666682 2.560313 2.408929
v -1.927833 2.471205 1.738901
v -1.810769 2.568530 2.271333
v -2.036212 2.523582 -0.256855
v -2.044359 2.471017 -0.214272
v -2.043063 2.507323 -0.580437
v -2.060231 2.448936 -0.626707
v -2.043063 2.507323 -0.580437
v -2.044359 2.471017 -0.214272
v -2.015067 2.612351 -0.281145
v -2.036212 2.523582 -0.256855
v -2.024498 2.577614 -0.562765
v -2.043063 2.507323 -0.580437
v -2.024498 2.577614 -0.562765
v -2.036212 2.523582 -0.256855
v -1.852611 3.238627 -0.614090
v -1.853984 3.235035 -0.327915
v -2.024498 2.577614 -0.562765
v -2.015067 2.612351 -0.281145
v -2.024498 2.577614 -0.562765
v -1.853984 3.235035 -0.327915
v -1.834677 3.308021 -0.631848
v -1.835064 3.305389 -0.321170
v -1.852611 3.238627 -0.614090
v -1.853984 3.235035 -0.327915
v -1.852611 3.238627 -0.614090
v -1.835064 3.305389 -0.321170
v -1.818265 3.363475 -0.284708
v -1.835064 3.305389 -0.321170
v -1.821433 3.358799 -0.664233
v -1.834677 3.308021 -0.631848
v -1.821433 3.358799 -0.664233
v -1.835064 3.305389 -0.321170
v -1.812424 3.392659 -0.223670
v -1.818265 3.363475 -0.284708
v -1.814554 3.384336 -0.715982
v -1.821433 3.358799 -0.664233
v -1.814554 3.384336 -0.715982
v -1.818265 3.363475 -0.284708
v -2.060231 2.448936 -0.626707
v -2.044359 2.471017 -0.214272
v -2.064634 2.426314 -0.709379
v -2.044255 2.446940 -0.115784
v -2.064634 2.426314 -0.709379
v -2.044359 2.471017 -0.214272
v -2.066947 2.462801 -2.501920
v -2.077750 2.420535 -2.459076
v -1.878161 2.422190 -3.719151
v -1.825124 2.332119 -3.811307
v -1.878161 2.422190 -3.719151
v -2.077750 2.420535 -2.459076
v 0.000000 0.637927 -2.194365
v 0.000000 1.598332 -2.445596
v -2.072515 0.637745 -2.193972
v -2.067288 1.598214 -2.444178
v -2.072515 0.637745 -2.193972
v 0.000000 1.598332 -2.445596
v -1.949705 2.917711 -2.578627
v -2.066947 2.462801 -2.501920
v -1.773542 3.009249 -3.268859
v -1.878161 2.422190 -3.719151
v -1.773542 3.009249 -3.268859
v -2.066947 2.462801 -2.501920
v -1.920353 3.023283 -2.533304
v -1.949705 2.917711 -2.578627
v -1.658235 3.203728 -3.197849
v -1.773542 3.009249 -3.268859
v -1.658235 3.203728 -3.197849
v -1.949705 2.917711 -2.578627
v -1.405480 3.322744 -3.227924
v -1.898147 3.097535 -2.467930
v -1.658235 3.203728 -3.197849
v -1.920353 3.023283 -2.533304
v -1.658235 3.203728 -3.197849
v -1.898147 3.097535 -2.467930
v -1.898147 3.097535 -2.467930
v -1.405480 3.322744 -3.227924
v -1.876502 3.184608 -2.319621
v -1.026310 3.393741 -3.251841
v -1.876502 3.184608 -2.319621
v -1.405480 3.322744 -3.227924
v -0.851083 3.669923 -2.024993
v -1.844351 3.269760 -2.024993
v -0.861064 3.584772 -2.319621
v -1.876502 3.184608 -2.319621
v -0.861064 3.584772 -2.319621
v -1.844351 3.269760 -2.024993
v -2.033724 0.685806 -0.102814
v -1.917413 0.709821 1.750114
v 0.000000 0.685817 -0.102304
v 0.000000 0.710081 1.752380
v 0.000000 0.685817 -0.102304
v -1.917413 0.709821 1.750114
v -0.842289 3.763232 -1.209551
v -0.845592 3.718673 -1.731221
v 0.000000 3.763232 -1.209551
v 0.000000 3.718672 -1.731221
v -0.851083 3.669923 -2.024993
v 0.000000 3.669924 -2.024993
v -0.845592 3.718673 -1.731221
v -0.841170 3.792823 -0.223670
v -0.841832 3.784500 -0.715982
v 0.000000 3.792823 -0.223670
v 0.000000 3.784500 -0.715982
v -2.054094 0.665183 -0.696137
v -2.033724 0.685806 -0.102814
v 0.000000 0.665190 -0.695899
v 0.000000 0.685817 -0.102304
v 0.000000 0.665190 -0.695899
v -2.033724 0.685806 -0.102814
v -1.917413 0.709821 1.750114
v -1.659453 0.797799 2.411959
v 0.000000 0.710081 1.752380
v 0.000000 0.797799 2.411958
v 0.000000 0.710081 1.752380
v -1.659453 0.797799 2.411959
v -0.676499 2.709516 2.586476
v -0.344275 2.726089 2.604070
v -1.025784 2.677863 2.563207
v -1.465232 2.608197 2.482908
v -1.025784 2.677863 2.563207
v -1.666682 2.560313 2.408929
v -1.666682 2.560313 2.408929
v -1.025784 2.677863 2.563207
v 0.000000 2.560313 2.408929
v -1.025784 2.677863 2.563207
v -0.344275 2.726089 2.604070
v 0.000000 2.560313 2.408929
v -0.344275 2.726089 2.604070
v 0.000000 2.731086 2.609518
v 0.000000 2.560313 2.408929
v -2.067288 1.598214 -2.444178
v 0.000000 1.598332 -2.445596
v -1.815543 1.506919 -3.791492
v 0.000000 1.509915 -3.797827
v -1.815543 1.506919 -3.791492
v 0.000000 1.598332 -2.445596
v -0.861064 3.584772 -2.319621
v -0.560739 3.425747 -3.263221
v 0.000000 3.584772 -2.319621
v 0.000000 3.438019 -3.273823
v 0.000000 3.584772 -2.319621
v -0.560739 3.425747 -3.263221
v -1.693598 1.530414 -3.849175
v -1.815543 1.506919 -3.791492
v -1.401058 1.587209 -3.938034
v -1.128444 1.630723 -4.000837
v -1.401058 1.587209 -3.938034
v -0.756467 1.660096 -4.040967
v -1.401058 1.587209 -3.938034
v -1.815543 1.506919 -3.791492
v -0.756467 1.660096 -4.040967
v -0.756467 1.660096 -4.040967
v -1.815543 1.506919 -3.791492
v 0.000000 1.685491 -4.072390
v -1.815543 1.506919 -3.791492
v 0.000000 1.509915 -3.797827
v 0.000000 1.685491 -4.072390
v -1.810858 3.391952 1.037432
v -1.789319 3.419990 1.357551
v -1.816548 3.332618 1.114399
v -1.814965 3.307477 1.433015
v -1.816548 3.332618 1.114399
v -1.789319 3.419990 1.357551
v -1.802530 3.427659 0.937132
v -1.751539 3.503709 1.375041
v -1.810858 3.391952 1.037432
v -1.789319 3.419990 1.357551
v -1.810858 3.391952 1.037432
v -1.751539 3.503709 1.375041
v -0.838098 3.827823 0.937132
v -0.559643 3.651309 1.608968
v -1.030014 3.636144 1.584060
v 0.000000 3.792823 -0.223670
v 0.000000 3.827823 0.937132
v -0.841170 3.792823 -0.223670
v -0.838098 3.827823 0.937132
v 0.000000 3.763232 -1.209551
v -0.841832 3.784500 -0.715982
v 0.000000 3.669924 -2.024993
v -0.851083 3.669923 -2.024993
v 0.000000 3.584772 -2.319621
v -1.826665 3.318508 -1.731221
v -0.845592 3.718673 -1.731221
v -1.816028 3.363068 -1.209551
v -0.845592 3.718673 -1.731221
v -1.826665 3.318508 -1.731221
v -0.851083 3.669923 -2.024993
v -1.814554 3.384336 -0.715982
v -0.841170 3.792823 -0.223670
v 0.000000 3.665274 1.627747
v -0.559643 3.651309 1.608968
v 0.000000 3.827823 0.937132
v 0.000000 3.827823 0.937132
v -0.559643 3.651309 1.608968
v -1.026310 3.393741 -3.251841
v -0.560739 3.425747 -3.263221
v -0.861064 3.584772 -2.319621
v -1.026310 3.393741 -3.251841
v -1.751539 3.503709 1.375041
v -1.802530 3.427659 0.937132
v -1.663111 3.547574 1.422343
v -1.559298 3.573764 1.471180
v -1.663111 3.547574 1.422343
v -1.391102 3.602328 1.524293
v -1.663111 3.547574 1.422343
v -1.802530 3.427659 0.937132
v -1.391102 3.602328 1.524293
v -1.391102 3.602328 1.524293
v -1.391102 3.602328 1.524293
v -0.838098 3.827823 0.937132
v -1.030014 3.636144 1.584060
v -1.130570 2.458279 -4.023178
v -1.404269 2.414603 -3.960118
v -1.128444 1.630723 -4.000837
v -1.401058 1.587209 -3.938034
v -0.757442 2.487738 -4.063435
v -1.130570 2.458279 -4.023178
v -0.756467 1.660096 -4.040967
v -1.128444 1.630723 -4.000837
v 0.000000 2.513162 -4.094901
v -0.757442 2.487738 -4.063435
v 0.000000 1.685491 -4.072390
v -0.756467 1.660096 -4.040967
v 0.000000 1.685491 -4.072390
v -0.757442 2.487738 -4.063435
v -1.666682 2.560313 2.408929
v 0.000000 2.560313 2.408929
v -1.659453 0.797799 2.411959
v 0.000000 0.797799 2.411958
v -1.927833 2.471205 1.738901
v -1.666682 2.560313 2.408929
v -1.917413 0.709821 1.750114
v -1.659453 0.797799 2.411959
v -2.044255 2.446940 -0.115784
v -1.927833 2.471205 1.738901
v -2.033724 0.685806 -0.102814
v -1.917413 0.709821 1.750114
v -2.064634 2.426314 -0.709379
v -2.044255 2.446940 -0.115784
v -2.054094 0.665183 -0.696137
v -2.033724 0.685806 -0.102814
v -2.083062 2.399051 -2.405687
v -2.064634 2.426314 -0.709379
v -2.072515 0.637745 -2.193972
v -2.054094 0.665183 -0.696137
v -2.072515 0.637745 -2.193972
v -2.064634 2.426314 -0.709379
v -2.077750 2.420535 -2.459076
v -2.083062 2.399051 -2.405687
v -2.067288 1.598214 -2.444178
v -2.072515 0.637745 -2.193972
v -2.067288 1.598214 -2.444178
v -2.083062 2.399051 -2.405687
v -1.825124 2.332119 -3.811307
v -2.077750 2.420535 -2.459076
v -1.815543 1.506919 -3.791492
v -2.067288 1.598214 -2.444178
v -1.697775 2.357623 -3.870965
v -1.825124 2.332119 -3.811307
v -1.693598 1.530414 -3.849175
v -1.815543 1.506919 -3.791492
v -1.693598 1.530414 -3.849175
v -1.825124 2.332119 -3.811307
v -1.404269 2.414603 -3.960118
v -1.697775 2.357623 -3.870965
v -1.401058 1.587209 -3.938034
v -1.693598 1.530414 -3.849175
v -1.198233 0.776152 5.633012
v -0.963374 0.776152 5.633012
v -0.758122 1.663126 5.935209
v -0.523263 1.663126 5.935209
v -1.198233 0.775868 5.495730
v -0.963374 0.775868 5.495730
v -1.198233 0.776152 5.633012
v -0.963374 0.776152 5.633012
v -0.758122 1.624013 5.797926
v -1.198233 0.775868 5.495730
v -0.758122 1.663126 5.935209
v -1.198233 0.776152 5.633012
v -0.523263 1.624013 5.797926
v -0.758122 1.624013 5.797926
v -0.523263 1.663126 5.935209
v -0.758122 1.663126 5.935209
v -0.963374 0.775868 5.495730
v -0.523263 1.624013 5.797926
v -0.963374 0.776152 5.633012
v -0.523263 1.663126 5.935209
v -1.200361 0.610651 5.994516
v -0.960533 0.610651 5.994516
v -1.200361 0.747588 5.994516
v -0.960533 0.747588 5.994516
v -1.200361 0.610651 5.232700
v -0.960533 0.610651 5.232700
v -1.200361 0.610651 5.994516
v -0.960533 0.610651 5.994516
v -1.200361 0.747588 5.232700
v -1.200361 0.610651 5.232700
v -1.200361 0.747588 5.994516
v -1.200361 0.610651 5.994516
v -0.960533 0.747588 5.232700
v -1.200361 0.747588 5.232700
v -0.960533 0.747588 5.994516
v -1.200361 0.747588 5.994516
v -0.960533 0.610651 5.232700
v -0.960533 0.747588 5.232700
v -0.960533 0.610651 5.994516
v -0.960533 0.747588 5.994516
v 1.389391 3.598169 -2.739081
v 1.599605 3.532022 -2.736818
v 1.630809 3.378033 -3.062172
v 1.630809 3.378033 -3.062172
v 1.392930 3.465598 -3.061053
v 1.389391 3.598169 -2.739081
v 1.026214 3.661020 -2.738389
v 1.392930 3.465598 -3.061053
v 1.026214 3.528529 -3.060304
v 1.026214 3.661020 -2.738389
v 0.560398 3.682789 -2.738150
v 0.560398 3.558110 -3.059978
v 1.389391 3.699320 -2.363000
v 1.603949 3.627629 -2.363788
v 1.599605 3.532022 -2.736818
v 1.389391 3.598169 -2.739081
v 1.389391 3.699320 -2.363000
v 1.026215 3.762171 -2.362308
v 0.560398 3.783940 -2.362068
v 1.603949 3.684266 -2.052619
v 1.756817 3.574359 -2.053963
v 1.772488 3.490234 -2.365542
v 1.603949 3.717287 -1.750793
v 1.744587 3.628811 -1.751767
v 1.603949 3.781251 0.172295
v 1.744587 3.692776 0.171322
v 1.744587 3.698712 -0.517777
v 1.603949 3.787187 -0.516804
v 1.389392 3.852942 0.173084
v 1.389391 3.858878 -0.516016
v 1.026215 3.915794 0.173775
v 1.026215 3.921730 -0.515324
v 0.560398 3.937562 0.174015
v 0.560398 3.943499 -0.515084
v 1.603949 3.743886 0.714049
v 1.744587 3.662946 0.713159
v 1.389392 3.815577 0.714837
v 1.603949 3.743886 0.714049
v 1.603949 3.781251 0.172295
v 1.026216 3.878428 0.715529
v 0.560398 3.900197 0.715768
v 1.603950 3.705288 1.016223
v 1.744587 3.641288 0.954325
v 1.389392 3.766710 1.064248
v 1.026216 3.820465 1.103122
v 0.560398 3.840130 1.117331
v 1.604668 3.661163 1.288624
v 1.744559 3.617269 1.162895
v 1.389392 3.701540 1.350537
v 1.026216 3.738498 1.405345
v 0.560399 3.755670 1.434011
v 1.389284 3.639940 1.487654
v 1.609125 3.619134 1.406692
v 1.026000 3.670454 1.548104
v 0.560021 3.686896 1.572029
v 1.789857 3.261689 -2.970840
v 1.630809 3.378033 -3.062172
v 1.599605 3.532022 -2.736818
v 1.599605 3.532022 -2.736818
v 1.798301 3.371852 -2.683575
v 1.789857 3.261689 -2.970840
v 1.687826 1.023143 -6.116583
v 1.867103 1.022026 -6.047559
v 1.867608 0.876127 -6.059611
v 1.701800 0.878310 -6.148857
v 1.880935 1.758638 -5.815899
v 1.751553 1.840395 -5.856135
v 1.891236 1.840023 -5.725742
v 1.770815 1.949103 -5.708385
v 1.905158 1.907466 -5.621159
v 1.784857 2.004165 -5.594138
v 1.934579 1.994046 -5.413162
v 1.905158 1.907466 -5.621159
v 1.770815 1.949103 -5.708385
v 1.806338 2.053737 -5.428800
v 1.838568 2.111102 -5.137580
v 1.972327 2.074947 -5.097664
v 1.910243 2.207735 -4.388667
v 2.038655 2.187673 -4.377095
v 2.003026 2.119913 -4.848887
v 1.867998 2.152412 -4.873888
v 1.953754 2.247634 -4.093955
v 1.130571 2.458279 -4.023178
v 1.404269 2.414603 -3.960118
v 1.398894 2.396839 -4.075166
v 1.130084 2.437879 -4.123860
v 1.798301 3.371852 -2.683575
v 1.589017 1.920279 -5.902311
v 1.294948 1.981160 -5.929705
v 1.306359 2.115098 -5.751420
v 1.600739 2.062080 -5.712506
v 1.324616 2.209550 -5.513738
v 1.614019 2.146854 -5.473626
v 1.345155 2.259982 -5.259462
v 1.625145 2.192859 -5.207037
v 1.647810 2.233572 -4.923293
v 1.370258 2.303789 -4.986409
v 1.399979 2.362691 -4.470077
v 1.683146 2.291332 -4.429465
v 1.135705 2.412070 -4.507205
v 1.518490 1.361319 -6.148509
v 1.633754 1.296881 -6.091706
v 1.566757 1.225403 -6.124777
v 1.497244 1.198897 -6.148498
v 0.000001 3.763761 1.434100
v 0.000001 3.698186 1.590622
v 0.000001 3.848222 1.117421
v 0.000001 3.908287 0.715857
v 0.000001 3.951590 -0.514995
v 0.000001 3.945654 0.174103
v 0.000001 3.570299 -3.059844
v 0.000001 3.690879 -2.738060
v 0.560398 3.914225 -1.227637
v 1.026215 3.892456 -1.227876
v 0.560398 3.873598 -1.749074
v 0.560398 3.914225 -1.227637
v 1.026215 3.892456 -1.227876
v 1.026215 3.851830 -1.749314
v 1.389391 3.829605 -1.228567
v 1.389391 3.788979 -1.750005
v 1.744587 3.669438 -1.230329
v 1.603949 3.757914 -1.229356
v 1.744760 3.598237 1.291034
v 0.000001 3.922316 -1.227547
v 0.000001 3.881689 -1.748984
v 0.000001 3.846641 -2.055481
v 0.560398 3.838550 -2.055571
v 0.000001 3.792031 -2.361979
v 1.026215 3.816782 -2.055811
v 1.389391 3.753931 -2.056502
v 1.405481 3.322744 -3.227924
v 1.026310 3.393741 -3.251841
v 1.026214 3.528529 -3.060304
v 0.560739 3.425747 -3.263221
v 0.000000 3.438019 -3.273823
v 1.405481 3.322744 -3.227924
v 1.658236 3.203728 -3.197849
v 0.757443 2.487738 -4.063435
v 0.746056 2.471895 -4.160994
v 0.000000 2.513162 -4.094901
v 0.000001 2.495759 -4.189970
v 0.754875 2.449066 -4.543509
v 0.000001 2.471519 -4.569008
v 0.754875 2.375523 -5.044083
v 0.000001 2.405058 -5.067597
v 1.898742 2.231979 -4.247449
v 1.829273 2.269672 -4.136041
v 1.696174 2.316323 -4.050838
v 1.586875 2.342997 -4.045731
v 0.754874 2.321857 -5.312440
v 0.000001 2.353434 -5.337929
v 0.754874 2.260643 -5.559666
v 0.754874 2.160851 -5.778738
v 0.000001 2.293977 -5.591589
v 0.000001 2.195252 -5.800567
v 0.754874 2.020335 -5.958465
v 0.000001 2.054287 -5.988800
v 0.000001 2.054287 -5.988800
v 0.754874 2.020335 -5.958465
v 0.754874 1.850273 -6.087063
v 0.000001 1.893554 -6.114222
v 0.754874 1.692586 -6.170045
v 0.000001 1.741021 -6.191517
v 0.754874 1.479352 -6.229517
v 0.000001 1.515896 -6.242802
v 0.755180 1.198530 -6.254660
v 0.000001 1.199238 -6.276080
v 1.294948 1.981160 -5.929705
v 1.279674 1.797056 -6.065354
v 1.266765 1.635311 -6.146393
v 1.260686 1.425486 -6.200819
v 1.258305 1.196377 -6.212565
v 1.263501 0.879612 -6.246620
v 0.757380 0.879882 -6.291843
v 0.000000 0.881142 -6.319839
v 1.497867 0.879013 -6.212768
v 1.566518 1.728978 -6.027042
v 1.550722 1.556723 -6.094259
v 1.589017 1.920279 -5.902311
v 1.717725 1.655445 -5.972771
v 1.687653 1.501203 -6.031173
v 1.589017 1.920279 -5.902311
v 1.600739 2.062080 -5.712506
v 1.751553 1.840395 -5.856135
v 1.864891 1.452704 -5.966187
v 1.717725 1.655445 -5.972771
v 1.871371 1.590809 -5.905145
v 1.864891 1.452704 -5.966187
v 1.864266 1.311316 -6.001673
v 1.660329 1.380366 -6.065411
v 1.697776 2.357623 -3.870965
v 1.398894 2.396839 -4.075166
v 1.404269 2.414603 -3.960118
v 1.825124 2.332119 -3.811307
v 1.992838 2.303216 -3.643753
v 1.880935 1.758638 -5.815899
v 1.030014 3.636144 1.584060
v 0.559644 3.651309 1.608968
v 1.391103 3.602328 1.524293
v 1.389284 3.639940 1.487654
v 1.026000 3.670454 1.548104
v 1.391103 3.602328 1.524293
v 1.609125 3.619134 1.406692
v 1.663111 3.547574 1.422343
v 1.744760 3.598237 1.291034
v 0.676500 2.709516 2.586476
v 0.344275 2.726089 2.604070
v 0.344234 2.695590 2.635361
v 0.676267 2.680535 2.616600
v 0.000000 2.731086 2.609518
v 0.000001 2.697978 2.644450
v 1.025785 2.677863 2.563207
v 1.025551 2.650269 2.591640
v 1.465233 2.608197 2.482908
v 1.025785 2.677863 2.563207
v 1.025551 2.650269 2.591640
v 1.465604 2.577783 2.512733
v 1.666682 2.560313 2.408929
v 1.666668 2.527709 2.441164
v 1.824345 2.481386 2.352625
v 1.893645 2.458704 2.281000
v 1.856405 2.637544 2.128354
v 1.810769 2.568530 2.271333
v 1.609125 3.619134 1.406692
v 1.559300 3.573764 1.471180
v 1.663111 3.547574 1.422343
v 1.559300 3.573764 1.471180
v 0.000000 3.665274 1.627747
v 1.810769 2.568530 2.271333
v 1.824345 2.481386 2.352625
v 0.000001 2.671131 2.929448
v 0.251378 2.662655 2.914953
v 0.673886 2.650507 2.901998
v 1.023551 2.618210 2.885850
v 1.465604 2.577783 2.512733
v 1.444702 2.553293 2.840198
v 1.656879 2.496592 2.797510
v 1.666668 2.527709 2.441164
v 1.817866 2.448850 2.754118
v 1.824345 2.481386 2.352625
v 1.965571 2.400804 2.693070
v 1.893645 2.458704 2.281000
v 1.266963 2.190107 5.791216
v 1.033062 2.243422 5.809996
v 1.033062 2.173410 5.935426
v 1.266963 2.135927 5.890994
v 0.673067 2.276552 5.819482
v 0.673067 2.195473 5.968683
v 0.250611 2.303017 5.827065
v 0.250175 2.219871 5.997105
v 1.266963 2.135927 5.890994
v 1.266963 2.043478 5.992048
v 1.412107 2.011431 5.920608
v 1.412107 2.011431 5.920608
v 1.427705 2.052187 5.842449
v 1.033062 2.173410 5.935426
v 1.033062 2.072453 6.038988
v 1.033062 2.072453 6.038988
v 1.266963 2.043478 5.992048
v 1.266963 2.135927 5.890994
v 0.673067 2.104332 6.077544
v 1.033062 2.072453 6.038988
v 0.250175 2.120463 6.114422
v 1.266963 2.043478 5.992048
v 1.266963 1.897745 6.084190
v 1.384041 1.862238 6.043834
v 1.397442 1.955876 5.987393
v 1.033062 2.072453 6.038988
v 1.033062 1.926659 6.129746
v 0.673067 2.104332 6.077544
v 0.673067 1.952225 6.178836
v 0.250175 2.120463 6.114422
v 0.250176 1.973870 6.215255
v 1.033062 1.737907 6.167269
v 1.266963 1.712952 6.119491
v 0.673067 1.767492 6.232780
v 0.250176 1.787664 6.290233
v 1.443379 2.077526 5.763991
v 1.397442 1.955876 5.987393
v 1.374569 1.696598 6.075961
v 0.673067 2.381679 5.423550
v 0.673066 2.491162 4.746390
v 0.250568 2.507338 4.747411
v 0.250556 2.402205 5.452978
v 0.673067 2.340509 5.625406
v 0.250551 2.362552 5.643153
v 1.310687 2.287783 5.365465
v 1.517028 2.162128 5.333212
v 1.613778 2.249908 4.743596
v 1.392084 2.374253 4.744291
v 1.480908 2.125267 5.551580
v 1.283881 2.252023 5.582314
v 1.490635 2.455693 4.075331
v 1.584456 2.512107 3.370931
v 1.192186 2.584444 3.371979
v 1.136897 2.525355 4.076137
v 0.673066 2.631233 3.372734
v 0.673066 2.567847 4.076683
v 0.250584 2.643585 3.373131
v 0.250577 2.580208 4.077042
v 1.726100 2.319716 4.069948
v 1.844042 2.370960 3.367251
v 1.050340 2.339647 5.397191
v 1.039707 2.303804 5.607787
v 1.085838 2.443306 4.745426
v 0.000001 2.315072 5.829505
v 0.000001 2.224680 6.008159
v 0.000001 2.120263 6.131276
v 0.000001 2.120263 6.131276
v 0.000001 1.973690 6.232093
v 0.000000 1.794713 6.311543
v 0.000001 2.509689 4.747742
v 0.000001 2.408790 5.465367
v 0.000001 2.372302 5.650775
v 0.000001 2.643124 3.373312
v 0.000001 2.579757 4.077220
v -1.389389 3.598169 -2.739081
v -1.392928 3.465598 -3.061053
v -1.630807 3.378033 -3.062172
v -1.599603 3.532022 -2.736818
v -1.026213 3.661020 -2.738389
v -1.026213 3.528529 -3.060304
v -0.560396 3.682789 -2.738150
v -0.560396 3.558110 -3.059978
v -1.389389 3.699320 -2.363000
v -1.603947 3.627629 -2.363788
v -1.026213 3.762171 -2.362308
v -0.560396 3.783940 -2.362068
v -1.603947 3.684266 -2.052619
v -1.772487 3.490234 -2.365542
v -1.756816 3.574359 -2.053963
v -1.603947 3.717287 -1.750793
v -1.744586 3.628811 -1.751767
v -1.603948 3.781251 0.172295
v -1.603948 3.787187 -0.516804
v -1.744586 3.698712 -0.517777
v -1.744586 3.692776 0.171322
v -1.389390 3.852942 0.173084
v -1.389390 3.858878 -0.516016
v -1.026213 3.915794 0.173775
v -1.026213 3.921730 -0.515324
v -0.560396 3.937562 0.174015
v -0.560396 3.943499 -0.515084
v -1.603948 3.743886 0.714049
v -1.744586 3.662946 0.713159
v -1.389390 3.815577 0.714837
v -1.026214 3.878428 0.715529
v -0.560397 3.900197 0.715768
v -1.603948 3.705288 1.016223
v -1.744586 3.641288 0.954325
v -1.389390 3.766710 1.064248
v -1.026214 3.820465 1.103122
v -0.560397 3.840130 1.117331
v -1.604666 3.661163 1.288624
v -1.744559 3.617269 1.162895
v -1.389390 3.701540 1.350537
v -1.026214 3.738498 1.405345
v -0.560397 3.755670 1.434011
v -1.389282 3.639940 1.487654
v -1.609123 3.619134 1.406692
v -1.025999 3.670454 1.548104
v -0.560019 3.686896 1.572029
v -1.789857 3.261690 -2.970840
v -1.798299 3.371852 -2.683575
v -1.599603 3.532022 -2.736818
v -1.630807 3.378033 -3.062172
v -1.687824 1.023143 -6.116583
v -1.701799 0.878310 -6.148857
v -1.867608 0.876127 -6.059611
v -1.867102 1.022026 -6.047559
v -1.880933 1.758638 -5.815899
v -1.891235 1.840023 -5.725742
v -1.751551 1.840395 -5.856135
v -1.770813 1.949103 -5.708385
v -1.905157 1.907466 -5.621159
v -1.784855 2.004165 -5.594138
v -1.770813 1.949103 -5.708385
v -1.905157 1.907466 -5.621159
v -1.934578 1.994046 -5.413162
v -1.806336 2.053737 -5.428800
v -1.838566 2.111102 -5.137580
v -1.972326 2.074947 -5.097664
v -1.910241 2.207735 -4.388667
v -1.867997 2.152412 -4.873888
v -2.003026 2.119913 -4.848887
v -2.038655 2.187673 -4.377095
v -1.953753 2.247634 -4.093955
v -1.130570 2.458279 -4.023178
v -1.130082 2.437879 -4.123860
v -1.398892 2.396839 -4.075166
v -1.404269 2.414603 -3.960118
v -1.798299 3.371852 -2.683575
v -1.589015 1.920279 -5.902311
v -1.600736 2.062080 -5.712506
v -1.306358 2.115098 -5.751420
v -1.294947 1.981160 -5.929705
v -1.614017 2.146854 -5.473626
v -1.324614 2.209550 -5.513738
v -1.625143 2.192859 -5.207037
v -1.345153 2.259982 -5.259462
v -1.647808 2.233572 -4.923293
v -1.683144 2.291332 -4.429465
v -1.399977 2.362691 -4.470077
v -1.370256 2.303789 -4.986409
v -1.135703 2.412070 -4.507205
v -1.518488 1.361319 -6.148509
v -1.566755 1.225403 -6.124777
v -1.633752 1.296881 -6.091706
v -1.497242 1.198897 -6.148498
v -0.560396 3.914225 -1.227637
v -1.026213 3.892456 -1.227876
v -0.560396 3.873598 -1.749074
v -1.026213 3.851830 -1.749314
v -1.389390 3.829605 -1.228567
v -1.389389 3.788979 -1.750005
v -1.744586 3.669438 -1.230329
v -1.603948 3.757914 -1.229356
v -1.744759 3.598237 1.291034
v -0.560396 3.838550 -2.055571
v -1.026213 3.816782 -2.055811
v -1.389389 3.753931 -2.056502
v -1.405480 3.322744 -3.227924
v -1.026310 3.393741 -3.251841
v -0.560739 3.425747 -3.263221
v -1.405480 3.322744 -3.227924
v -1.658235 3.203728 -3.197849
v -0.757442 2.487738 -4.063435
v -0.746055 2.471895 -4.160994
v -0.754873 2.449066 -4.543509
v -0.754873 2.375523 -5.044083
v -1.898741 2.231979 -4.247449
v -1.829271 2.269672 -4.136041
v -1.696172 2.316323 -4.050838
v -1.586873 2.342997 -4.045731
v -0.754873 2.321857 -5.312440
v -0.754873 2.260643 -5.559666
v -0.754873 2.160851 -5.778738
v -0.754873 2.020335 -5.958465
v -0.754873 1.850273 -6.087063
v -0.754873 2.020335 -5.958465
v -0.754873 1.692586 -6.170045
v -0.754873 1.479352 -6.229517
v -0.755178 1.198530 -6.254660
v -1.294947 1.981160 -5.929705
v -1.279672 1.797056 -6.065354
v -1.266763 1.635311 -6.146393
v -1.260684 1.425486 -6.200819
v -1.258304 1.196377 -6.212565
v -0.757379 0.879882 -6.291843
v -1.263500 0.879612 -6.246620
v -1.497867 0.879013 -6.212768
v -1.566516 1.728978 -6.027042
v -1.550720 1.556723 -6.094259
v -1.589015 1.920279 -5.902311
v -1.717723 1.655445 -5.972771
v -1.687651 1.501203 -6.031173
v -1.600736 2.062080 -5.712506
v -1.589015 1.920279 -5.902311
v -1.751551 1.840395 -5.856135
v -1.864890 1.452704 -5.966187
v -1.871370 1.590809 -5.905145
v -1.660328 1.380366 -6.065411
v -1.864265 1.311316 -6.001673
v -1.697775 2.357623 -3.870965
v -1.825124 2.332119 -3.811307
v -1.992838 2.303216 -3.643753
v -1.880933 1.758638 -5.815899
v -1.030014 3.636144 1.584060
v -0.559643 3.651309 1.608968
v -1.391102 3.602328 1.524293
v -1.025999 3.670454 1.548104
v -1.389282 3.639940 1.487654
v -1.391102 3.602328 1.524293
v -1.609123 3.619134 1.406692
v -1.744759 3.598237 1.291034
v -1.663111 3.547574 1.422343
v -0.676499 2.709516 2.586476
v -0.676265 2.680535 2.616600
v -0.344232 2.695590 2.635361
v -0.344275 2.726089 2.604070
v -1.025784 2.677863 2.563207
v -1.025549 2.650269 2.591640
v -1.465232 2.608197 2.482908
v -1.465603 2.577783 2.512733
v -1.025549 2.650269 2.591640
v -1.025784 2.677863 2.563207
v -1.666682 2.560313 2.408929
v -1.666666 2.527709 2.441164
v -1.824343 2.481386 2.352625
v -1.810769 2.568530 2.271333
v -1.856405 2.637544 2.128354
v -1.893644 2.458704 2.281000
v -1.609123 3.619134 1.406692
v -1.663111 3.547574 1.422343
v -1.559298 3.573764 1.471180
v -1.559298 3.573764 1.471180
v -1.609123 3.619134 1.406692
v -1.666666 2.527709 2.441164
v -1.666682 2.560313 2.408929
v -0.251377 2.662655 2.914953
v -0.673884 2.650507 2.901998
v -1.023550 2.618210 2.885850
v -1.465603 2.577783 2.512733
v -1.666666 2.527709 2.441164
v -1.656877 2.496592 2.797510
v -1.444700 2.553293 2.840198
v -1.824343 2.481386 2.352625
v -1.817864 2.448850 2.754118
v -1.893644 2.458704 2.281000
v -1.965570 2.400804 2.693070
v -1.266961 2.190107 5.791216
v -1.266961 2.135927 5.890994
v -1.033060 2.173410 5.935426
v -1.033060 2.243422 5.809996
v -0.673065 2.195473 5.968683
v -0.673065 2.276552 5.819482
v -0.250173 2.219871 5.997105
v -0.250609 2.303017 5.827065
v -1.427704 2.052187 5.842449
v -1.412106 2.011431 5.920608
v -1.412106 2.011431 5.920608
v -1.266961 2.043478 5.992048
v -1.266961 2.135927 5.890994
v -1.266961 2.135927 5.890994
v -1.266961 2.043478 5.992048
v -1.033060 2.072453 6.038988
v -1.033060 2.072453 6.038988
v -1.033060 2.173410 5.935426
v -1.033060 2.072453 6.038988
v -0.673065 2.104332 6.077544
v -0.250173 2.120463 6.114422
v -1.266961 2.043478 5.992048
v -1.397441 1.955876 5.987392
v -1.384040 1.862238 6.043834
v -1.266961 1.897745 6.084190
v -1.033060 1.926659 6.129746
v -1.033060 2.072453 6.038988
v -0.673065 1.952225 6.178836
v -0.673065 2.104332 6.077544
v -0.250174 1.973870 6.215255
v -0.250173 2.120463 6.114422
v -1.266963 1.712952 6.119491
v -1.033061 1.737907 6.167269
v -0.673066 1.767492 6.232780
v -0.250175 1.787664 6.290233
v -1.443378 2.077526 5.763991
v -1.397441 1.955876 5.987392
v -1.374568 1.696598 6.075961
v -0.673065 2.381679 5.423550
v -0.250554 2.402205 5.452978
v -0.250566 2.507338 4.747411
v -0.673065 2.491162 4.746390
v -0.250549 2.362552 5.643153
v -0.673065 2.340509 5.625406
v -1.310685 2.287783 5.365465
v -1.392082 2.374253 4.744291
v -1.613777 2.249908 4.743596
v -1.517027 2.162128 5.333212
v -1.283879 2.252023 5.582314
v -1.480907 2.125267 5.551580
v -1.490633 2.455693 4.075331
v -1.136895 2.525355 4.076137
v -1.192184 2.584444 3.371979
v -1.584454 2.512107 3.370931
v -0.673064 2.567847 4.076683
v -0.673064 2.631233 3.372734
v -0.250575 2.580208 4.077042
v -0.250582 2.643585 3.373131
v -0.250582 2.643585 3.373131
v -0.673064 2.631233 3.372734
v -0.673064 2.567847 4.076683
v -1.726099 2.319716 4.069948
v -1.584454 2.512107 3.370931
v -1.844041 2.370960 3.367251
v -1.023550 2.618210 2.885850
v -1.039706 2.303804 5.607787
v -1.050339 2.339647 5.397191
v -1.085836 2.443306 4.745426
v 1.832350 0.453211 3.648625
v 1.832350 0.751475 3.745536
v 2.014169 0.720750 3.787826
v 2.014169 0.453211 3.700897
v 1.832350 0.751475 3.745536
v 1.832350 0.935813 3.999255
v 2.014169 0.886099 4.015408
v 2.014169 0.720750 3.787826
v 1.832350 0.935813 4.312869
v 2.014169 0.886099 4.296715
v 1.832350 0.751475 4.566587
v 2.014169 0.720751 4.524298
v 1.832350 0.751475 4.566587
v 1.832350 0.453212 4.663498
v 2.014169 0.453211 4.611226
v 2.014169 0.720751 4.524298
v 1.832350 0.154948 4.566587
v 2.014169 0.185672 4.524297
v 1.832350 0.154948 4.566587
v 1.832350 -0.029390 4.312869
v 2.014169 0.020324 4.296715
v 2.014169 0.185672 4.524297
v 1.832350 -0.029390 3.999255
v 2.014169 0.020324 4.015408
v 1.832350 0.154948 3.745537
v 2.014169 0.185673 3.787826
v 1.832350 0.154948 3.745537
v 2.014169 0.185673 3.787826
v 1.832350 -0.029390 3.999255
v 1.832350 -0.029390 4.312869
v 1.832350 0.154948 4.566587
v 1.832350 0.453212 4.663498
v 1.832350 0.751475 4.566587
v 1.832350 0.935813 4.312869
v 1.832350 0.935813 3.999255
v 1.832350 0.751475 3.745536
v 1.832350 0.453211 3.648625
v 1.832350 0.154948 3.745537
v 2.161763 0.512251 4.074801
v 2.161763 0.548740 4.125023
v 2.161763 0.548740 4.187101
v 2.161763 0.512251 4.237323
v 2.161763 0.453212 4.256505
v 2.161763 0.394172 4.237323
v 2.161763 0.357684 4.187101
v 2.161763 0.357684 4.125023
v 2.161763 0.394172 4.074800
v 2.161763 0.453211 4.055618
v 2.014169 0.453211 3.700897
v 2.014169 0.720750 3.787826
v 2.014169 0.551345 4.020993
v 2.014169 0.453211 3.989107
v 2.014169 0.886099 4.015408
v 2.014169 0.611994 4.104470
v 2.014169 0.886099 4.296715
v 2.014169 0.611994 4.207654
v 2.014169 0.720751 4.524298
v 2.014169 0.551345 4.291131
v 2.014169 0.453211 4.611226
v 2.014169 0.453212 4.323016
v 2.014169 0.185672 4.524297
v 2.014169 0.355078 4.291131
v 2.014169 0.020324 4.296715
v 2.014169 0.294429 4.207654
v 2.014169 0.020324 4.015408
v 2.014169 0.294429 4.104470
v 2.014169 0.185673 3.787826
v 2.014169 0.355078 4.020993
v 2.014169 0.453211 3.989107
v 2.014169 0.551345 4.020993
v 2.161763 0.512251 4.074801
v 2.161763 0.453211 4.055618
v 2.014169 0.551345 4.020993
v 2.014169 0.611994 4.104470
v 2.161763 0.548740 4.125023
v 2.161763 0.512251 4.074801
v 2.014169 0.611994 4.104470
v 2.014169 0.611994 4.207654
v 2.161763 0.548740 4.187101
v 2.161763 0.548740 4.125023
v 2.014169 0.611994 4.207654
v 2.014169 0.551345 4.291131
v 2.161763 0.512251 4.237323
v 2.161763 0.548740 4.187101
v 2.014169 0.551345 4.291131
v 2.014169 0.453212 4.323016
v 2.161763 0.453212 4.256505
v 2.161763 0.512251 4.237323
v 2.014169 0.453212 4.323016
v 2.014169 0.355078 4.291131
v 2.161763 0.394172 4.237323
v 2.161763 0.453212 4.256505
v 2.014169 0.355078 4.291131
v 2.014169 0.294429 4.207654
v 2.161763 0.357684 4.187101
v 2.161763 0.394172 4.237323
v 2.014169 0.294429 4.207654
v 2.014169 0.294429 4.104470
v 2.161763 0.357684 4.125023
v 2.161763 0.357684 4.187101
v 2.014169 0.294429 4.104470
v 2.014169 0.355078 4.020993
v 2.161763 0.394172 4.074800
v 2.161763 0.357684 4.125023
v 2.014169 0.355078 4.020993
v 2.014169 0.453211 3.989107
v 2.161763 0.453211 4.055618
v 2.161763 0.394172 4.074800
v -1.832350 0.751475 3.745536
v -1.832350 0.453211 3.648625
v -2.014169 0.720750 3.787826
v -2.014169 0.453211 3.700897
v -1.832350 0.935813 3.999255
v -1.832350 0.751475 3.745536
v -2.014169 0.886099 4.015408
v -2.014169 0.720750 3.787826
v -1.832350 0.935813 4.312869
v -2.014169 0.886099 4.296715
v -1.832350 0.751475 4.566587
v -2.014169 0.720751 4.524298
v -1.832350 0.453212 4.663498
v -1.832350 0.751475 4.566587
v -2.014169 0.453211 4.611226
v -2.014169 0.720751 4.524298
v -1.832350 0.154948 4.566587
v -2.014169 0.185672 4.524297
v -1.832350 -0.029390 4.312869
v -1.832350 0.154948 4.566587
v -2.014169 0.020324 4.296715
v -2.014169 0.185672 4.524297
v -1.832350 -0.029390 3.999255
v -2.014169 0.020324 4.015408
v -1.832350 0.154948 3.745537
v -2.014169 0.185673 3.787826
v -1.832350 0.154948 3.745537
v -2.014169 0.185673 3.787826
v -1.832350 -0.029390 4.312869
v -1.832350 -0.029390 3.999255
v -1.832350 0.154948 4.566587
v -1.832350 0.453212 4.663498
v -1.832350 0.751475 4.566587
v -1.832350 0.935813 4.312869
v -1.832350 0.935813 3.999255
v -1.832350 0.751475 3.745536
v -1.832350 0.453211 3.648625
v -1.832350 0.154948 3.745537
v -2.161763 0.548740 4.125023
v -2.161763 0.512251 4.074801
v -2.161763 0.548740 4.187101
v -2.161763 0.512251 4.237323
v -2.161763 0.453212 4.256505
v -2.161763 0.394172 4.237323
v -2.161763 0.357684 4.187101
v -2.161763 0.357684 4.125023
v -2.161763 0.394172 4.074800
v -2.161763 0.453211 4.055618
v -2.014169 0.720750 3.787826
v -2.014169 0.453211 3.700897
v -2.014169 0.551345 4.020993
v -2.014169 0.453211 3.989107
v -2.014169 0.886099 4.015408
v -2.014169 0.611994 4.104470
v -2.014169 0.886099 4.296715
v -2.014169 0.611994 4.207654
v -2.014169 0.720751 4.524298
v -2.014169 0.551345 4.291131
v -2.014169 0.453211 4.611226
v -2.014169 0.453212 4.323016
v -2.014169 0.185672 4.524297
v -2.014169 0.355078 4.291131
v -2.014169 0.020324 4.296715
v -2.014169 0.294429 4.207654
v -2.014169 0.020324 4.015408
v -2.014169 0.294429 4.104470
v -2.014169 0.185673 3.787826
v -2.014169 0.355078 4.020993
v -2.014169 0.551345 4.020993
v -2.014169 0.453211 3.989107
v -2.161763 0.512251 4.074801
v -2.161763 0.453211 4.055618
v -2.014169 0.611994 4.104470
v -2.014169 0.551345 4.020993
v -2.161763 0.548740 4.125023
v -2.161763 0.512251 4.074801
v -2.014169 0.611994 4.207654
v -2.014169 0.611994 4.104470
v -2.161763 0.548740 4.187101
v -2.161763 0.548740 4.125023
v -2.014169 0.551345 4.291131
v -2.014169 0.611994 4.207654
v -2.161763 0.512251 4.237323
v -2.161763 0.548740 4.187101
v -2.014169 0.453212 4.323016
v -2.014169 0.551345 4.291131
v -2.161763 0.453212 4.256505
v -2.161763 0.512251 4.237323
v -2.014169 0.355078 4.291131
v -2.014169 0.453212 4.323016
v -2.161763 0.394172 4.237323
v -2.161763 0.453212 4.256505
v -2.014169 0.294429 4.207654
v -2.014169 0.355078 4.291131
v -2.161763 0.357684 4.187101
v -2.161763 0.394172 4.237323
v -2.014169 0.294429 4.104470
v -2.014169 0.294429 4.207654
v -2.161763 0.357684 4.125023
v -2.161763 0.357684 4.187101
v -2.014169 0.355078 4.020993
v -2.014169 0.294429 4.104470
v -2.161763 0.394172 4.074800
v -2.161763 0.357684 4.125023
v -2.014169 0.453211 3.989107
v -2.014169 0.355078 4.020993
v -2.161763 0.453211 4.055618
v -2.161763 0.394172 4.074800
v -1.832350 0.453211 -2.810799
v -1.832350 0.751474 -2.907711
v -2.014169 0.720750 -2.950000
v -2.014169 0.453211 -2.863071
v -1.832350 0.751474 -2.907711
v -1.832350 0.935812 -3.161429
v -2.014169 0.886098 -3.177582
v -2.014169 0.720750 -2.950000
v -1.832350 0.935812 -3.475043
v -2.014169 0.886098 -3.458889
v -1.832350 0.751474 -3.728761
v -2.014169 0.720749 -3.686472
v -1.832350 0.751474 -3.728761
v -1.832350 0.453210 -3.825673
v -2.014169 0.453210 -3.773400
v -2.014169 0.720749 -3.686472
v -1.832350 0.154946 -3.728761
v -2.014169 0.185671 -3.686471
v -1.832350 0.154946 -3.728761
v -1.832350 -0.029391 -3.475042
v -2.014169 0.020323 -3.458889
v -2.014169 0.185671 -3.686471
v -1.832350 -0.029391 -3.161429
v -2.014169 0.020323 -3.177582
v -1.832350 0.154947 -2.907711
v -2.014169 0.185672 -2.950000
v -1.832350 0.154947 -2.907711
v -2.014169 0.185672 -2.950000
v -1.832350 -0.029391 -3.161429
v -1.832350 -0.029391 -3.475042
v -1.832350 0.154946 -3.728761
v -1.832350 0.453210 -3.825673
v -1.832350 0.751474 -3.728761
v -1.832350 0.935812 -3.475043
v -1.832350 0.935812 -3.161429
v -1.832350 0.751474 -2.907711
v -1.832350 0.453211 -2.810799
v -1.832350 0.154947 -2.907711
v -2.161763 0.512250 -3.236975
v -2.161763 0.548739 -3.287197
v -2.161763 0.548738 -3.349275
v -2.161763 0.512250 -3.399497
v -2.161763 0.453210 -3.418680
v -2.161763 0.394171 -3.399497
v -2.161763 0.357683 -3.349275
v -2.161763 0.357683 -3.287197
v -2.161763 0.394171 -3.236975
v -2.161763 0.453211 -3.217792
v -2.014169 0.453211 -2.863071
v -2.014169 0.720750 -2.950000
v -2.014169 0.551344 -3.183167
v -2.014169 0.453211 -3.151282
v -2.014169 0.886098 -3.177582
v -2.014169 0.611993 -3.266644
v -2.014169 0.886098 -3.458889
v -2.014169 0.611993 -3.369828
v -2.014169 0.720749 -3.686472
v -2.014169 0.551344 -3.453305
v -2.014169 0.453210 -3.773400
v -2.014169 0.453210 -3.485190
v -2.014169 0.185671 -3.686471
v -2.014169 0.355077 -3.453305
v -2.014169 0.020323 -3.458889
v -2.014169 0.294428 -3.369828
v -2.014169 0.020323 -3.177582
v -2.014169 0.294428 -3.266644
v -2.014169 0.185672 -2.950000
v -2.014169 0.355077 -3.183167
v -2.014169 0.453211 -3.151282
v -2.014169 0.551344 -3.183167
v -2.161763 0.512250 -3.236975
v -2.161763 0.453211 -3.217792
v -2.014169 0.551344 -3.183167
v -2.014169 0.611993 -3.266644
v -2.161763 0.548739 -3.287197
v -2.161763 0.512250 -3.236975
v -2.014169 0.611993 -3.266644
v -2.014169 0.611993 -3.369828
v -2.161763 0.548738 -3.349275
v -2.161763 0.548739 -3.287197
v -2.014169 0.611993 -3.369828
v -2.014169 0.551344 -3.453305
v -2.161763 0.512250 -3.399497
v -2.161763 0.548738 -3.349275
v -2.014169 0.551344 -3.453305
v -2.014169 0.453210 -3.485190
v -2.161763 0.453210 -3.418680
v -2.161763 0.512250 -3.399497
v -2.014169 0.453210 -3.485190
v -2.014169 0.355077 -3.453305
v -2.161763 0.394171 -3.399497
v -2.161763 0.453210 -3.418680
v -2.014169 0.355077 -3.453305
v -2.014169 0.294428 -3.369828
v -2.161763 0.357683 -3.349275
v -2.161763 0.394171 -3.399497
v -2.014169 0.294428 -3.369828
v -2.014169 0.294428 -3.266644
v -2.161763 0.357683 -3.287197
v -2.161763 0.357683 -3.349275
v -2.014169 0.294428 -3.266644
v -2.014169 0.355077 -3.183167
v -2.161763 0.394171 -3.236975
v -2.161763 0.357683 -3.287197
v -2.014169 0.355077 -3.183167
v -2.014169 0.453211 -3.151282
v -2.161763 0.453211 -3.217792
v -2.161763 0.394171 -3.236975
v 1.832350 0.751474 -2.907711
v 1.832350 0.453211 -2.810799
v 2.014169 0.720750 -2.950000
v 2.014169 0.453211 -2.863071
v 1.832350 0.935812 -3.161429
v 1.832350 0.751474 -2.907711
v 2.014169 0.886098 -3.177582
v 2.014169 0.720750 -2.950000
v 1.832350 0.935812 -3.475043
v 2.014169 0.886098 -3.458889
v 1.832350 0.751474 -3.728761
v 2.014169 0.720749 -3.686472
v 1.832350 0.453210 -3.825673
v 1.832350 0.751474 -3.728761
v 2.014169 0.453210 -3.773400
v 2.014169 0.720749 -3.686472
v 1.832350 0.154946 -3.728761
v 2.014169 0.185671 -3.686471
v 1.832350 -0.029391 -3.475042
v 1.832350 0.154946 -3.728761
v 2.014169 0.020323 -3.458889
v 2.014169 0.185671 -3.686471
v 1.832350 -0.029391 -3.161429
v 2.014169 0.020323 -3.177582
v 1.832350 0.154947 -2.907711
v 2.014169 0.185672 -2.950000
v 1.832350 0.154947 -2.907711
v 2.014169 0.185672 -2.950000
v 1.832350 -0.029391 -3.475042
v 1.832350 -0.029391 -3.161429
v 1.832350 0.154946 -3.728761
v 1.832350 0.453210 -3.825673
v 1.832350 0.751474 -3.728761
v 1.832350 0.935812 -3.475043
v 1.832350 0.935812 -3.161429
v 1.832350 0.751474 -2.907711
v 1.832350 0.453211 -2.810799
v 1.832350 0.154947 -2.907711
v 2.161763 0.548739 -3.287197
v 2.161763 0.512250 -3.236975
v 2.161763 0.548738 -3.349275
v 2.161763 0.512250 -3.399497
v 2.161763 0.453210 -3.418680
v 2.161763 0.394171 -3.399497
v 2.161763 0.357683 -3.349275
v 2.161763 0.357683 -3.287197
v 2.161763 0.394171 -3.236975
v 2.161763 0.453211 -3.217792
v 2.014169 0.720750 -2.950000
v 2.014169 0.453211 -2.863071
v 2.014169 0.551344 -3.183167
v 2.014169 0.453211 -3.151282
v 2.014169 0.886098 -3.177582
v 2.014169 0.611993 -3.266644
v 2.014169 0.886098 -3.458889
v 2.014169 0.611993 -3.369828
v 2.014169 0.720749 -3.686472
v 2.014169 0.551344 -3.453305
v 2.014169 0.453210 -3.773400
v 2.014169 0.453210 -3.485190
v 2.014169 0.185671 -3.686471
v 2.014169 0.355077 -3.453305
v 2.014169 0.020323 -3.458889
v 2.014169 0.294428 -3.369828
v 2.014169 0.020323 -3.177582
v 2.014169 0.294428 -3.266644
v 2.014169 0.185672 -2.950000
v 2.014169 0.355077 -3.183167
v 2.014169 0.551344 -3.183167
v 2.014169 0.453211 -3.151282
v 2.161763 0.512250 -3.236975
v 2.161763 0.453211 -3.217792
v 2.014169 0.611993 -3.266644
v 2.014169 0.551344 -3.183167
v 2.161763 0.548739 -3.287197
v 2.161763 0.512250 -3.236975
v 2.014169 0.611993 -3.369828
v 2.014169 0.611993 -3.266644
v 2.161763 0.548738 -3.349275
v 2.161763 0.548739 -3.287197
v 2.014169 0.551344 -3.453305
v 2.014169 0.611993 -3.369828
v 2.161763 0.512250 -3.399497
v 2.161763 0.548738 -3.349275
v 2.014169 0.453210 -3.485190
v 2.014169 0.551344 -3.453305
v 2.161763 0.453210 -3.418680
v 2.161763 0.512250 -3.399497
v 2.014169 0.355077 -3.453305
v 2.014169 0.453210 -3.485190
v 2.161763 0.394171 -3.399497
v 2.161763 0.453210 -3.418680
v 2.014169 0.294428 -3.369828
v 2.014169 0.355077 -3.453305
v 2.161763 0.357683 -3.349275
v 2.161763 0.394171 -3.399497
v 2.014169 0.294428 -3.266644
v 2.014169 0.294428 -3.369828
v 2.161763 0.357683 -3.287197
v 2.161763 0.357683 -3.349275
v 2.014169 0.355077 -3.183167
v 2.014169 0.294428 -3.266644
v 2.161763 0.394171 -3.236975
v 2.161763 0.357683 -3.287197
v 2.014169 0.453211 -3.151282
v 2.014169 0.355077 -3.183167
v 2.161763 0.453211 -3.217792
v 2.161763 0.394171 -3.236975
v 1.817897 0.430928 -5.326232
v 1.647682 0.430928 -5.326232
v 1.647682 0.619365 -5.326232
v 1.817897 0.619365 -5.326232
v 1.817897 0.241933 -3.544652
v 1.647682 0.241933 -3.544652
v 1.647682 0.430928 -5.326232
v 1.817897 0.430928 -5.326232
v 1.647682 0.241933 -3.544652
v 1.647682 0.430370 -3.544652
v 1.647682 0.619365 -5.326232
v 1.647682 0.430928 -5.326232
v 1.647682 0.430370 -3.544652
v 1.817897 0.430370 -3.544652
v 1.817897 0.619365 -5.326232
v 1.647682 0.619365 -5.326232
v 1.817897 0.430370 -3.544652
v 1.817897 0.241933 -3.544652
v 1.817897 0.430928 -5.326232
v 1.817897 0.619365 -5.326232
v -1.634645 0.241933 -3.544652
v -1.804861 0.241933 -3.544652
v -1.804861 0.430928 -5.326232
v -1.634645 0.430928 -5.326232
v -1.804861 0.241933 -3.544652
v -1.804861 0.430370 -3.544652
v -1.804861 0.619365 -5.326232
v -1.804861 0.430928 -5.326232
v -1.804861 0.430370 -3.544652
v -1.634645 0.430370 -3.544652
v -1.634645 0.619365 -5.326232
v -1.804861 0.619365 -5.326232
v -1.634645 0.430370 -3.544652
v -1.634645 0.241933 -3.544652
v -1.634645 0.430928 -5.326232
v -1.634645 0.619365 -5.326232
v 1.647682 0.241933 -1.763072
v 1.817897 0.241933 -1.763072
v 1.647682 0.430370 -1.763072
v 1.817897 0.430370 -1.763072
v 1.647682 0.241933 -3.544652
v 1.817897 0.241933 -3.544652
v 1.647682 0.241933 -1.763072
v 1.817897 0.241933 -1.763072
v 1.647682 0.430370 -3.544652
v 1.647682 0.241933 -3.544652
v 1.647682 0.430370 -1.763072
v 1.647682 0.241933 -1.763072
v 1.817897 0.430370 -3.544652
v 1.647682 0.430370 -3.544652
v 1.817897 0.430370 -1.763072
v 1.647682 0.430370 -1.763072
v 1.817897 0.241933 -3.544652
v 1.817897 0.430370 -3.544652
v 1.817897 0.241933 -1.763072
v 1.817897 0.430370 -1.763072
v -1.804861 0.241933 -3.544652
v -1.634645 0.241933 -3.544652
v -1.804861 0.241933 -1.763072
v -1.634645 0.241933 -1.763072
v -1.804861 0.430370 -3.544652
v -1.804861 0.241933 -3.544652
v -1.804861 0.430370 -1.763072
v -1.804861 0.241933 -1.763072
v -1.634645 0.430370 -3.544652
v -1.804861 0.430370 -3.544652
v -1.634645 0.430370 -1.763072
v -1.804861 0.430370 -1.763072
v -1.634645 0.241933 -3.544652
v -1.634645 0.430370 -3.544652
v -1.634645 0.241933 -1.763072
v -1.634645 0.430370 -1.763072
v 1.781580 0.241934 4.684112
v 1.781580 0.241934 4.513896
v 1.781580 0.430371 4.513896
v 1.781580 0.430371 4.684112
v 0.000000 0.241934 4.684112
v 0.000000 0.241934 4.513896
v 1.781580 0.241934 4.513896
v 1.781580 0.241934 4.684112
v 0.000000 0.241934 4.513896
v 0.000000 0.430371 4.513896
v 1.781580 0.430371 4.513896
v 1.781580 0.241934 4.513896
v 0.000000 0.430371 4.513896
v 0.000000 0.430371 4.684112
v 1.781580 0.430371 4.684112
v 1.781580 0.430371 4.513896
v 0.000000 0.430371 4.684112
v 0.000000 0.241934 4.684112
v 1.781580 0.241934 4.684112
v 1.781580 0.430371 4.684112
v 0.000000 0.241934 4.137841
v 0.000000 0.241934 3.967626
v 1.781580 0.241934 3.967626
v 1.781580 0.241934 4.137841
v 0.000000 0.241934 3.967626
v 0.000000 0.430371 3.967625
v 1.781580 0.430371 3.967625
v 1.781580 0.241934 3.967626
v 0.000000 0.430371 3.967625
v 0.000000 0.430371 4.137841
v 1.781580 0.430371 4.137841
v 1.781580 0.430371 3.967625
v 0.000000 0.430371 4.137841
v 0.000000 0.241934 4.137841
v 1.781580 0.241934 4.137841
v 1.781580 0.430371 4.137841
v -1.781580 0.241934 4.513896
v -1.781580 0.241934 4.684112
v -1.781580 0.430371 4.513896
v -1.781580 0.430371 4.684112
v 0.000000 0.241934 4.513896
v 0.000000 0.241934 4.684112
v -1.781580 0.241934 4.513896
v -1.781580 0.241934 4.684112
v 0.000000 0.430371 4.513896
v 0.000000 0.241934 4.513896
v -1.781580 0.430371 4.513896
v -1.781580 0.241934 4.513896
v 0.000000 0.430371 4.684112
v 0.000000 0.430371 4.513896
v -1.781580 0.430371 4.684112
v -1.781580 0.430371 4.513896
v 0.000000 0.241934 4.684112
v 0.000000 0.430371 4.684112
v -1.781580 0.241934 4.684112
v -1.781580 0.430371 4.684112
v 0.000000 0.241934 3.967626
v 0.000000 0.241934 4.137841
v -1.781580 0.241934 3.967626
v -1.781580 0.241934 4.137841
v 0.000000 0.430371 3.967625
v 0.000000 0.241934 3.967626
v -1.781580 0.430371 3.967625
v -1.781580 0.241934 3.967626
v 0.000000 0.430371 4.137841
v 0.000000 0.430371 3.967625
v -1.781580 0.430371 4.137841
v -1.781580 0.430371 3.967625
v 0.000000 0.241934 4.137841
v 0.000000 0.430371 4.137841
v -1.781580 0.241934 4.137841
v -1.781580 0.430371 4.137841
vn 0.7465 0.6623 -0.0639
vn 0.9231 0.3843 -0.0093
vn 0.9141 0.4045 -0.0265
vn 0.7497 0.6529 -0.1081
vn 0.9424 0.3344 0.0017
vn 0.7578 0.6523 -0.0116
vn 0.7720 0.6351 0.0263
vn 0.7174 0.6953 0.0444
vn 0.9093 0.4134 0.0478
vn 0.6624 0.7449 0.0794
vn 0.9230 0.3613 -0.1324
vn 0.7608 0.5541 -0.3380
vn 0.7696 0.6046 -0.2054
vn 0.9134 0.3960 -0.0940
vn 0.9034 0.4249 -0.0573
vn 0.7511 0.6438 -0.1465
vn 0.4924 0.8682 0.0617
vn 0.8536 0.5198 0.0343
vn -0.9672 0.2156 -0.1344
vn -0.4111 0.5794 -0.7037
vn -0.3409 0.7797 -0.5252
vn -0.2829 0.8777 -0.3868
vn -0.9410 0.3230 -0.1014
vn -0.1865 0.9563 -0.2253
vn -0.8995 0.4286 -0.0847
vn -0.1865 0.9563 -0.2252
vn -0.6303 0.7735 -0.0667
vn -0.7521 0.6558 -0.0655
vn -0.7522 0.6557 -0.0655
vn 0.0231 0.9937 -0.1093
vn -0.0157 0.9944 -0.1049
vn -0.0973 0.9784 -0.1823
vn 0.7655 0.6422 -0.0395
vn 0.9307 0.3653 -0.0195
vn 0.6566 0.6754 0.3357
vn 0.7607 0.5541 -0.3380
vn 0.7875 0.4823 -0.3836
vn 0.5811 0.5704 -0.5805
vn 0.6826 0.5359 -0.4969
vn -0.4000 0.3975 -0.8258
vn -0.9738 0.1072 -0.2008
vn -0.9537 0.1077 -0.2807
vn -0.4068 0.2839 -0.8683
vn -0.9399 0.0797 -0.3321
vn -0.4373 0.1758 -0.8820
vn -0.1228 0.9833 -0.1341
vn 0.1139 0.9855 -0.1259
vn -0.1159 0.9872 -0.1099
vn -0.1284 0.9845 -0.1193
vn 0.2447 0.9574 -0.1534
vn -0.1160 0.9872 -0.1099
vn 0.1147 0.9901 -0.0808
vn 0.1485 0.9838 -0.1003
vn -0.4827 0.1172 -0.8679
vn -0.9374 -0.0298 -0.3471
vn -0.4564 0.0938 -0.8848
vn -0.7236 0.1652 -0.6702
vn -0.6364 -0.2635 -0.7249
vn 0.7975 0.5924 -0.1145
vn 0.7974 0.5924 -0.1145
vn 0.5916 0.7596 -0.2703
vn 0.5494 0.7689 -0.3269
vn 0.9230 0.3613 -0.1323
vn 0.8487 0.5286 -0.0133
vn 0.7975 0.5924 -0.1144
vn 0.7876 0.4823 -0.3836
vn 0.5917 0.7595 -0.2703
vn 0.7440 0.3732 -0.5542
vn 0.7441 0.3732 -0.5541
vn 0.3994 0.8753 -0.2727
vn 0.7441 0.3732 -0.5542
vn 0.5494 0.7690 -0.3269
vn 0.9372 0.2932 0.1888
vn 0.9608 0.2512 0.1172
vn 0.6200 0.7716 0.1423
vn 0.7611 0.4912 0.4236
vn 0.6543 0.7181 0.2372
vn 0.7811 0.4727 0.4080
vn 0.8536 0.5197 0.0344
vn 0.6566 0.6754 0.3358
vn 0.5554 0.5518 0.6221
vn 0.7870 0.4404 0.4320
vn 0.2756 0.9590 0.0662
vn 0.6543 0.7181 0.2371
vn 0.5554 -0.6984 0.4514
vn 0.9797 -0.1389 0.1448
vn 0.9139 -0.2811 0.2928
vn 0.9419 -0.2226 0.2516
vn 0.4070 -0.4151 0.8137
vn 0.6833 -0.4092 0.6047
vn 0.8186 0.5741 0.0163
vn 0.9665 0.2567 0.0065
vn 0.9684 0.2494 -0.0001
vn 0.8256 0.5642 0.0040
vn 0.5880 0.8086 0.0201
vn 0.8186 0.5742 0.0163
vn 0.8256 0.5643 0.0040
vn 0.5933 0.8050 0.0081
vn 0.3190 0.9474 0.0276
vn 0.5879 0.8087 0.0201
vn 0.5932 0.8050 0.0081
vn 0.3779 0.9256 0.0202
vn 0.8094 0.5863 0.0338
vn 0.9549 0.2955 0.0297
vn 0.5876 0.8083 0.0379
vn 0.2670 0.9631 0.0351
vn 0.5875 0.8083 0.0379
vn 0.2659 0.9610 0.0760
vn 0.9645 0.2612 0.0378
vn 0.9993 -0.0002 0.0373
vn 0.9990 0.0344 0.0274
vn 0.8091 0.5865 0.0370
vn 0.5869 0.8087 0.0390
vn 0.8091 0.5866 0.0370
vn 0.3096 0.9499 0.0421
vn -0.0039 0.9991 0.0414
vn 0.9663 0.2535 0.0456
vn 0.9988 -0.0092 0.0487
vn 0.8145 0.5780 0.0497
vn 0.5842 0.8100 0.0512
vn 0.2955 0.9540 0.0513
vn 0.5841 0.8100 0.0512
vn 0.0018 0.9986 0.0536
vn -0.2294 0.9718 0.0547
vn 0.1682 0.9802 0.1047
vn 0.9643 0.2546 0.0726
vn 0.9972 -0.0382 0.0639
vn 0.8068 0.5857 0.0781
vn 0.5869 0.8053 0.0834
vn 0.8067 0.5857 0.0781
vn 0.8145 0.5781 0.0497
vn 0.5869 0.8054 0.0835
vn 0.3070 0.9479 0.0852
vn 0.5868 0.8054 0.0834
vn -0.0000 0.9964 0.0844
vn -0.2327 0.9685 0.0885
vn -0.3483 0.9325 0.0958
vn 0.0958 0.9869 0.1295
vn 0.9582 0.2648 0.1083
vn 0.9963 -0.0060 0.0852
vn 0.8037 0.5832 0.1183
vn 0.5835 0.8026 0.1242
vn 0.8036 0.5833 0.1183
vn 0.3065 0.9432 0.1284
vn -0.0003 0.9915 0.1304
vn -0.2728 0.9524 0.1358
vn -0.3970 0.9007 0.1767
vn -0.3658 0.9041 0.2208
vn 0.0831 0.9804 0.1787
vn 0.9491 0.2918 0.1189
vn 0.9944 0.0144 0.1051
vn 0.8028 0.5794 0.1410
vn 0.5833 0.7985 0.1487
vn 0.8027 0.5794 0.1410
vn 0.3068 0.9392 0.1543
vn 0.5832 0.7986 0.1487
vn 0.0005 0.9875 0.1574
vn -0.3057 0.9390 0.1576
vn -0.5744 0.8004 0.1713
vn -0.6571 0.6548 0.3735
vn -0.5745 0.8004 0.1713
vn -0.3970 0.9006 0.1767
vn -0.6570 0.6548 0.3735
vn -0.3566 0.8579 0.3699
vn -0.4593 0.6265 0.6297
vn -0.6571 0.6548 0.3736
vn 0.1144 0.9022 0.4158
vn 0.1010 0.9543 0.2814
vn 0.1204 0.8006 0.5869
vn 0.1979 0.0226 0.9800
vn 0.0659 -0.0479 0.9967
vn -0.2122 0.2548 0.9434
vn 0.1459 0.3319 0.9319
vn -0.1805 0.0192 0.9834
vn -0.5858 0.3386 0.7363
vn -0.5469 -0.5631 0.6195
vn -0.2039 -0.3588 0.9109
vn -0.1359 -0.4708 0.8717
vn -0.3094 -0.7607 0.5706
vn -0.1491 -0.1827 0.9718
vn 0.9419 -0.2226 0.2517
vn 0.9689 -0.1799 0.1700
vn 0.9630 -0.1945 0.1868
vn 0.9991 0.0429 -0.0018
vn 0.0977 -0.4096 0.9070
vn -0.0204 -0.3833 0.9234
vn -0.0048 -0.7119 0.7023
vn 0.1369 -0.6660 0.7333
vn 0.9941 -0.0848 0.0680
vn 0.7909 -0.3825 0.4777
vn 0.6712 -0.4608 0.5806
vn 0.7545 -0.4183 0.5058
vn -0.1358 -0.4708 0.8717
vn 0.0141 -0.2569 0.9663
vn 0.0727 -0.3824 0.9211
vn 0.0094 -0.6112 0.7914
vn 0.0094 -0.6113 0.7913
vn 0.0179 -0.8708 0.4912
vn -0.3093 -0.7607 0.5706
vn -0.1358 -0.4709 0.8717
vn 0.2708 -0.6895 0.6718
vn 0.2863 -0.5971 0.7493
vn 0.3309 -0.5344 0.7778
vn 0.0147 -0.2710 0.9625
vn 0.6833 -0.4091 0.6047
vn 0.1246 0.9719 0.1996
vn 0.0083 -0.0147 0.9999
vn 0.2709 -0.6894 0.6718
vn 0.2864 -0.5971 0.7493
vn 0.3309 -0.5344 0.7777
vn 0.4838 -0.4393 0.7569
vn 0.7908 -0.3825 0.4778
vn 0.7908 -0.3826 0.4778
vn 0.7544 -0.4183 0.5059
vn 0.3310 -0.5344 0.7778
vn 0.4838 -0.4394 0.7569
vn 0.5378 -0.4374 0.7207
vn 0.6712 -0.4608 0.5807
vn 0.4837 -0.4394 0.7570
vn 0.5377 -0.4374 0.7208
vn 0.7440 -0.4616 0.4831
vn 0.7439 -0.4617 0.4832
vn 0.6833 -0.4092 0.6048
vn 0.1048 0.6071 0.7877
vn -0.4593 0.6266 0.6297
vn -0.2038 -0.3587 0.9109
vn 0.0034 -0.1278 0.9918
vn -0.0000 -0.3208 0.9472
vn -0.0000 -0.3833 0.9236
vn 0.0002 -0.7994 0.6007
vn 0.4150 0.9097 0.0126
vn 0.7457 0.6649 0.0429
vn 0.7782 0.6280 -0.0069
vn 0.7746 0.6322 0.0180
vn 0.5688 0.8224 -0.0099
vn 0.5576 0.8295 -0.0321
vn 0.8543 0.5196 -0.0110
vn 0.9791 0.2035 0.0066
vn 0.9999 -0.0051 0.0137
vn 0.9983 -0.0568 0.0101
vn 0.9984 -0.0562 0.0015
vn 1.0000 -0.0079 0.0030
vn 0.9992 -0.0397 0.0094
vn 0.9988 -0.0486 0.0019
vn 0.9962 -0.0871 0.0025
vn 0.9999 0.0062 0.0137
vn 0.9999 0.0074 0.0087
vn 0.9992 0.0260 0.0302
vn 0.9298 0.3360 0.1503
vn 0.9477 0.3188 0.0163
vn 0.8906 0.3719 0.2618
vn 0.9678 0.2278 0.1069
vn 0.9800 0.1839 0.0765
vn 0.9704 0.2250 0.0878
vn 0.9645 0.2593 0.0507
vn 0.9764 0.2090 0.0552
vn 0.9663 0.2573 -0.0053
vn 0.9678 0.2516 -0.0025
vn 0.9649 0.2625 0.0041
vn 0.9680 0.2496 -0.0249
vn 0.9694 0.2443 -0.0251
vn 0.9706 0.2404 -0.0095
vn 0.9789 0.2043 0.0084
vn 0.7112 0.7028 -0.0176
vn 0.5689 0.8223 -0.0099
vn 0.7111 0.7028 -0.0176
vn -0.0000 0.9933 0.1157
vn -0.7327 0.6793 0.0412
vn -0.6765 0.6696 -0.3066
vn -0.0000 0.9804 -0.1970
vn -0.0000 0.6472 -0.7623
vn -0.0000 0.7196 -0.6943
vn -0.0000 0.7196 -0.6944
vn -0.0000 0.6471 -0.7624
vn -0.0000 0.0100 -1.0000
vn -0.0000 0.0734 -0.9973
vn -0.0000 -0.5180 -0.8554
vn -0.0000 -0.4858 -0.8741
vn -0.0000 -0.4859 -0.8740
vn -0.0000 -0.5181 -0.8553
vn -0.0000 -0.7556 -0.6550
vn -0.0000 -0.7522 -0.6590
vn -0.0000 -0.8745 -0.4850
vn -0.0000 -0.8811 -0.4729
vn -0.1818 -0.9818 -0.0547
vn -0.0000 -0.9872 -0.1593
vn -0.2630 -0.9571 0.1214
vn -0.0000 -0.9703 0.2418
vn -0.0000 0.8575 0.5144
vn -0.0000 0.4825 0.8759
vn -0.7676 0.1556 0.6218
vn -0.8208 0.4544 0.3462
vn -0.0000 0.1848 0.9828
vn -0.7191 -0.0695 0.6914
vn -0.0000 0.0037 1.0000
vn -0.6986 -0.2013 0.6866
vn -0.0000 -0.2865 0.9581
vn -0.7039 -0.4165 0.5754
vn -0.0000 -0.7270 0.6866
vn -0.7168 -0.5955 0.3628
vn -0.0000 -0.7271 0.6866
vn -0.7168 -0.5955 0.3627
vn -0.8207 0.4545 0.3462
vn -0.0000 0.8576 0.5143
vn 0.9135 0.3959 -0.0940
vn 0.9520 0.3044 -0.0335
vn 0.9538 0.2989 -0.0303
vn 0.9410 0.3379 -0.0193
vn 0.9660 0.2530 0.0539
vn 0.9724 0.2291 -0.0445
vn 0.9802 0.1964 -0.0263
vn 0.9969 0.0790 0.0042
vn 0.9977 0.0672 0.0111
vn 0.9867 0.1590 0.0331
vn 0.9691 0.2391 0.0611
vn 0.9642 0.2528 0.0799
vn 0.9643 0.2624 0.0348
vn 0.9609 0.2761 0.0191
vn 0.9510 0.3092 -0.0044
vn 0.9366 0.3503 0.0016
vn 0.9334 0.3588 -0.0079
vn 0.9355 0.3529 -0.0153
vn 0.9654 0.2557 -0.0520
vn 0.9886 -0.0944 0.1172
vn 0.9901 -0.0838 0.1130
vn 0.9914 -0.1148 0.0631
vn 0.9909 -0.1309 0.0300
vn 0.9922 0.0353 0.1196
vn 0.9302 0.3664 -0.0221
vn 0.8023 0.5968 -0.0136
vn 0.6711 0.7413 -0.0121
vn 0.8487 0.5287 -0.0133
vn 0.5576 0.8295 -0.0320
vn 0.9922 0.0354 0.1197
vn 0.9847 0.1055 0.1386
vn 0.8196 0.4928 0.2923
vn 0.8384 0.5444 -0.0275
vn 0.9841 0.1763 -0.0222
vn 0.8171 0.5753 -0.0374
vn 0.9681 0.2497 -0.0212
vn 0.9922 0.0353 0.1197
vn 0.9146 0.3937 0.0921
vn 0.8125 0.5825 -0.0243
vn 0.9146 0.3937 0.0922
vn 0.8196 0.4928 0.2922
vn 0.8490 0.5268 -0.0409
vn 0.8170 0.5754 -0.0374
vn 0.9909 -0.0711 0.1143
vn 0.9968 0.0787 -0.0115
vn 0.9942 0.1061 -0.0165
vn 0.9973 -0.0732 -0.0027
vn 0.9977 -0.0644 -0.0217
vn 0.9997 -0.0140 -0.0211
vn 0.9999 -0.0107 -0.0035
vn 0.9991 0.0383 -0.0196
vn 0.9990 0.0433 -0.0059
vn 0.9876 -0.0985 0.1219
vn 0.9916 -0.0613 0.1135
vn 0.9842 0.1598 0.0770
vn 0.9811 0.0894 0.1718
vn 0.9749 0.2225 -0.0055
vn 0.9700 0.0241 0.2418
vn 0.9829 -0.1706 0.0696
vn 0.9874 -0.1340 0.0840
vn 0.8125 0.5824 -0.0243
vn 0.8490 0.5267 -0.0409
vn 0.9909 -0.0712 0.1143
vn 0.9900 -0.0838 0.1131
vn 0.9916 -0.0614 0.1135
vn 0.9886 -0.0945 0.1172
vn 0.9876 -0.0986 0.1219
vn 0.9914 -0.1149 0.0631
vn 0.8488 0.5286 -0.0133
vn -0.7238 -0.1482 -0.6739
vn -0.0000 0.1104 -0.9939
vn -0.0000 0.4716 -0.8818
vn -0.7636 0.0815 -0.6405
vn -0.0000 0.8508 -0.5255
vn -0.7913 0.4557 -0.4078
vn -0.0000 0.8509 -0.5254
vn -0.0000 0.9903 -0.1386
vn -0.7307 0.6729 -0.1151
vn -0.0000 0.9842 0.1769
vn -0.7344 0.6584 0.1650
vn -0.6872 -0.4442 -0.5748
vn -0.0000 -0.3763 -0.9265
vn -0.0000 -0.1497 -0.9887
vn -0.6890 -0.2979 -0.6607
vn -0.0000 -0.9150 0.4034
vn -0.0000 -0.9746 0.2240
vn -0.1891 -0.9605 0.2040
vn -0.2394 -0.9240 0.2980
vn -0.0000 -0.9921 0.1255
vn -0.1936 -0.9743 0.1155
vn -0.0000 -0.9979 0.0642
vn -0.1944 -0.9790 0.0611
vn -0.0000 -0.9766 -0.2151
vn -0.2713 -0.9592 -0.0801
vn -0.0000 -0.7251 -0.6886
vn -0.6887 -0.6243 -0.3688
vn -0.0000 -0.7251 -0.6887
vn -0.6886 -0.6243 -0.3688
vn -0.4450 -0.7666 0.4630
vn -0.0000 -0.7603 0.6496
vn -0.4450 -0.7666 0.4629
vn -0.5499 -0.5671 0.6132
vn -0.0000 -0.5141 0.8577
vn -0.6353 -0.2987 0.7122
vn -0.0000 -0.0724 0.9974
vn -0.7228 0.1448 0.6757
vn -0.0000 0.5007 0.8656
vn -0.7227 0.1449 0.6758
vn -0.7064 0.5303 0.4688
vn -0.0000 0.8457 0.5336
vn -0.0000 0.5008 0.8656
vn 0.9407 0.3372 -0.0365
vn 0.8171 0.5745 -0.0469
vn 0.9522 0.2996 -0.0596
vn 0.8650 0.4961 -0.0756
vn 0.9528 0.2950 -0.0719
vn 0.9163 0.3904 -0.0893
vn 0.9606 0.2644 -0.0861
vn 0.9436 0.3162 -0.0982
vn 0.9682 0.2327 -0.0916
vn 0.9685 0.2268 -0.1032
vn 0.8430 0.5366 -0.0366
vn 0.8871 0.4567 -0.0668
vn 0.8947 0.4398 -0.0775
vn 0.9133 0.3966 -0.0924
vn 0.9167 0.3872 -0.0982
vn 0.9401 0.3265 -0.0976
vn 0.7646 0.6383 -0.0890
vn 0.7522 0.6551 -0.0710
vn 0.7740 0.6244 -0.1051
vn 0.7555 0.6451 -0.1143
vn 0.7574 0.6432 -0.1123
vn 0.7974 0.5925 -0.1144
vn 0.8486 0.5287 -0.0167
vn 0.7231 0.6898 -0.0368
vn 0.1146 0.9901 -0.0808
vn 0.1484 0.9838 -0.1003
vn 0.7739 0.6245 -0.1051
vn 0.0230 0.9937 -0.1093
vn -0.0158 0.9944 -0.1049
vn 0.7573 0.6433 -0.1123
vn 0.9281 -0.3552 -0.1116
vn 0.9253 -0.3590 -0.1223
vn 0.9851 -0.1277 -0.1152
vn 0.9831 -0.1567 -0.0948
vn 0.8869 -0.3809 -0.2615
vn 0.9942 -0.0206 -0.1059
vn 0.9995 -0.0129 -0.0299
vn 0.9987 0.0385 -0.0332
vn 0.9981 -0.0205 -0.0588
vn 0.9971 0.0469 -0.0601
vn 0.9962 -0.0431 -0.0761
vn 0.9963 0.0340 -0.0795
vn 0.9947 -0.0341 -0.0967
vn 0.9942 0.0346 -0.1018
vn 0.9956 0.0862 -0.0365
vn 0.9932 0.0971 -0.0649
vn 0.9947 0.0692 -0.0761
vn 0.9938 0.0472 -0.1005
vn 0.9931 0.0022 -0.1169
vn 0.9769 0.2099 -0.0401
vn 0.9827 0.1714 -0.0702
vn 0.9879 0.1331 -0.0793
vn 0.9892 0.1063 -0.1008
vn 0.9902 0.0782 -0.1157
vn 0.9821 0.0194 -0.1876
vn 0.9921 0.0523 -0.1141
vn 0.8055 0.5906 -0.0484
vn 0.8872 0.4533 -0.0861
vn 0.9226 0.3742 -0.0936
vn 0.9501 0.2921 -0.1092
vn 0.9723 0.2034 -0.1154
vn 0.9894 0.0903 -0.1141
vn 0.8171 0.5746 -0.0469
vn 0.8649 0.4962 -0.0756
vn 0.9163 0.3905 -0.0894
vn 0.9435 0.3163 -0.0983
vn 0.9685 0.2268 -0.1033
vn 0.9837 0.1490 -0.1008
vn -0.1010 0.2371 -0.9662
vn 0.4556 0.1852 -0.8707
vn 0.5161 -0.3320 -0.7896
vn -0.0433 -0.3315 -0.9425
vn 0.4557 0.1852 -0.8707
vn 0.8064 0.1056 -0.5818
vn 0.8123 -0.2510 -0.5265
vn 0.5160 -0.3321 -0.7896
vn 0.4557 0.1851 -0.8707
vn 0.9749 0.2226 -0.0055
vn 0.9718 0.2356 -0.0115
vn 0.9764 0.2108 -0.0476
vn 0.9702 0.2392 -0.0392
vn 0.9806 0.1817 -0.0738
vn 0.9757 0.2087 -0.0673
vn 0.9758 0.1894 -0.1092
vn 0.9858 0.1309 -0.1051
vn 0.9819 0.1142 -0.1512
vn 0.9829 0.0864 -0.1624
vn 0.9781 0.0230 -0.2067
vn 0.9676 0.0243 -0.2515
vn 0.9568 -0.1091 -0.2696
vn 0.9745 -0.0943 -0.2037
vn 0.9648 -0.2614 -0.0281
vn 0.9066 -0.4203 -0.0372
vn 0.8914 -0.4517 -0.0371
vn 0.9553 -0.2925 -0.0418
vn 0.8902 -0.4535 -0.0432
vn 0.9510 -0.3040 -0.0562
vn 0.9480 -0.3173 -0.0227
vn 0.9091 -0.4166 0.0029
vn 0.9134 -0.3950 0.0980
vn 0.9668 -0.2538 0.0290
vn 0.9753 -0.2141 0.0541
vn 0.9351 -0.2920 0.2008
vn 0.9413 -0.2617 0.2131
vn 0.9783 -0.2026 0.0435
vn 0.9649 -0.2613 -0.0281
vn 0.9554 -0.2925 -0.0418
vn 0.9764 0.2107 -0.0476
vn 0.9718 0.2355 -0.0115
vn 0.9510 -0.3039 -0.0562
vn 0.9806 0.1816 -0.0739
vn 0.9481 -0.3173 -0.0227
vn 0.9819 0.1141 -0.1512
vn 0.9858 0.1308 -0.1051
vn 0.9753 -0.2140 0.0541
vn 0.9568 -0.1091 -0.2695
vn 0.9676 0.0242 -0.2514
vn 0.9702 0.2391 -0.0392
vn 0.9757 0.2086 -0.0673
vn 0.9781 0.0229 -0.2067
vn 0.9375 -0.2933 -0.1875
vn 0.9600 -0.2706 0.0720
vn 0.9600 -0.2706 0.0719
vn 0.9325 -0.3059 -0.1922
vn 0.9324 -0.3059 -0.1923
vn 0.9374 -0.2933 -0.1875
vn 0.7231 0.6897 -0.0368
vn 0.7130 -0.7011 0.0068
vn 0.7066 -0.7076 -0.0083
vn 0.9842 -0.0922 0.1513
vn 0.9829 -0.1707 0.0697
vn 0.9829 -0.1838 0.0111
vn 0.9554 -0.2835 -0.0830
vn 0.9096 -0.3975 -0.1210
vn 0.6217 -0.7830 0.0199
vn 0.9773 -0.2072 0.0441
vn 0.9773 -0.2072 0.0440
vn 0.6217 -0.7830 0.0198
vn 0.9608 -0.2553 -0.1084
vn 0.6154 -0.7821 -0.0980
vn 0.8290 -0.4698 -0.3033
vn 0.9511 -0.2563 -0.1723
vn 0.9464 -0.2321 -0.2245
vn 0.8405 -0.2899 -0.4578
vn 0.9704 -0.1817 -0.1587
vn 0.9614 -0.2156 -0.1711
vn 0.9842 -0.0922 0.1512
vn 0.9704 -0.1818 -0.1588
vn 0.9408 -0.1959 -0.2767
vn 0.9393 -0.2104 -0.2712
vn 0.9614 -0.2157 -0.1711
vn 0.9811 0.0895 0.1718
vn 0.9709 0.1172 0.2089
vn 0.9775 0.1978 0.0737
vn 0.9841 0.1598 0.0770
vn 0.9511 -0.2562 -0.1723
vn 0.9554 -0.2834 -0.0830
vn 0.9775 0.1977 0.0737
vn 0.9700 0.0241 0.2419
vn 0.9568 -0.0003 0.2907
vn 0.9568 -0.0004 0.2907
vn 0.9465 -0.2320 -0.2244
vn 0.3700 -0.7319 0.5722
vn 0.3923 -0.8520 -0.3467
vn 0.4831 -0.8584 -0.1724
vn 0.5087 -0.8517 -0.1262
vn 0.6435 -0.7214 -0.2559
vn 0.7871 0.4403 0.4319
vn 0.8065 0.1056 -0.5818
vn 0.9317 -0.1634 -0.3243
vn -0.7235 0.1652 -0.6702
vn -0.1011 0.2371 -0.9662
vn -0.0432 -0.3316 -0.9424
vn -0.6365 -0.2635 -0.7249
vn 0.8808 -0.4689 -0.0659
vn 0.9829 -0.1706 0.0697
vn 0.7131 -0.7010 0.0068
vn -0.0001 -1.0000 -0.0070
vn 0.7066 -0.7075 -0.0084
vn 0.0003 -0.9702 0.2424
vn 0.0002 -0.9776 0.2104
vn -0.0001 -0.9984 0.0568
vn -0.0002 -0.9993 0.0379
vn 0.0001 -0.9949 -0.1007
vn 0.0001 -0.9974 -0.0717
vn 0.0002 -0.9974 -0.0720
vn 0.4831 -0.8584 -0.1723
vn -0.0003 -0.9862 -0.1658
vn -0.1057 -0.8295 -0.5484
vn 0.3922 -0.8520 -0.3468
vn -0.0001 -0.9995 -0.0319
vn -0.0001 -0.9991 -0.0417
vn -0.0091 -0.2747 -0.9615
vn -0.0978 -0.3023 -0.9482
vn -0.0118 -0.0623 -0.9980
vn -0.0002 -0.0353 -0.9994
vn 0.0003 -0.3532 0.9355
vn -0.5225 -0.1925 0.8306
vn -0.3602 -0.3983 0.8436
vn -0.0000 -0.4325 0.9016
vn 1.0000 -0.0013 -0.0011
vn 1.0000 -0.0006 -0.0009
vn 1.0000 0.0014 0.0012
vn -0.0000 -0.7148 0.6993
vn -0.5704 -0.6020 0.5587
vn -0.5782 -0.7884 0.2102
vn -0.0000 -0.9687 0.2482
vn -0.0000 -0.7149 0.6992
vn -0.5704 -0.6020 0.5588
vn 1.0000 0.0006 -0.0006
vn 1.0000 0.0010 -0.0003
vn -0.5870 -0.7884 -0.1840
vn -0.0000 -0.9630 -0.2694
vn -0.5406 -0.6195 -0.5692
vn -0.0049 -0.6965 -0.7176
vn -0.0049 -0.6964 -0.7176
vn -0.5405 -0.6196 -0.5692
vn 1.0000 0.0023 0.0017
vn 1.0000 0.0039 0.0069
vn 1.0000 0.0015 0.0002
vn 0.0003 -0.9401 0.3409
vn 0.0001 -0.9405 0.3397
vn 1.0000 -0.0000 -0.0000
vn -0.0410 -0.2720 -0.9614
vn -0.0010 -0.2736 -0.9619
vn -0.0003 -0.4945 -0.8692
vn -0.2697 -0.4655 -0.8430
vn -0.0000 -0.8608 -0.5089
vn -0.3643 -0.8035 -0.4709
vn -0.3642 -0.8035 -0.4709
vn -0.0000 -0.8609 -0.5088
vn -0.0000 -0.9912 -0.1327
vn -0.4436 -0.8880 -0.1212
vn -0.3960 -0.9118 0.1086
vn -0.0000 -0.9899 0.1418
vn -0.0000 -0.8000 0.5999
vn -0.3724 -0.7541 0.5409
vn -0.3400 -0.4554 0.8228
vn -0.0000 -0.8000 0.6000
vn 0.0025 -0.4874 0.8732
vn 0.0088 -0.4201 0.9074
vn -0.5767 -0.3423 0.7418
vn 1.0000 0.0011 -0.0001
vn 1.0000 -0.0000 -0.0003
vn 1.0000 -0.0000 -0.0004
vn 1.0000 0.0010 -0.0001
vn 1.0000 0.0012 -0.0003
vn 1.0000 -0.0004 -0.0006
vn 1.0000 -0.0001 -0.0004
vn 0.0003 -0.7995 0.6007
vn 0.0001 -0.9271 0.3748
vn 0.0021 -1.0000 -0.0094
vn 0.6711 -0.4608 0.5807
vn 0.5555 -0.6984 0.4514
vn 0.3700 -0.7319 0.5723
vn 0.1580 -0.9780 -0.1365
vn -0.7997 -0.0491 -0.5984
vn -0.7340 -0.0114 -0.6791
vn -0.7185 -0.0078 -0.6955
vn -0.7301 -0.1879 0.6570
vn -0.5225 -0.1926 0.8306
vn -0.5224 -0.1925 0.8307
vn -0.9632 0.1954 0.1847
vn -0.7302 -0.1879 0.6569
vn -0.5147 -0.5653 0.6446
vn -0.9778 -0.1911 0.0862
vn -0.5781 -0.7884 0.2101
vn -0.5703 -0.6021 0.5588
vn -0.9746 -0.1962 0.1079
vn -0.8504 -0.2978 0.4336
vn -0.8504 -0.2978 0.4337
vn -0.9812 -0.1867 0.0492
vn -0.9673 -0.2520 -0.0275
vn -0.5405 -0.6195 -0.5693
vn -0.5869 -0.7884 -0.1840
vn -0.8087 -0.3704 -0.4570
vn -0.8086 -0.3704 -0.4570
vn 0.7496 -0.5928 -0.2944
vn 0.8290 -0.4699 -0.3033
vn -0.5318 -0.3967 -0.7482
vn -0.5917 -0.3399 -0.7309
vn -0.5918 -0.3399 -0.7309
vn -0.0576 -0.9965 -0.0598
vn 0.0434 -0.4135 -0.9095
vn 0.0198 -0.9085 -0.4175
vn -0.0000 -0.9297 -0.3683
vn -0.0000 -0.4291 -0.9032
vn 0.0197 -0.9085 -0.4175
vn -0.0000 -0.9861 -0.1659
vn -0.0000 -0.9297 -0.3682
vn 0.1092 -0.3954 -0.9120
vn 0.1695 -0.2725 -0.9471
vn 0.3633 0.0545 -0.9301
vn -0.4564 0.0939 -0.8848
vn -0.9373 -0.0299 -0.3471
vn 0.5160 -0.3320 -0.7896
vn 0.3923 -0.8520 -0.3468
vn 0.9317 -0.1635 -0.3243
vn 0.8869 -0.3808 -0.2615
vn 0.9992 0.0261 0.0302
vn 0.9922 0.0354 0.1196
vn 0.9823 0.0181 -0.1865
vn 0.9199 -0.2681 -0.2861
vn 0.5985 -0.3809 -0.7047
vn 0.6167 -0.4969 -0.6106
vn 0.9203 -0.3068 -0.2427
vn 0.9133 -0.3759 -0.1568
vn 0.9171 -0.3416 -0.2055
vn 0.6054 -0.6161 -0.5039
vn 0.6184 -0.6925 -0.3714
vn 0.5089 -0.8587 0.0608
vn 0.5100 -0.8332 0.2137
vn 0.8816 -0.4527 0.1338
vn 0.8745 -0.4820 0.0547
vn 0.8831 -0.3056 0.3559
vn 0.8829 -0.3523 0.3105
vn 0.5244 -0.6595 0.5386
vn 0.5532 -0.5526 0.6234
vn 0.5619 -0.4670 0.6828
vn 0.5354 -0.3849 0.7518
vn 0.8991 -0.2416 0.3650
vn 0.8911 -0.2597 0.3722
vn 0.5619 -0.4671 0.6828
vn 0.8647 0.1143 0.4892
vn 0.8092 0.1107 0.5770
vn 0.8604 0.1757 0.4784
vn 0.9013 0.1661 0.4002
vn 0.9252 0.2023 0.3209
vn 0.8988 0.2235 0.3771
vn 0.9275 0.2391 0.2872
vn 0.9417 0.2148 0.2590
vn 0.9553 0.2952 0.0175
vn 0.9494 0.3107 -0.0460
vn 0.9729 0.2304 -0.0180
vn 0.9691 0.2454 0.0229
vn 0.9343 0.2560 -0.2480
vn 0.9570 0.2413 -0.1607
vn 0.9304 0.2899 -0.2242
vn 0.9208 0.2650 -0.2863
vn 0.9002 0.2435 -0.3611
vn 0.9109 0.1534 -0.3830
vn 0.9318 0.1595 -0.3259
vn 0.9251 0.2387 -0.2953
vn 0.9002 0.2436 -0.3611
vn 0.8092 0.1108 0.5770
vn 0.8604 0.1756 0.4784
vn 0.9276 0.2391 0.2872
vn 0.8989 0.2234 0.3770
vn 0.9494 0.3106 -0.0460
vn 0.9305 0.2898 -0.2242
vn 0.8829 -0.3522 0.3106
vn 0.9002 0.2436 -0.3610
vn 0.9658 0.2546 0.0494
vn 0.9538 0.2951 0.0559
vn 0.9539 0.2950 0.0559
vn 0.8942 -0.4474 0.0185
vn 0.8941 -0.4474 0.0185
vn 0.5871 -0.8095 -0.0110
vn 0.9679 0.2370 0.0833
vn 0.9557 0.2769 0.1002
vn 0.9557 0.2768 0.1002
vn 0.9051 -0.4249 -0.0190
vn 0.9050 -0.4249 -0.0190
vn 0.6076 -0.7889 -0.0915
vn 0.9665 0.2450 -0.0769
vn 0.9440 0.3039 -0.1282
vn 0.8783 -0.4139 0.2392
vn 0.8783 -0.4140 0.2392
vn 0.4962 -0.7696 0.4019
vn 0.9244 -0.2058 0.3211
vn 0.5355 -0.3849 0.7518
vn 0.5355 -0.3848 0.7518
vn 0.7261 -0.3065 0.6154
vn 0.9244 -0.2058 0.3212
vn 0.9789 0.0099 -0.2039
vn 0.9684 -0.1595 0.1915
vn 0.9885 0.0051 -0.1513
vn 0.9110 0.1534 -0.3829
vn 0.9823 0.0181 -0.1866
vn 0.9692 0.2454 0.0229
vn 0.9319 0.1595 -0.3259
vn 0.6032 -0.4486 0.6596
vn 0.6291 -0.7473 -0.2139
vn 0.6030 -0.4486 0.6596
vn 0.6292 -0.7473 -0.2138
vn 0.1580 -0.9780 -0.1366
vn 0.5986 -0.3809 -0.7047
vn 0.9013 0.1662 0.4001
vn 0.9417 0.2148 0.2589
vn 0.9671 0.1993 0.1579
vn 0.9730 0.2303 -0.0179
vn 0.9665 0.2449 -0.0769
vn 0.9571 0.2413 -0.1607
vn 0.9344 0.2559 -0.2479
vn -0.2697 -0.4654 -0.8430
vn -0.5311 -0.2604 -0.8063
vn -0.5824 -0.4184 -0.6970
vn -0.7595 -0.6255 -0.1787
vn -0.7389 -0.6242 -0.2539
vn -0.7739 -0.6333 0.0076
vn -0.8255 -0.5613 -0.0596
vn -0.4436 -0.8880 -0.1211
vn -0.7104 -0.6866 0.1545
vn -0.3724 -0.7541 0.5410
vn -0.7209 -0.4611 0.5174
vn -0.7764 -0.4967 0.3880
vn -0.9853 -0.1018 0.1371
vn -0.6238 -0.3270 0.7099
vn -0.5766 -0.3423 0.7418
vn -0.3643 -0.8034 -0.4709
vn -0.5550 -0.5466 -0.6270
vn -0.7267 -0.5460 -0.4170
vn -0.5551 -0.5466 -0.6270
vn -0.3725 -0.7541 0.5410
vn -0.6033 -0.4558 0.6544
vn -0.6238 -0.3271 0.7099
vn -0.7104 -0.6866 0.1546
vn -0.7405 -0.6284 0.2385
vn -0.0694 -0.9972 0.0295
vn -0.2254 -0.9742 0.0145
vn -0.2069 -0.9782 0.0163
vn -0.0642 -0.9975 0.0300
vn 0.6031 -0.4485 0.6596
vn 0.8096 -0.2844 0.5135
vn 0.9684 -0.1595 0.1916
vn 0.9885 0.0051 -0.1514
vn 0.8808 -0.4689 -0.0660
vn -0.9967 0.0730 -0.0357
vn 0.6184 -0.6926 -0.3714
vn 0.6444 -0.7294 -0.2298
vn 0.9239 -0.3739 -0.0819
vn 0.9452 0.2596 0.1977
vn 0.9671 0.1994 0.1579
vn 0.9239 -0.3738 -0.0819
vn 0.9453 0.2595 0.1977
vn 0.8988 0.2235 0.3770
vn 0.9252 0.2022 0.3210
vn 0.9253 0.2023 0.3209
vn 0.9239 -0.3739 -0.0818
vn 0.5244 -0.6596 0.5385
vn 0.9208 0.2650 -0.2864
vn -0.0049 -0.0110 0.9999
vn -0.0302 -0.0281 0.9991
vn -0.0062 -0.0201 0.9998
vn 0.0006 -0.0124 0.9999
vn -0.0012 -0.0175 0.9998
vn -0.0048 -0.0110 0.9999
vn -0.0061 -0.0201 0.9998
vn -0.0012 -0.0176 0.9998
vn 0.0005 -0.0125 0.9999
vn 0.0015 -0.0238 0.9997
vn 0.0016 -0.0237 0.9997
vn 0.0184 -0.0475 0.9987
vn 0.0050 -0.0192 0.9998
vn 0.0014 -0.0236 0.9997
vn 0.0051 -0.0193 0.9998
vn 0.0294 -0.0163 0.9994
vn 0.0188 -0.0214 0.9996
vn 0.0187 -0.0214 0.9996
vn -0.5376 -0.1405 0.8314
vn -0.0067 0.0102 0.9999
vn 0.0187 -0.0213 0.9996
vn -0.0012 -0.0174 0.9998
vn -0.0066 0.0103 0.9999
vn 0.1439 0.2051 0.9681
vn 0.0181 0.0561 0.9983
vn 0.0180 0.0560 0.9983
vn 0.0129 -0.0154 0.9998
vn -0.0029 0.0061 1.0000
vn 0.0180 0.0561 0.9983
vn -0.0068 0.0012 1.0000
vn -0.0187 0.0122 0.9998
vn -0.0028 0.0061 1.0000
vn -0.8473 0.2986 0.4392
vn -0.8475 0.2984 0.4389
vn -0.6778 0.5876 0.4419
vn -0.6777 0.5877 0.4421
vn -0.6776 0.5877 0.4421
vn -0.6778 0.5877 0.4419
vn -0.3793 0.8103 0.4467
vn -0.3789 0.8104 0.4469
vn -0.3788 0.8104 0.4469
vn -0.3792 0.8103 0.4467
vn -0.0078 0.8952 0.4456
vn -0.0077 0.8952 0.4456
vn -0.0069 0.8949 0.4461
vn -0.0068 0.8949 0.4461
vn 0.3401 0.8283 0.4452
vn 0.3406 0.8279 0.4456
vn -0.0068 0.8950 0.4461
vn 0.3407 0.8279 0.4456
vn 0.3402 0.8283 0.4452
vn 0.6114 0.6555 0.4432
vn 0.6115 0.6555 0.4432
vn 0.6132 0.6547 0.4420
vn 0.7913 0.4226 0.4418
vn 0.7926 0.4228 0.4393
vn 0.6132 0.6546 0.4420
vn 0.7927 0.4227 0.4393
vn 0.7914 0.4226 0.4418
vn 0.8767 0.2033 0.4359
vn 0.8769 0.2027 0.4359
vn 0.8769 0.2026 0.4359
vn 0.8763 0.2031 0.4368
vn 0.8990 -0.0331 0.4367
vn 0.8990 -0.0331 0.4366
vn 0.8985 -0.0350 0.4376
vn 0.8990 -0.0332 0.4366
vn 0.8527 -0.2926 0.4329
vn 0.8527 -0.2926 0.4328
vn 0.8526 -0.2927 0.4328
vn 0.8526 -0.2926 0.4329
vn 0.7303 -0.5285 0.4328
vn 0.7302 -0.5285 0.4329
vn 0.5266 -0.7333 0.4301
vn 0.5264 -0.7333 0.4304
vn 0.5263 -0.7333 0.4304
vn 0.2778 -0.8595 0.4291
vn 0.2777 -0.8595 0.4291
vn 0.0001 -0.9036 0.4285
vn 0.0001 -0.9036 0.4284
vn -0.2776 -0.8598 0.4286
vn -0.2776 -0.8598 0.4285
vn -0.2777 -0.8598 0.4285
vn -0.2777 -0.8598 0.4286
vn -0.5284 -0.7324 0.4294
vn -0.5284 -0.7325 0.4292
vn -0.7277 -0.5338 0.4308
vn -0.7277 -0.5339 0.4306
vn -0.5285 -0.7325 0.4292
vn -0.7277 -0.5338 0.4306
vn -0.7277 -0.5337 0.4308
vn -0.8559 -0.2831 0.4328
vn -0.8560 -0.2833 0.4325
vn -0.8559 -0.2830 0.4328
vn -0.9004 -0.0039 0.4350
vn -0.9005 -0.0041 0.4348
vn -0.8560 -0.2832 0.4325
vn -0.9005 -0.0040 0.4348
vn -0.9004 -0.0038 0.4350
vn -0.8475 0.2983 0.4389
vn -0.8473 0.2985 0.4392
vn 0.0775 -0.3978 0.9142
vn -0.0000 -0.4675 0.8840
vn -0.0000 -0.5038 0.8638
vn -0.9664 -0.0931 0.2396
vn -0.8381 -0.2233 0.4977
vn -0.9137 -0.2402 0.3278
vn -0.0166 -0.9449 0.3270
vn -0.0250 -0.9586 0.2835
vn -0.0096 -0.9442 0.3293
vn 0.1357 -0.3367 0.9318
vn 0.1626 -0.3435 0.9250
vn 0.0940 -0.4075 0.9084
vn -0.0251 -0.9813 0.1908
vn -0.0000 -0.9496 0.3135
vn 0.1357 -0.3368 0.9318
vn 0.0939 -0.4075 0.9084
vn -0.0000 -0.4674 0.8840
vn 0.0776 -0.3977 0.9142
vn -0.9662 -0.1088 0.2335
vn -0.8381 -0.2232 0.4977
vn -0.9664 -0.0931 0.2397
vn -0.9681 -0.0948 0.2320
vn -0.9681 -0.0948 0.2321
vn -0.9685 -0.0904 0.2320
vn -0.9670 -0.0970 0.2354
vn 0.0017 1.0000 -0.0057
vn 0.0028 1.0000 -0.0090
vn -0.0000 1.0000 0.0030
vn -0.0000 1.0000 0.0029
vn -0.0000 1.0000 0.0058
vn 0.0017 1.0000 -0.0056
vn -0.0000 -0.9441 0.3297
vn 0.0011 -0.9431 0.3325
vn 0.0009 -0.9431 0.3325
vn -0.0075 -0.9430 0.3327
vn -0.0250 -0.9587 0.2835
vn -0.0218 -0.9438 0.3299
vn -0.0166 -0.9449 0.3271
vn -0.0260 -0.9458 0.3238
vn -0.0128 -0.9461 0.3237
vn -0.9585 -0.1404 0.2481
vn -0.8382 -0.2232 0.4977
vn -0.9662 -0.1088 0.2336
vn 0.0106 0.1549 -0.9879
vn 0.0041 0.1403 -0.9901
vn 0.0043 0.1828 -0.9831
vn 0.0053 0.1963 -0.9805
vn 0.0043 0.1829 -0.9831
vn 0.0022 0.2260 -0.9741
vn 0.0022 0.2259 -0.9741
vn -0.0032 0.2346 -0.9721
vn -0.0005 0.2220 -0.9750
vn -0.0033 0.2346 -0.9721
vn 0.0015 0.2016 -0.9795
vn -0.0006 0.2220 -0.9750
vn -0.0006 0.2014 -0.9795
vn 0.0014 0.2016 -0.9795
vn -0.0000 0.1873 -0.9823
vn -0.0000 0.1874 -0.9823
vn 0.0022 0.2008 -0.9796
vn 0.0022 0.2009 -0.9796
vn 0.0066 0.2256 -0.9742
vn 0.0084 0.2245 -0.9744
vn 0.0100 0.2487 -0.9685
vn 0.0067 0.2256 -0.9742
vn 0.0085 0.2245 -0.9744
vn -0.0064 0.9686 -0.2485
vn -0.0017 0.9727 -0.2321
vn -0.0035 0.9717 -0.2364
vn 0.0019 0.9654 -0.2609
vn -0.0017 0.9727 -0.2322
vn 0.0767 0.9372 -0.3401
vn -0.0003 0.9892 -0.1467
vn -0.0004 0.9892 -0.1465
vn -0.0035 0.9717 -0.2363
vn -0.0017 0.9727 -0.2320
vn -0.0026 0.2072 -0.9783
vn -0.0037 0.2072 -0.9783
vn -0.0052 0.1915 -0.9815
vn -0.0041 0.1916 -0.9815
vn -0.0042 0.1916 -0.9815
vn -0.0053 0.1916 -0.9815
vn 0.0007 0.2037 -0.9790
vn 0.0008 0.2037 -0.9790
vn 0.0010 0.2037 -0.9790
vn 0.0009 0.2037 -0.9790
vn 0.0018 0.2235 -0.9747
vn 0.0019 0.2235 -0.9747
vn 0.0011 0.2037 -0.9790
vn 0.0015 0.2061 -0.9785
vn 0.0160 0.2089 -0.9778
vn 0.0159 0.2089 -0.9778
vn 0.0014 0.2060 -0.9785
vn 0.1743 0.2147 -0.9610
vn 0.2004 0.2190 -0.9549
vn 0.0187 0.9700 -0.2425
vn 0.0126 0.9690 -0.2467
vn 0.0226 0.9841 -0.1763
vn 0.0226 0.9841 -0.1762
vn 0.0256 0.9848 -0.1721
vn 0.0255 0.9848 -0.1720
vn 0.0042 0.9939 -0.1102
vn 0.0043 0.9939 -0.1102
vn 0.0040 0.9942 -0.1073
vn -0.0162 0.9930 -0.1172
vn -0.0053 0.9928 -0.1197
vn 0.0039 0.9942 -0.1073
vn -0.0307 0.9836 -0.1776
vn -0.0306 0.9836 -0.1776
vn -0.0199 0.9833 -0.1807
vn -0.0199 0.9833 -0.1808
vn -0.0307 0.9836 -0.1777
vn -0.0113 0.9742 -0.2256
vn -0.0077 0.9740 -0.2266
vn -0.1655 0.1854 -0.9686
vn -0.1856 0.1810 -0.9658
vn -0.0075 0.2195 -0.9756
vn 0.0021 0.2212 -0.9752
vn 0.0021 0.2213 -0.9752
vn 0.0013 0.2340 -0.9722
vn 0.0014 0.2339 -0.9723
vn 0.0009 0.2337 -0.9723
vn 0.0008 0.2338 -0.9723
vn -0.0008 0.2192 -0.9757
vn -0.0012 0.2190 -0.9757
vn -0.0008 0.2070 -0.9783
vn -0.0007 0.2070 -0.9783
vn -0.0002 0.2074 -0.9782
vn -0.0011 0.2190 -0.9757
vn -0.0002 0.2075 -0.9782
vn -0.0017 0.2252 -0.9743
vn -0.0014 0.2253 -0.9743
vn -0.0015 0.2253 -0.9743
vn -0.0018 0.2252 -0.9743
vn 0.0067 0.2270 -0.9739
vn 0.0051 0.2280 -0.9737
vn 0.0068 0.2271 -0.9739
vn 0.0051 0.2264 -0.9740
vn 0.0050 0.2263 -0.9740
vn 0.0046 0.2268 -0.9739
vn 0.0051 0.2279 -0.9737
vn 0.0045 0.2268 -0.9739
vn 0.0050 0.2264 -0.9740
vn -0.0038 0.2073 -0.9783
vn 0.8321 -0.3109 -0.4593
vn 0.8587 -0.2801 -0.4291
vn 0.9095 -0.2095 -0.3590
vn 0.8967 -0.2295 -0.3786
vn 0.8967 -0.2294 -0.3786
vn 0.9662 -0.0910 -0.2411
vn 0.9444 -0.1450 -0.2951
vn 0.9444 -0.1450 -0.2950
vn 0.9865 -0.0139 -0.1630
vn 0.9834 -0.0295 -0.1788
vn 0.9444 -0.1449 -0.2950
vn 0.9888 -0.0000 -0.1489
vn 0.9891 0.0009 -0.1470
vn 0.9888 -0.0003 -0.1492
vn 0.9618 0.2518 0.1072
vn 0.9618 0.2517 0.1072
vn 0.9721 0.2214 0.0780
vn 0.9721 0.2214 0.0781
vn 0.6797 0.5767 0.4533
vn 0.5562 0.6422 0.5274
vn 0.9720 0.2214 0.0781
vn 0.5562 0.6423 0.5274
vn 0.6796 0.5767 0.4533
vn 0.0971 0.7521 0.6518
vn 0.0970 0.7521 0.6518
vn 0.0769 0.7527 0.6539
vn -0.3944 0.6997 0.5957
vn -0.3945 0.6997 0.5957
vn -0.3242 0.7182 0.6157
vn -0.3945 0.6996 0.5957
vn -0.7637 0.5144 0.3900
vn -0.6725 0.5802 0.4594
vn -0.6725 0.5802 0.4595
vn -0.7638 0.5144 0.3900
vn -0.9667 0.2384 0.0926
vn -0.9742 0.2156 0.0669
vn -0.6726 0.5802 0.4594
vn -0.9742 0.2156 0.0668
vn -0.9668 0.2384 0.0926
vn -0.9889 0.0018 -0.1485
vn -0.9883 -0.0006 -0.1527
vn -0.9858 -0.0148 -0.1671
vn -0.9835 -0.0268 -0.1790
vn -0.9858 -0.0149 -0.1671
vn -0.9751 -0.0608 -0.2134
vn -0.9669 -0.0871 -0.2398
vn -0.9669 -0.0872 -0.2398
vn -0.9190 -0.1910 -0.3449
vn -0.8651 -0.2698 -0.4229
vn -0.8650 -0.2698 -0.4230
vn -0.7111 -0.4163 -0.5667
vn -0.6400 -0.4637 -0.6127
vn -0.7110 -0.4163 -0.5667
vn -0.0064 -0.6177 -0.7864
vn -0.0012 -0.6176 -0.7865
vn 0.7084 -0.4196 -0.5676
vn 0.7084 -0.4195 -0.5676
vn 0.6356 -0.4674 -0.6145
vn 0.7085 -0.4195 -0.5675
vn -0.0000 0.9997 -0.0264
vn 0.0001 0.9998 -0.0183
vn -0.0000 0.9998 -0.0182
vn -0.9757 0.0636 -0.2096
vn -0.9849 -0.1227 -0.1219
vn -0.9656 0.1319 -0.2242
vn -0.9601 0.1435 -0.2400
vn -0.9757 0.0636 -0.2097
vn -0.9855 -0.1301 -0.1087
vn -0.9849 -0.1570 -0.0725
vn -0.9869 -0.1599 -0.0220
vn -0.9855 -0.1646 -0.0403
vn -0.9849 -0.1570 -0.0724
vn -0.1626 -0.9832 -0.0823
vn -0.1946 -0.9806 0.0223
vn -0.2631 -0.9571 0.1213
vn -0.2714 -0.9591 -0.0800
vn -0.1936 -0.9806 0.0291
vn -0.1927 -0.9793 0.0620
vn -0.1945 -0.9790 0.0611
vn -0.9486 0.2001 -0.2451
vn -0.2737 0.9337 -0.2308
vn -0.7635 0.0815 -0.6406
vn -0.7635 0.0816 -0.6406
vn -0.7912 0.4557 -0.4078
vn -0.8207 0.4544 0.3463
vn -0.7191 -0.0694 0.6915
vn -0.7676 0.1557 0.6218
vn -0.6986 -0.2012 0.6867
vn -0.7238 -0.1483 -0.6739
vn -0.7191 -0.0695 0.6915
vn -0.6871 -0.4442 -0.5749
vn -0.6890 -0.2980 -0.6607
vn -0.6985 -0.2013 0.6867
vn -0.6872 -0.4443 -0.5748
vn -0.7039 -0.4164 0.5754
vn -0.7167 -0.5955 0.3628
vn -0.2714 -0.9591 -0.0801
vn -0.7168 -0.5956 0.3627
vn -0.7306 0.6730 -0.1151
vn -0.7327 0.6793 0.0413
vn -0.7063 0.5304 0.4688
vn -0.9666 0.2040 0.1554
vn -0.9665 0.2041 0.1554
vn -0.9760 0.1313 0.1738
vn -0.0000 0.2528 0.9675
vn -0.0002 0.2531 0.9674
vn -0.0005 0.2525 0.9676
vn -0.0006 0.2521 0.9677
vn 0.0001 0.2528 0.9675
vn -0.6352 -0.2987 0.7122
vn -0.9069 -0.3902 0.1589
vn -0.9069 -0.3902 0.1588
vn -0.6364 -0.7674 0.0777
vn -0.6365 -0.7674 0.0777
vn -0.9069 -0.3903 0.1588
vn -0.2766 -0.9607 -0.0234
vn -0.6364 -0.7675 0.0777
vn -0.6364 -0.7674 0.0778
vn -0.5500 -0.5671 0.6132
vn -0.2765 -0.9607 -0.0234
vn -0.2395 -0.9240 0.2980
vn -0.1914 -0.9752 0.1110
vn -0.1892 -0.9605 0.2040
vn -0.1856 -0.9598 0.2107
vn -0.1830 -0.9602 0.2108
vn -0.1830 -0.9603 0.2107
vn -0.0000 0.9980 -0.0634
vn -0.0000 0.9997 -0.0242
vn -0.0000 0.9997 -0.0238
vn -0.0000 0.9997 -0.0239
vn -0.0000 0.9974 -0.0726
vn -0.1901 -0.9745 0.1190
vn -0.1926 -0.9793 0.0620
vn -0.0000 -0.9979 0.0641
vn -0.0000 -0.9922 0.1245
vn -0.0000 -0.9753 0.2210
vn -0.1855 -0.9598 0.2107
vn -0.1901 -0.9745 0.1191
vn -0.1935 -0.9807 0.0291
vn -0.1945 -0.9806 0.0223
vn -0.0000 -0.9997 0.0235
vn -0.0000 -0.9996 0.0300
vn -0.0000 0.9996 -0.0265
vn -0.0000 0.9913 -0.1318
vn -0.0000 0.9974 -0.0727
vn 0.0104 0.7503 -0.6610
vn -0.0343 0.3177 -0.9476
vn 0.0025 0.7920 -0.6106
vn 0.0025 0.7920 -0.6105
vn 0.0734 0.9165 -0.3932
vn 0.0216 0.8365 -0.5476
vn 0.0024 0.7920 -0.6106
vn -0.0000 0.7624 -0.6471
vn 0.0001 0.7614 -0.6482
vn -0.0000 0.9978 -0.0662
vn 0.0001 0.9977 -0.0676
vn 0.0121 0.9995 0.0298
vn 0.0018 0.9683 0.2499
vn -0.0370 -0.9847 0.1702
vn -0.1830 -0.9603 0.2108
vn -0.0000 -0.9755 0.2199
vn -0.0000 -0.9884 0.1520
vn -0.0369 -0.9847 0.1702
vn 0.1931 0.9811 -0.0085
vn 0.0443 0.9227 0.3830
vn 0.0443 0.9227 0.3831
vn 0.0066 0.8352 0.5499
vn 0.0093 0.8688 0.4951
vn 0.0120 0.9995 0.0299
vn 0.0444 0.9227 0.3830
vn 0.0094 0.8688 0.4950
vn -0.0000 0.8447 0.5352
vn -0.0000 0.9683 0.2500
vn -0.9489 -0.3144 -0.0267
vn -0.9477 -0.3155 -0.0473
vn -0.9489 -0.3144 -0.0266
vn -0.9163 -0.3996 -0.0287
vn -0.9348 -0.3520 -0.0477
vn -0.9477 -0.3156 -0.0473
vn -0.9477 -0.3156 -0.0472
vn -0.9489 -0.3145 -0.0266
vn -0.9162 -0.3996 -0.0287
vn -0.0261 -0.9671 -0.2532
vn -0.1626 -0.9833 -0.0824
vn -0.0934 -0.9618 -0.2573
vn -0.0000 -0.9942 -0.1076
vn -0.1945 -0.9807 0.0223
vn -0.1626 -0.9833 -0.0823
vn -0.1935 -0.9807 0.0292
vn -0.1855 -0.9598 0.2108
vn -0.0000 -0.9753 0.2211
vn -0.1902 -0.9745 0.1190
vn -0.1937 -0.9742 0.1155
vn -0.0000 -0.9734 -0.2291
vn -0.1625 -0.9833 -0.0823
vn -0.1913 -0.9752 0.1111
vn -0.1914 -0.9752 0.1111
vn -0.3924 -0.9128 0.1128
vn -0.1856 -0.9637 0.1921
vn -0.1855 -0.9637 0.1922
vn -0.0013 -0.8824 0.4705
vn -0.2508 -0.9676 -0.0276
vn -0.1855 -0.9637 0.1921
vn -0.2509 -0.9676 -0.0275
vn -0.2509 -0.9676 -0.0276
vn -0.2496 0.0268 0.9680
vn -0.1586 0.0271 0.9870
vn -0.1673 0.0270 0.9855
vn -0.2567 0.0268 0.9661
vn -0.0717 0.0272 0.9971
vn -0.0740 0.0271 0.9969
vn -0.1672 0.0270 0.9856
vn -0.0000 0.0272 0.9996
vn -0.0000 -0.0017 -1.0000
vn -0.9316 0.0032 -0.3635
vn -0.6764 0.6696 -0.3067
vn -0.9778 0.0045 -0.2096
vn -0.9988 0.0057 -0.0485
vn -0.9997 0.0058 -0.0233
vn -0.9988 0.0056 -0.0485
vn -0.7343 0.6585 0.1650
vn -1.0000 0.0061 -0.0047
vn -1.0000 0.0060 -0.0047
vn -0.7306 0.6730 -0.1152
vn -0.7343 0.6584 0.1650
vn -0.7063 0.5303 0.4689
vn -0.9929 0.0158 0.1180
vn -0.9760 0.1312 0.1738
vn -0.9831 0.0158 0.1826
vn -0.4202 0.0261 0.9070
vn -0.3457 0.0265 0.9380
vn -0.3633 0.0267 0.9313
vn -0.4233 0.0267 0.9056
vn -0.4201 0.0261 0.9071
vn -0.2568 0.0268 0.9661
vn -0.0000 -0.3225 0.9466
vn -0.0000 -1.0000 0.0021
vn 0.8931 0.4497 -0.0134
vn 0.8573 0.4951 -0.1411
vn 0.8629 0.4898 -0.1247
vn 0.8957 0.4447 -0.0009
vn -0.0000 0.9617 -0.2740
vn -0.8700 -0.4764 0.1274
vn -0.8875 -0.4609 0.0010
vn -0.8867 -0.4622 0.0101
vn -0.8683 -0.4771 0.1359
vn -0.0000 -0.0000 1.0000
vn -0.0000 -1.0000 -0.0000
vn -0.0000 1.0000 -0.0000
vn -1.0000 -0.0000 -0.0000
vn -0.9231 0.3843 -0.0093
vn -0.7465 0.6623 -0.0640
vn -0.9141 0.4045 -0.0265
vn -0.7497 0.6529 -0.1082
vn -0.7578 0.6523 -0.0116
vn -0.9424 0.3344 0.0017
vn -0.7720 0.6351 0.0263
vn -0.9093 0.4134 0.0478
vn -0.7174 0.6953 0.0444
vn -0.6624 0.7449 0.0794
vn -0.7608 0.5541 -0.3379
vn -0.9230 0.3613 -0.1324
vn -0.7696 0.6046 -0.2054
vn -0.9134 0.3960 -0.0940
vn -0.9034 0.4249 -0.0573
vn -0.7511 0.6438 -0.1465
vn -0.8536 0.5198 0.0344
vn -0.4924 0.8682 0.0617
vn 0.4111 0.5794 -0.7038
vn 0.9672 0.2157 -0.1344
vn 0.3409 0.7797 -0.5252
vn 0.2829 0.8777 -0.3869
vn 0.9410 0.3230 -0.1014
vn 0.1865 0.9563 -0.2253
vn 0.8995 0.4286 -0.0847
vn 0.6303 0.7735 -0.0667
vn 0.1865 0.9563 -0.2252
vn 0.7521 0.6558 -0.0655
vn 0.7522 0.6557 -0.0655
vn -0.0231 0.9937 -0.1093
vn 0.0157 0.9943 -0.1050
vn 0.0973 0.9784 -0.1823
vn -0.7655 0.6422 -0.0395
vn -0.9307 0.3653 -0.0195
vn -0.6566 0.6754 0.3357
vn -0.7875 0.4823 -0.3836
vn -0.7607 0.5541 -0.3380
vn -0.5811 0.5704 -0.5805
vn -0.6826 0.5359 -0.4969
vn 0.9738 0.1072 -0.2008
vn 0.4000 0.3975 -0.8258
vn 0.9537 0.1077 -0.2807
vn 0.4068 0.2839 -0.8683
vn 0.9399 0.0797 -0.3321
vn 0.4373 0.1758 -0.8820
vn -0.1139 0.9855 -0.1259
vn 0.1228 0.9833 -0.1341
vn 0.1284 0.9845 -0.1194
vn 0.1159 0.9872 -0.1099
vn -0.2447 0.9574 -0.1534
vn -0.1147 0.9901 -0.0808
vn 0.1160 0.9872 -0.1099
vn -0.1485 0.9838 -0.1003
vn 0.4827 0.1171 -0.8679
vn 0.9374 -0.0298 -0.3471
vn 0.4564 0.0938 -0.8848
vn 0.7236 0.1651 -0.6702
vn 0.6364 -0.2635 -0.7249
vn -0.7975 0.5924 -0.1145
vn -0.7974 0.5924 -0.1145
vn -0.5916 0.7596 -0.2703
vn -0.5494 0.7689 -0.3269
vn -0.8488 0.5285 -0.0152
vn -0.9230 0.3613 -0.1323
vn -0.7975 0.5924 -0.1144
vn -0.7876 0.4823 -0.3835
vn -0.5917 0.7595 -0.2703
vn -0.5495 0.7689 -0.3269
vn -0.7440 0.3732 -0.5542
vn -0.7441 0.3732 -0.5542
vn -0.3994 0.8753 -0.2727
vn -0.9372 0.2932 0.1888
vn -0.9608 0.2512 0.1172
vn -0.7611 0.4912 0.4236
vn -0.6200 0.7716 0.1423
vn -0.6543 0.7181 0.2372
vn -0.7811 0.4727 0.4080
vn -0.8536 0.5197 0.0344
vn -0.5554 0.5518 0.6221
vn -0.6565 0.6754 0.3358
vn -0.7870 0.4404 0.4320
vn -0.2756 0.9590 0.0662
vn -0.6543 0.7181 0.2371
vn -0.9797 -0.1389 0.1448
vn -0.5554 -0.6984 0.4514
vn -0.9139 -0.2811 0.2928
vn -0.4070 -0.4151 0.8137
vn -0.9419 -0.2227 0.2516
vn -0.6833 -0.4091 0.6048
vn -0.9665 0.2567 0.0065
vn -0.8186 0.5741 0.0163
vn -0.9684 0.2494 -0.0001
vn -0.8256 0.5642 0.0040
vn -0.8186 0.5742 0.0163
vn -0.5880 0.8086 0.0201
vn -0.8256 0.5643 0.0040
vn -0.5933 0.8050 0.0081
vn -0.5880 0.8086 0.0200
vn -0.5879 0.8087 0.0201
vn -0.3190 0.9474 0.0276
vn -0.5932 0.8050 0.0081
vn -0.3779 0.9256 0.0202
vn -0.9549 0.2955 0.0297
vn -0.8094 0.5863 0.0338
vn -0.5876 0.8083 0.0379
vn -0.5875 0.8083 0.0379
vn -0.2670 0.9631 0.0351
vn -0.2659 0.9610 0.0760
vn -0.9993 -0.0002 0.0373
vn -0.9645 0.2612 0.0378
vn -0.9990 0.0344 0.0274
vn -0.8091 0.5865 0.0370
vn -0.8091 0.5866 0.0370
vn -0.5869 0.8087 0.0390
vn -0.3096 0.9499 0.0421
vn 0.0039 0.9991 0.0414
vn -0.9988 -0.0092 0.0487
vn -0.9663 0.2535 0.0456
vn -0.8145 0.5780 0.0497
vn -0.5842 0.8100 0.0512
vn -0.5841 0.8100 0.0512
vn -0.2955 0.9540 0.0513
vn -0.0018 0.9986 0.0536
vn 0.2294 0.9718 0.0547
vn -0.1682 0.9802 0.1047
vn -0.9972 -0.0382 0.0639
vn -0.9643 0.2546 0.0726
vn -0.8068 0.5857 0.0781
vn -0.8067 0.5857 0.0781
vn -0.5869 0.8053 0.0835
vn -0.8145 0.5781 0.0497
vn -0.5869 0.8054 0.0834
vn -0.3070 0.9479 0.0852
vn 0.2327 0.9685 0.0885
vn 0.3483 0.9325 0.0958
vn -0.0958 0.9869 0.1295
vn -0.9963 -0.0060 0.0852
vn -0.9582 0.2648 0.1083
vn -0.8037 0.5832 0.1183
vn -0.8036 0.5833 0.1183
vn -0.5835 0.8026 0.1242
vn -0.3065 0.9432 0.1284
vn 0.0003 0.9915 0.1304
vn 0.2728 0.9524 0.1358
vn 0.3970 0.9007 0.1767
vn 0.3658 0.9041 0.2208
vn -0.0831 0.9804 0.1787
vn -0.9944 0.0144 0.1051
vn -0.9491 0.2918 0.1189
vn -0.8028 0.5794 0.1410
vn -0.8027 0.5794 0.1410
vn -0.5833 0.7985 0.1487
vn -0.5832 0.7986 0.1487
vn -0.3068 0.9392 0.1543
vn -0.0005 0.9875 0.1574
vn 0.3057 0.9390 0.1576
vn 0.5744 0.8004 0.1713
vn 0.5745 0.8004 0.1713
vn 0.6571 0.6548 0.3735
vn 0.3970 0.9006 0.1767
vn 0.6570 0.6548 0.3735
vn 0.3566 0.8579 0.3699
vn 0.4593 0.6265 0.6297
vn -0.1144 0.9022 0.4158
vn -0.1010 0.9543 0.2814
vn -0.1204 0.8007 0.5869
vn -0.0659 -0.0479 0.9967
vn -0.1979 0.0226 0.9800
vn 0.2122 0.2548 0.9434
vn -0.1459 0.3320 0.9319
vn 0.5858 0.3386 0.7363
vn 0.1805 0.0192 0.9834
vn 0.2039 -0.3588 0.9109
vn 0.5469 -0.5631 0.6195
vn 0.1359 -0.4709 0.8717
vn 0.3094 -0.7607 0.5706
vn 0.1491 -0.1827 0.9718
vn -0.9419 -0.2226 0.2517
vn -0.9689 -0.1799 0.1700
vn -0.9630 -0.1945 0.1868
vn -0.9991 0.0429 -0.0018
vn 0.0204 -0.3833 0.9234
vn -0.0977 -0.4096 0.9070
vn 0.0048 -0.7119 0.7023
vn -0.1369 -0.6660 0.7333
vn -0.9941 -0.0848 0.0680
vn -0.7909 -0.3825 0.4777
vn -0.6712 -0.4608 0.5807
vn -0.7545 -0.4183 0.5058
vn -0.0141 -0.2569 0.9663
vn 0.1358 -0.4708 0.8717
vn -0.0727 -0.3824 0.9211
vn -0.0094 -0.6112 0.7914
vn -0.0179 -0.8708 0.4912
vn -0.0094 -0.6113 0.7913
vn 0.3093 -0.7607 0.5706
vn 0.1358 -0.4709 0.8717
vn -0.2708 -0.6895 0.6718
vn -0.2863 -0.5971 0.7493
vn -0.3309 -0.5344 0.7778
vn -0.0147 -0.2710 0.9625
vn -0.6833 -0.4092 0.6047
vn -0.1246 0.9719 0.1996
vn -0.0083 -0.0147 0.9999
vn -0.2709 -0.6894 0.6718
vn -0.2864 -0.5971 0.7493
vn -0.4838 -0.4393 0.7569
vn -0.3310 -0.5344 0.7777
vn -0.7908 -0.3825 0.4778
vn -0.7544 -0.4183 0.5059
vn -0.3310 -0.5344 0.7778
vn -0.5378 -0.4374 0.7207
vn -0.4838 -0.4394 0.7569
vn -0.4837 -0.4394 0.7570
vn -0.5377 -0.4374 0.7208
vn -0.7440 -0.4616 0.4831
vn -0.7439 -0.4617 0.4832
vn -0.6833 -0.4092 0.6048
vn -0.1048 0.6071 0.7877
vn -0.0034 -0.1278 0.9918
vn 0.2039 -0.3587 0.9109
vn -0.0002 -0.7994 0.6007
vn -0.4150 0.9097 0.0126
vn -0.7457 0.6649 0.0429
vn -0.7746 0.6322 0.0180
vn -0.7782 0.6280 -0.0069
vn -0.5688 0.8224 -0.0099
vn -0.5576 0.8295 -0.0321
vn -0.8543 0.5196 -0.0110
vn -0.9791 0.2035 0.0066
vn -0.9983 -0.0568 0.0101
vn -0.9999 -0.0051 0.0137
vn -0.9984 -0.0562 0.0015
vn -1.0000 -0.0079 0.0030
vn -0.9992 -0.0397 0.0094
vn -0.9988 -0.0486 0.0019
vn -0.9962 -0.0871 0.0025
vn -0.9999 0.0074 0.0087
vn -0.9999 0.0062 0.0137
vn -0.9992 0.0260 0.0302
vn -0.9298 0.3360 0.1503
vn -0.9477 0.3188 0.0163
vn -0.8906 0.3719 0.2618
vn -0.9678 0.2278 0.1069
vn -0.9800 0.1839 0.0765
vn -0.9704 0.2250 0.0878
vn -0.9645 0.2593 0.0507
vn -0.7746 0.6322 0.0181
vn -0.9764 0.2090 0.0552
vn -0.9663 0.2573 -0.0053
vn -0.9678 0.2516 -0.0025
vn -0.9649 0.2625 0.0041
vn -0.9680 0.2496 -0.0249
vn -0.9694 0.2443 -0.0251
vn -0.9706 0.2404 -0.0095
vn -0.9789 0.2043 0.0084
vn -0.7112 0.7028 -0.0176
vn -0.5689 0.8223 -0.0099
vn -0.7111 0.7028 -0.0176
vn 0.7327 0.6793 0.0413
vn 0.6765 0.6696 -0.3067
vn -0.0000 0.6472 -0.7624
vn 0.1818 -0.9818 -0.0547
vn 0.2630 -0.9571 0.1214
vn 0.7676 0.1556 0.6218
vn 0.8207 0.4545 0.3462
vn 0.7191 -0.0695 0.6914
vn 0.6986 -0.2013 0.6866
vn 0.7040 -0.4164 0.5754
vn 0.7168 -0.5955 0.3628
vn 0.0003 0.8576 0.5143
vn -0.9520 0.3044 -0.0335
vn -0.9135 0.3959 -0.0940
vn -0.9538 0.2989 -0.0303
vn -0.9410 0.3379 -0.0193
vn -0.9660 0.2530 0.0539
vn -0.9802 0.1964 -0.0262
vn -0.9724 0.2291 -0.0445
vn -0.8487 0.5286 -0.0133
vn -0.9969 0.0790 0.0042
vn -0.9867 0.1590 0.0331
vn -0.9977 0.0672 0.0111
vn -0.9691 0.2391 0.0611
vn -0.9642 0.2528 0.0799
vn -0.9643 0.2624 0.0348
vn -0.9609 0.2761 0.0191
vn -0.9510 0.3092 -0.0044
vn -0.9366 0.3503 0.0016
vn -0.9334 0.3588 -0.0079
vn -0.9355 0.3529 -0.0153
vn -0.9654 0.2557 -0.0520
vn -0.9886 -0.0944 0.1172
vn -0.9901 -0.0838 0.1130
vn -0.9914 -0.1148 0.0631
vn -0.9909 -0.1309 0.0300
vn -0.9922 0.0353 0.1196
vn -0.9302 0.3664 -0.0221
vn -0.8023 0.5968 -0.0131
vn -0.6711 0.7413 -0.0121
vn -0.8487 0.5287 -0.0148
vn -0.8023 0.5968 -0.0137
vn -0.8023 0.5968 -0.0136
vn -0.5576 0.8295 -0.0320
vn -0.9847 0.1055 0.1386
vn -0.9922 0.0353 0.1197
vn -0.8196 0.4928 0.2923
vn -0.8384 0.5444 -0.0275
vn -0.9841 0.1763 -0.0222
vn -0.8171 0.5753 -0.0374
vn -0.9681 0.2497 -0.0212
vn -0.9922 0.0354 0.1196
vn -0.9146 0.3937 0.0922
vn -0.8125 0.5825 -0.0243
vn -0.8490 0.5268 -0.0409
vn -0.8170 0.5754 -0.0374
vn -0.9909 -0.0711 0.1143
vn -0.9968 0.0787 -0.0115
vn -0.9942 0.1061 -0.0165
vn -0.9977 -0.0644 -0.0217
vn -0.9973 -0.0732 -0.0027
vn -0.9997 -0.0140 -0.0211
vn -0.9999 -0.0107 -0.0035
vn -0.9991 0.0383 -0.0196
vn -0.9990 0.0433 -0.0059
vn -0.9876 -0.0985 0.1219
vn -0.9916 -0.0613 0.1135
vn -0.9842 0.1598 0.0770
vn -0.9811 0.0894 0.1718
vn -0.9749 0.2225 -0.0055
vn -0.9700 0.0241 0.2418
vn -0.9829 -0.1706 0.0696
vn -0.9874 -0.1340 0.0840
vn -0.8125 0.5824 -0.0243
vn -0.8490 0.5267 -0.0409
vn -0.9900 -0.0838 0.1131
vn -0.9916 -0.0614 0.1135
vn -0.9886 -0.0945 0.1172
vn -0.9876 -0.0986 0.1219
vn -0.9914 -0.1149 0.0631
vn -0.8488 0.5286 -0.0133
vn 0.7238 -0.1482 -0.6739
vn 0.7636 0.0815 -0.6405
vn 0.7913 0.4557 -0.4078
vn 0.7912 0.4557 -0.4078
vn 0.7307 0.6729 -0.1151
vn 0.7344 0.6584 0.1650
vn 0.6872 -0.4443 -0.5748
vn 0.6890 -0.2979 -0.6607
vn 0.1891 -0.9605 0.2040
vn 0.2395 -0.9240 0.2980
vn 0.1936 -0.9743 0.1155
vn 0.1944 -0.9790 0.0611
vn 0.2713 -0.9592 -0.0800
vn 0.6887 -0.6243 -0.3688
vn 0.6886 -0.6243 -0.3688
vn 0.4450 -0.7666 0.4629
vn 0.5499 -0.5671 0.6132
vn 0.6353 -0.2987 0.7122
vn 0.7228 0.1449 0.6757
vn 0.7064 0.5303 0.4688
vn 0.7227 0.1449 0.6758
vn -0.9407 0.3372 -0.0365
vn -0.8171 0.5745 -0.0469
vn -0.9522 0.2996 -0.0596
vn -0.8650 0.4961 -0.0756
vn -0.9528 0.2950 -0.0719
vn -0.9163 0.3904 -0.0894
vn -0.9606 0.2644 -0.0861
vn -0.9436 0.3162 -0.0982
vn -0.9682 0.2327 -0.0916
vn -0.9685 0.2268 -0.1032
vn -0.8430 0.5366 -0.0366
vn -0.8871 0.4567 -0.0668
vn -0.8947 0.4398 -0.0775
vn -0.9133 0.3966 -0.0924
vn -0.9167 0.3872 -0.0982
vn -0.9401 0.3265 -0.0976
vn -0.7522 0.6551 -0.0710
vn -0.7646 0.6383 -0.0890
vn -0.7740 0.6244 -0.1051
vn -0.7555 0.6451 -0.1143
vn -0.7574 0.6432 -0.1123
vn -0.8487 0.5287 -0.0133
vn -0.7974 0.5925 -0.1144
vn -0.7231 0.6898 -0.0368
vn -0.1146 0.9901 -0.0808
vn -0.1484 0.9838 -0.1003
vn -0.7739 0.6245 -0.1051
vn -0.0230 0.9937 -0.1093
vn 0.0158 0.9944 -0.1049
vn -0.7573 0.6433 -0.1123
vn -0.9253 -0.3590 -0.1223
vn -0.9281 -0.3552 -0.1116
vn -0.9851 -0.1277 -0.1152
vn -0.9831 -0.1567 -0.0948
vn -0.8869 -0.3809 -0.2615
vn -0.9942 -0.0206 -0.1059
vn -0.9995 -0.0129 -0.0299
vn -0.9987 0.0385 -0.0332
vn -0.9981 -0.0205 -0.0588
vn -0.9971 0.0469 -0.0601
vn -0.9962 -0.0431 -0.0761
vn -0.9963 0.0340 -0.0795
vn -0.9947 -0.0341 -0.0967
vn -0.9942 0.0346 -0.1018
vn -0.9956 0.0862 -0.0365
vn -0.9932 0.0971 -0.0649
vn -0.9947 0.0692 -0.0761
vn -0.9938 0.0472 -0.1005
vn -0.9931 0.0022 -0.1169
vn -0.9769 0.2099 -0.0401
vn -0.9827 0.1714 -0.0702
vn -0.9879 0.1331 -0.0793
vn -0.9892 0.1063 -0.1008
vn -0.9902 0.0782 -0.1157
vn -0.9821 0.0194 -0.1876
vn -0.9921 0.0523 -0.1141
vn -0.8055 0.5906 -0.0484
vn -0.8872 0.4533 -0.0861
vn -0.9226 0.3742 -0.0936
vn -0.9501 0.2921 -0.1092
vn -0.9723 0.2034 -0.1154
vn -0.9894 0.0903 -0.1141
vn -0.8171 0.5746 -0.0470
vn -0.8649 0.4962 -0.0756
vn -0.8649 0.4962 -0.0757
vn -0.9163 0.3905 -0.0894
vn -0.9435 0.3163 -0.0983
vn -0.9685 0.2268 -0.1033
vn -0.9837 0.1490 -0.1008
vn -0.4556 0.1852 -0.8707
vn 0.1010 0.2371 -0.9662
vn -0.5161 -0.3320 -0.7896
vn 0.0433 -0.3315 -0.9424
vn -0.8064 0.1056 -0.5818
vn -0.4557 0.1852 -0.8707
vn -0.8123 -0.2510 -0.5265
vn -0.5160 -0.3321 -0.7896
vn -0.9718 0.2356 -0.0115
vn -0.9749 0.2226 -0.0055
vn -0.9764 0.2108 -0.0476
vn -0.9702 0.2392 -0.0392
vn -0.9806 0.1817 -0.0739
vn -0.9757 0.2087 -0.0673
vn -0.9858 0.1308 -0.1052
vn -0.9758 0.1894 -0.1092
vn -0.9819 0.1142 -0.1512
vn -0.9829 0.0864 -0.1624
vn -0.9676 0.0243 -0.2515
vn -0.9781 0.0230 -0.2067
vn -0.9568 -0.1091 -0.2696
vn -0.9745 -0.0943 -0.2037
vn -0.9066 -0.4203 -0.0372
vn -0.9648 -0.2614 -0.0281
vn -0.8914 -0.4517 -0.0371
vn -0.9553 -0.2925 -0.0418
vn -0.8902 -0.4535 -0.0432
vn -0.9510 -0.3040 -0.0562
vn -0.9091 -0.4166 0.0029
vn -0.9480 -0.3173 -0.0227
vn -0.9134 -0.3950 0.0980
vn -0.9668 -0.2538 0.0290
vn -0.9351 -0.2920 0.2008
vn -0.9753 -0.2141 0.0541
vn -0.9413 -0.2617 0.2131
vn -0.9783 -0.2026 0.0435
vn -0.9554 -0.2925 -0.0418
vn -0.9649 -0.2613 -0.0281
vn -0.9764 0.2107 -0.0476
vn -0.9718 0.2355 -0.0115
vn -0.9510 -0.3039 -0.0562
vn -0.9806 0.1816 -0.0739
vn -0.9481 -0.3173 -0.0227
vn -0.9819 0.1141 -0.1512
vn -0.9753 -0.2140 0.0541
vn -0.9568 -0.1091 -0.2695
vn -0.9676 0.0242 -0.2514
vn -0.9702 0.2391 -0.0392
vn -0.9757 0.2086 -0.0673
vn -0.9758 0.1894 -0.1091
vn -0.9829 0.0863 -0.1624
vn -0.9375 -0.2933 -0.1875
vn -0.9600 -0.2706 0.0719
vn -0.9325 -0.3058 -0.1922
vn -0.9324 -0.3059 -0.1923
vn -0.9374 -0.2933 -0.1875
vn -0.7231 0.6897 -0.0368
vn -0.7130 -0.7011 0.0068
vn -0.7066 -0.7076 -0.0083
vn -0.9829 -0.1706 0.0697
vn -0.9842 -0.0922 0.1513
vn -0.9829 -0.1838 0.0111
vn -0.9554 -0.2835 -0.0830
vn -0.9096 -0.3975 -0.1210
vn -0.6217 -0.7830 0.0198
vn -0.9773 -0.2072 0.0441
vn -0.6217 -0.7830 0.0199
vn -0.9773 -0.2072 0.0440
vn -0.9608 -0.2553 -0.1084
vn -0.6154 -0.7821 -0.0980
vn -0.9511 -0.2563 -0.1723
vn -0.8290 -0.4698 -0.3033
vn -0.9464 -0.2321 -0.2245
vn -0.8405 -0.2899 -0.4578
vn -0.9704 -0.1817 -0.1587
vn -0.9614 -0.2156 -0.1711
vn -0.9842 -0.0922 0.1512
vn -0.9408 -0.1959 -0.2767
vn -0.9704 -0.1818 -0.1588
vn -0.9393 -0.2104 -0.2712
vn -0.9614 -0.2157 -0.1711
vn -0.9709 0.1172 0.2089
vn -0.9811 0.0895 0.1719
vn -0.9775 0.1978 0.0737
vn -0.9841 0.1598 0.0770
vn -0.9554 -0.2834 -0.0830
vn -0.9511 -0.2562 -0.1723
vn -0.9775 0.1977 0.0737
vn -0.9700 0.0241 0.2419
vn -0.9568 -0.0003 0.2907
vn -0.9568 -0.0004 0.2907
vn -0.9465 -0.2320 -0.2244
vn -0.3699 -0.7319 0.5722
vn -0.3923 -0.8520 -0.3468
vn -0.4831 -0.8584 -0.1723
vn -0.5087 -0.8517 -0.1262
vn -0.6435 -0.7214 -0.2558
vn -0.6435 -0.7214 -0.2559
vn -0.6566 0.6754 0.3358
vn -0.7871 0.4403 0.4320
vn -0.9317 -0.1634 -0.3243
vn -0.8065 0.1056 -0.5818
vn 0.1011 0.2371 -0.9662
vn 0.7235 0.1652 -0.6702
vn 0.0432 -0.3316 -0.9424
vn -0.8808 -0.4689 -0.0660
vn 0.0005 -1.0000 -0.0070
vn -0.7131 -0.7010 0.0068
vn -0.7066 -0.7075 -0.0083
vn -0.0002 -0.9776 0.2104
vn -0.0003 -0.9702 0.2424
vn 0.0001 -0.9984 0.0568
vn 0.0002 -0.9993 0.0379
vn -0.0001 -0.9949 -0.1007
vn -0.0001 -0.9974 -0.0717
vn -0.0002 -0.9974 -0.0720
vn 0.0003 -0.9862 -0.1658
vn 0.1057 -0.8295 -0.5484
vn -0.3922 -0.8520 -0.3467
vn 0.0001 -0.9991 -0.0417
vn 0.0001 -0.9995 -0.0319
vn 0.0978 -0.3023 -0.9482
vn 0.0091 -0.2747 -0.9615
vn 0.0118 -0.0623 -0.9980
vn 0.0002 -0.0353 -0.9994
vn 0.5225 -0.1925 0.8306
vn -0.0003 -0.3532 0.9355
vn 0.3602 -0.3983 0.8436
vn -1.0000 -0.0006 -0.0009
vn -1.0000 -0.0013 -0.0011
vn -1.0000 0.0014 0.0012
vn 0.5704 -0.6021 0.5587
vn 0.5782 -0.7884 0.2101
vn 0.5704 -0.6020 0.5587
vn -1.0000 0.0006 -0.0006
vn -1.0000 0.0010 -0.0003
vn 0.5870 -0.7884 -0.1840
vn 0.0049 -0.6965 -0.7176
vn 0.5406 -0.6195 -0.5692
vn 0.0049 -0.6964 -0.7176
vn -1.0000 0.0023 0.0017
vn -1.0000 0.0039 0.0069
vn -1.0000 0.0015 0.0002
vn -0.8808 -0.4689 -0.0659
vn -0.0001 -0.9405 0.3397
vn -0.0003 -0.9401 0.3409
vn 0.0010 -0.2736 -0.9619
vn 0.0410 -0.2720 -0.9614
vn 0.0003 -0.4945 -0.8692
vn 0.2697 -0.4654 -0.8430
vn 0.3643 -0.8035 -0.4709
vn 0.3642 -0.8035 -0.4709
vn 0.4436 -0.8880 -0.1211
vn 0.3960 -0.9118 0.1086
vn 0.3724 -0.7541 0.5410
vn 0.3724 -0.7541 0.5409
vn 0.3400 -0.4554 0.8228
vn -0.0025 -0.4874 0.8732
vn -0.0088 -0.4201 0.9074
vn 0.5767 -0.3454 0.7404
vn -1.0000 0.0011 -0.0001
vn -1.0000 -0.0000 -0.0003
vn -1.0000 0.0010 -0.0001
vn -1.0000 -0.0000 -0.0004
vn -1.0000 0.0012 -0.0003
vn -1.0000 -0.0004 -0.0006
vn -1.0000 0.0013 -0.0003
vn -0.0001 -0.9271 0.3748
vn -0.0003 -0.7995 0.6007
vn -0.0021 -1.0000 -0.0094
vn -0.6711 -0.4608 0.5807
vn -0.3700 -0.7319 0.5722
vn -0.1580 -0.9780 -0.1365
vn 0.7340 -0.0114 -0.6791
vn 0.7997 -0.0491 -0.5984
vn 0.7185 -0.0078 -0.6955
vn 0.3602 -0.3983 0.8435
vn 0.7301 -0.1879 0.6570
vn 0.9632 0.1954 0.1847
vn 0.5225 -0.1926 0.8306
vn 0.5147 -0.5653 0.6446
vn 0.5781 -0.7884 0.2101
vn 0.9778 -0.1911 0.0862
vn 0.5703 -0.6021 0.5588
vn 0.9746 -0.1962 0.1079
vn 0.8504 -0.2978 0.4336
vn 0.8504 -0.2978 0.4337
vn 0.9812 -0.1867 0.0492
vn 0.5405 -0.6196 -0.5692
vn 0.9673 -0.2520 -0.0275
vn 0.5869 -0.7885 -0.1840
vn 0.8087 -0.3704 -0.4570
vn 0.0978 -0.3024 -0.9482
vn 0.8086 -0.3705 -0.4570
vn -0.7496 -0.5928 -0.2944
vn -0.8290 -0.4699 -0.3033
vn 0.5318 -0.3967 -0.7482
vn 0.5917 -0.3400 -0.7309
vn 0.5918 -0.3399 -0.7309
vn 0.0576 -0.9965 -0.0598
vn -0.0197 -0.9085 -0.4175
vn -0.0434 -0.4135 -0.9095
vn -0.0000 -0.4292 -0.9032
vn -0.1092 -0.3954 -0.9120
vn -0.1695 -0.2725 -0.9471
vn -0.1695 -0.2726 -0.9471
vn -0.3633 0.0545 -0.9301
vn 0.4564 0.0939 -0.8848
vn 0.9373 -0.0299 -0.3471
vn 0.1057 -0.8295 -0.5485
vn 0.6365 -0.2635 -0.7249
vn 0.0432 -0.3315 -0.9425
vn -0.3923 -0.8520 -0.3467
vn -0.5160 -0.3320 -0.7896
vn -0.8869 -0.3809 -0.2616
vn -0.8123 -0.2511 -0.5265
vn -0.9317 -0.1635 -0.3243
vn -0.8869 -0.3808 -0.2615
vn -0.9992 0.0261 0.0302
vn -0.9829 -0.1707 0.0697
vn -0.9823 0.0181 -0.1865
vn -0.6154 -0.7821 -0.0979
vn -0.5985 -0.3809 -0.7047
vn -0.9199 -0.2682 -0.2861
vn -0.6167 -0.4969 -0.6106
vn -0.9203 -0.3068 -0.2428
vn -0.9171 -0.3415 -0.2055
vn -0.9133 -0.3759 -0.1568
vn -0.6054 -0.6161 -0.5039
vn -0.6179 -0.6928 -0.3716
vn -0.5100 -0.8332 0.2137
vn -0.5089 -0.8587 0.0608
vn -0.8816 -0.4527 0.1338
vn -0.8745 -0.4820 0.0547
vn -0.8829 -0.3522 0.3106
vn -0.8831 -0.3056 0.3559
vn -0.5244 -0.6596 0.5385
vn -0.5532 -0.5526 0.6234
vn -0.5354 -0.3849 0.7518
vn -0.5619 -0.4670 0.6828
vn -0.8991 -0.2416 0.3650
vn -0.8911 -0.2596 0.3722
vn -0.5619 -0.4671 0.6828
vn -0.8092 0.1108 0.5770
vn -0.8647 0.1143 0.4892
vn -0.8604 0.1757 0.4784
vn -0.9013 0.1662 0.4001
vn -0.8988 0.2235 0.3771
vn -0.9252 0.2023 0.3209
vn -0.9275 0.2392 0.2872
vn -0.9417 0.2148 0.2590
vn -0.9494 0.3107 -0.0461
vn -0.9553 0.2952 0.0174
vn -0.9729 0.2304 -0.0180
vn -0.9691 0.2454 0.0230
vn -0.9570 0.2413 -0.1607
vn -0.9343 0.2560 -0.2480
vn -0.9304 0.2899 -0.2242
vn -0.9208 0.2650 -0.2863
vn -0.9109 0.1534 -0.3830
vn -0.9002 0.2436 -0.3611
vn -0.9318 0.1595 -0.3259
vn -0.9251 0.2388 -0.2953
vn -0.9002 0.2435 -0.3611
vn -0.9199 -0.2681 -0.2861
vn -0.9203 -0.3068 -0.2427
vn -0.8989 0.2234 0.3770
vn -0.9276 0.2391 0.2872
vn -0.9171 -0.3416 -0.2055
vn -0.9494 0.3106 -0.0460
vn -0.9305 0.2898 -0.2242
vn -0.9208 0.2649 -0.2863
vn -0.8829 -0.3523 0.3105
vn -0.8911 -0.2597 0.3722
vn -0.9658 0.2546 0.0494
vn -0.9538 0.2951 0.0559
vn -0.9539 0.2950 0.0559
vn -0.8942 -0.4474 0.0185
vn -0.5871 -0.8095 -0.0110
vn -0.8941 -0.4474 0.0185
vn -0.9679 0.2370 0.0834
vn -0.9557 0.2769 0.1002
vn -0.9557 0.2768 0.1002
vn -0.9051 -0.4249 -0.0190
vn -0.9050 -0.4249 -0.0191
vn -0.6076 -0.7889 -0.0915
vn -0.9665 0.2450 -0.0769
vn -0.9440 0.3039 -0.1282
vn -0.8783 -0.4139 0.2392
vn -0.8783 -0.4140 0.2392
vn -0.4962 -0.7696 0.4019
vn -0.8991 -0.2415 0.3650
vn -0.9244 -0.2058 0.3211
vn -0.5355 -0.3849 0.7518
vn -0.7261 -0.3065 0.6154
vn -0.9244 -0.2058 0.3212
vn -0.9789 0.0099 -0.2039
vn -0.9684 -0.1595 0.1915
vn -0.9885 0.0051 -0.1513
vn -0.9318 0.1595 -0.3260
vn -0.9823 0.0180 -0.1865
vn -0.9823 0.0181 -0.1866
vn -0.9692 0.2454 0.0230
vn -0.9679 0.2370 0.0833
vn -0.9319 0.1595 -0.3259
vn -0.3700 -0.7319 0.5723
vn -0.6031 -0.4486 0.6596
vn -0.6291 -0.7474 -0.2138
vn -0.6030 -0.4486 0.6596
vn -0.6291 -0.7473 -0.2138
vn -0.5986 -0.3809 -0.7047
vn -0.8647 0.1142 0.4892
vn -0.9671 0.1993 0.1579
vn -0.9730 0.2303 -0.0179
vn -0.9665 0.2449 -0.0768
vn -0.9571 0.2413 -0.1607
vn -0.9251 0.2387 -0.2953
vn -0.9344 0.2559 -0.2479
vn 0.5311 -0.2604 -0.8063
vn 0.5824 -0.4184 -0.6970
vn 0.7595 -0.6255 -0.1787
vn 0.7389 -0.6242 -0.2539
vn 0.8255 -0.5613 -0.0596
vn 0.7739 -0.6333 0.0076
vn 0.4436 -0.8880 -0.1212
vn 0.7104 -0.6866 0.1545
vn 0.7209 -0.4611 0.5174
vn 0.7764 -0.4967 0.3880
vn 0.6238 -0.3270 0.7099
vn 0.9853 -0.1019 0.1370
vn 0.5766 -0.3423 0.7419
vn 0.3400 -0.4553 0.8228
vn 0.9853 -0.1018 0.1371
vn 0.2697 -0.4655 -0.8430
vn 0.5550 -0.5466 -0.6270
vn 0.7267 -0.5460 -0.4170
vn 0.5551 -0.5466 -0.6270
vn 0.3725 -0.7541 0.5410
vn 0.6033 -0.4558 0.6544
vn 0.6238 -0.3271 0.7099
vn 0.7104 -0.6866 0.1546
vn 0.7405 -0.6284 0.2385
vn 0.7100 -0.6870 0.1548
vn 0.2254 -0.9742 0.0145
vn 0.0694 -0.9972 0.0295
vn 0.2069 -0.9782 0.0163
vn 0.0642 -0.9975 0.0300
vn -0.6031 -0.4485 0.6596
vn -0.6292 -0.7473 -0.2138
vn -0.8096 -0.2844 0.5135
vn -0.9885 0.0051 -0.1514
vn 0.9967 0.0730 -0.0357
vn -0.6184 -0.6926 -0.3714
vn -0.6444 -0.7294 -0.2298
vn -0.9239 -0.3739 -0.0819
vn -0.9452 0.2596 0.1977
vn -0.9671 0.1994 0.1580
vn -0.9239 -0.3738 -0.0819
vn -0.9453 0.2595 0.1977
vn -0.9253 0.2023 0.3209
vn -0.9253 0.2022 0.3209
vn -0.9344 0.2559 -0.2480
vn -0.9208 0.2650 -0.2864
vn -0.6218 -0.7830 0.0198
vn 0.0302 -0.0281 0.9991
vn 0.0050 -0.0111 0.9999
vn 0.0062 -0.0201 0.9998
vn -0.0006 -0.0125 0.9999
vn 0.0062 -0.0202 0.9998
vn 0.0012 -0.0175 0.9998
vn 0.0048 -0.0110 0.9999
vn 0.0011 -0.0175 0.9998
vn -0.0005 -0.0125 0.9999
vn 0.0012 -0.0176 0.9998
vn -0.0015 -0.0238 0.9997
vn -0.0184 -0.0475 0.9987
vn -0.0016 -0.0238 0.9997
vn -0.0051 -0.0193 0.9998
vn -0.0015 -0.0237 0.9997
vn -0.0050 -0.0192 0.9998
vn -0.0294 -0.0163 0.9994
vn -0.0052 -0.0193 0.9998
vn -0.0189 -0.0214 0.9996
vn 0.5376 -0.1405 0.8314
vn -0.0187 -0.0214 0.9996
vn 0.0067 0.0102 0.9999
vn -0.0187 -0.0213 0.9996
vn 0.0049 -0.0110 0.9999
vn -0.1439 0.2051 0.9681
vn 0.0066 0.0103 0.9999
vn -0.0181 0.0561 0.9983
vn -0.0129 -0.0155 0.9998
vn -0.0180 0.0560 0.9983
vn 0.0029 0.0060 1.0000
vn -0.0180 0.0561 0.9983
vn 0.0029 0.0061 1.0000
vn 0.0068 0.0012 1.0000
vn 0.0187 0.0123 0.9998
vn 0.8475 0.2984 0.4389
vn 0.8473 0.2986 0.4392
vn 0.6778 0.5876 0.4419
vn 0.6777 0.5877 0.4421
vn 0.6778 0.5877 0.4419
vn 0.6776 0.5877 0.4421
vn 0.3793 0.8103 0.4467
vn 0.3789 0.8104 0.4469
vn 0.3792 0.8103 0.4467
vn 0.3788 0.8104 0.4469
vn 0.0078 0.8952 0.4456
vn 0.0069 0.8949 0.4461
vn 0.0077 0.8952 0.4456
vn 0.0068 0.8950 0.4461
vn -0.3401 0.8283 0.4452
vn -0.3406 0.8279 0.4456
vn 0.0068 0.8949 0.4461
vn -0.3402 0.8283 0.4452
vn -0.3407 0.8279 0.4456
vn -0.6114 0.6555 0.4432
vn -0.6132 0.6547 0.4420
vn -0.6115 0.6555 0.4432
vn -0.7913 0.4226 0.4418
vn -0.7926 0.4228 0.4393
vn -0.7914 0.4226 0.4418
vn -0.7927 0.4227 0.4393
vn -0.8767 0.2033 0.4359
vn -0.8769 0.2027 0.4359
vn -0.8767 0.2032 0.4359
vn -0.8769 0.2026 0.4359
vn -0.8990 -0.0331 0.4366
vn -0.8985 -0.0350 0.4376
vn -0.8990 -0.0332 0.4366
vn -0.8527 -0.2926 0.4329
vn -0.8527 -0.2926 0.4328
vn -0.8526 -0.2926 0.4329
vn -0.8526 -0.2927 0.4328
vn -0.7303 -0.5285 0.4328
vn -0.7302 -0.5285 0.4329
vn -0.8527 -0.2927 0.4328
vn -0.5266 -0.7333 0.4301
vn -0.5264 -0.7333 0.4304
vn -0.5263 -0.7333 0.4304
vn -0.2778 -0.8595 0.4291
vn -0.2777 -0.8595 0.4291
vn -0.0001 -0.9036 0.4285
vn -0.0001 -0.9036 0.4284
vn 0.2776 -0.8598 0.4286
vn 0.2776 -0.8598 0.4285
vn 0.2777 -0.8598 0.4286
vn 0.2777 -0.8598 0.4285
vn 0.5284 -0.7324 0.4294
vn 0.5284 -0.7325 0.4292
vn 0.7277 -0.5338 0.4308
vn 0.7277 -0.5339 0.4306
vn 0.5285 -0.7325 0.4292
vn 0.7277 -0.5337 0.4308
vn 0.7277 -0.5338 0.4306
vn 0.8559 -0.2831 0.4328
vn 0.8560 -0.2833 0.4325
vn 0.8559 -0.2830 0.4328
vn 0.9004 -0.0039 0.4350
vn 0.9005 -0.0041 0.4348
vn 0.8560 -0.2832 0.4325
vn 0.9004 -0.0038 0.4350
vn 0.9005 -0.0040 0.4348
vn 0.8476 0.2984 0.4389
vn 0.8473 0.2985 0.4392
vn 0.8476 0.2983 0.4389
vn -0.0775 -0.3978 0.9142
vn 0.8381 -0.2232 0.4977
vn 0.9664 -0.0931 0.2396
vn 0.9137 -0.2402 0.3278
vn 0.0250 -0.9586 0.2835
vn 0.0166 -0.9449 0.3270
vn 0.0096 -0.9442 0.3293
vn -0.1626 -0.3435 0.9250
vn -0.1357 -0.3367 0.9318
vn -0.0940 -0.4075 0.9084
vn 0.0251 -0.9813 0.1908
vn 0.0097 -0.9442 0.3293
vn -0.0939 -0.4075 0.9084
vn -0.1357 -0.3368 0.9318
vn -0.0776 -0.3977 0.9142
vn 0.9662 -0.1088 0.2336
vn 0.9664 -0.0931 0.2397
vn 0.9681 -0.0948 0.2320
vn 0.9685 -0.0904 0.2320
vn 0.9670 -0.0970 0.2354
vn 0.9681 -0.0948 0.2321
vn -0.0028 1.0000 -0.0090
vn -0.0017 1.0000 -0.0057
vn -0.0017 1.0000 -0.0056
vn -0.0011 -0.9431 0.3325
vn -0.0010 -0.9431 0.3325
vn 0.0075 -0.9430 0.3327
vn 0.0250 -0.9587 0.2835
vn 0.0218 -0.9438 0.3299
vn 0.0166 -0.9449 0.3271
vn 0.0260 -0.9458 0.3238
vn 0.0128 -0.9461 0.3237
vn 0.9585 -0.1404 0.2481
vn 0.8382 -0.2232 0.4977
vn -0.0041 0.1403 -0.9901
vn -0.0107 0.1549 -0.9879
vn -0.0043 0.1828 -0.9831
vn -0.0053 0.1963 -0.9805
vn -0.0106 0.1549 -0.9879
vn -0.0043 0.1829 -0.9831
vn -0.0022 0.2259 -0.9741
vn 0.0032 0.2346 -0.9721
vn 0.0005 0.2220 -0.9750
vn -0.0015 0.2016 -0.9795
vn 0.0006 0.2220 -0.9750
vn 0.0006 0.2014 -0.9795
vn -0.0014 0.2016 -0.9795
vn -0.0022 0.2009 -0.9796
vn -0.0066 0.2256 -0.9742
vn -0.0100 0.2487 -0.9685
vn -0.0085 0.2245 -0.9744
vn -0.0022 0.2008 -0.9796
vn 0.0017 0.9727 -0.2321
vn 0.0064 0.9686 -0.2485
vn 0.0035 0.9717 -0.2364
vn -0.0019 0.9654 -0.2609
vn -0.0767 0.9372 -0.3401
vn 0.0017 0.9727 -0.2322
vn 0.0004 0.9892 -0.1466
vn 0.0035 0.9717 -0.2363
vn 0.0004 0.9892 -0.1465
vn 0.0017 0.9727 -0.2320
vn 0.0037 0.2072 -0.9783
vn 0.0026 0.2072 -0.9783
vn 0.0052 0.1915 -0.9815
vn 0.0041 0.1916 -0.9815
vn 0.0053 0.1916 -0.9815
vn -0.0007 0.2037 -0.9790
vn -0.0010 0.2037 -0.9790
vn -0.0008 0.2037 -0.9790
vn -0.0009 0.2037 -0.9790
vn -0.0018 0.2235 -0.9747
vn -0.0019 0.2235 -0.9747
vn -0.0011 0.2037 -0.9790
vn -0.0015 0.2061 -0.9785
vn -0.0160 0.2089 -0.9778
vn -0.0015 0.2060 -0.9785
vn -0.1743 0.2147 -0.9610
vn -0.2004 0.2190 -0.9549
vn -0.0126 0.9690 -0.2466
vn -0.0187 0.9700 -0.2425
vn -0.0226 0.9841 -0.1763
vn -0.0256 0.9848 -0.1721
vn -0.0227 0.9841 -0.1762
vn -0.0255 0.9848 -0.1721
vn -0.0042 0.9939 -0.1102
vn -0.0040 0.9942 -0.1073
vn -0.0043 0.9939 -0.1102
vn -0.0255 0.9848 -0.1720
vn -0.0039 0.9942 -0.1073
vn 0.0162 0.9930 -0.1171
vn 0.0053 0.9928 -0.1197
vn 0.0162 0.9930 -0.1172
vn 0.0307 0.9836 -0.1776
vn 0.0199 0.9833 -0.1807
vn 0.0306 0.9836 -0.1776
vn 0.0307 0.9836 -0.1777
vn 0.0199 0.9833 -0.1808
vn 0.0113 0.9742 -0.2256
vn 0.0077 0.9740 -0.2266
vn 0.1856 0.1810 -0.9658
vn 0.1655 0.1854 -0.9686
vn 0.0075 0.2195 -0.9756
vn -0.0021 0.2212 -0.9752
vn -0.0021 0.2213 -0.9752
vn -0.0013 0.2339 -0.9722
vn -0.0009 0.2338 -0.9723
vn -0.0014 0.2339 -0.9723
vn -0.0013 0.2340 -0.9722
vn -0.0008 0.2338 -0.9723
vn 0.0008 0.2191 -0.9757
vn 0.0012 0.2190 -0.9757
vn -0.0009 0.2337 -0.9723
vn 0.0008 0.2192 -0.9757
vn 0.0008 0.2070 -0.9783
vn 0.0002 0.2074 -0.9782
vn 0.0007 0.2070 -0.9783
vn 0.0002 0.2075 -0.9782
vn 0.0017 0.2252 -0.9743
vn 0.0014 0.2253 -0.9743
vn 0.0018 0.2252 -0.9743
vn 0.0015 0.2253 -0.9743
vn -0.0067 0.2270 -0.9739
vn -0.0051 0.2280 -0.9737
vn 0.0015 0.2254 -0.9743
vn -0.0068 0.2271 -0.9739
vn -0.0052 0.2280 -0.9737
vn -0.0051 0.2264 -0.9740
vn -0.0046 0.2268 -0.9739
vn -0.0050 0.2263 -0.9740
vn -0.0050 0.2279 -0.9737
vn -0.0050 0.2264 -0.9740
vn -0.0045 0.2268 -0.9739
vn 0.0038 0.2073 -0.9783
vn -0.8587 -0.2801 -0.4291
vn -0.8321 -0.3109 -0.4593
vn -0.9095 -0.2095 -0.3590
vn -0.8967 -0.2295 -0.3786
vn -0.8967 -0.2294 -0.3786
vn -0.9662 -0.0910 -0.2411
vn -0.9444 -0.1450 -0.2951
vn -0.9444 -0.1449 -0.2950
vn -0.9865 -0.0139 -0.1630
vn -0.9834 -0.0295 -0.1788
vn -0.9888 -0.0000 -0.1489
vn -0.9891 0.0009 -0.1471
vn -0.9888 -0.0003 -0.1492
vn -0.9891 0.0009 -0.1470
vn -0.9618 0.2517 0.1072
vn -0.9721 0.2214 0.0780
vn -0.9618 0.2518 0.1073
vn -0.9720 0.2214 0.0781
vn -0.6797 0.5767 0.4533
vn -0.5563 0.6422 0.5274
vn -0.6796 0.5767 0.4533
vn -0.5562 0.6423 0.5274
vn -0.0971 0.7521 0.6518
vn -0.0769 0.7527 0.6539
vn -0.0970 0.7522 0.6518
vn -0.0970 0.7521 0.6518
vn 0.3944 0.6997 0.5957
vn 0.3242 0.7182 0.6157
vn 0.3945 0.6997 0.5957
vn 0.7637 0.5144 0.3900
vn 0.6725 0.5802 0.4595
vn 0.3242 0.7181 0.6157
vn 0.7638 0.5144 0.3900
vn 0.6725 0.5802 0.4594
vn 0.9667 0.2384 0.0926
vn 0.9742 0.2156 0.0669
vn 0.6726 0.5802 0.4594
vn 0.9668 0.2384 0.0926
vn 0.9742 0.2156 0.0668
vn 0.9889 0.0018 -0.1485
vn 0.9883 -0.0006 -0.1527
vn 0.9858 -0.0148 -0.1671
vn 0.9835 -0.0268 -0.1790
vn 0.9858 -0.0149 -0.1671
vn 0.9751 -0.0608 -0.2134
vn 0.9669 -0.0871 -0.2398
vn 0.9669 -0.0872 -0.2398
vn 0.9190 -0.1910 -0.3449
vn 0.8651 -0.2697 -0.4229
vn 0.8650 -0.2698 -0.4230
vn 0.7111 -0.4163 -0.5667
vn 0.6400 -0.4637 -0.6126
vn 0.7110 -0.4163 -0.5667
vn 0.6400 -0.4637 -0.6127
vn 0.0064 -0.6178 -0.7863
vn 0.0012 -0.6176 -0.7865
vn 0.0064 -0.6177 -0.7864
vn -0.7084 -0.4195 -0.5676
vn -0.6356 -0.4674 -0.6145
vn -0.7084 -0.4196 -0.5676
vn 0.0012 -0.6177 -0.7864
vn -0.7085 -0.4195 -0.5675
vn -0.6356 -0.4673 -0.6145
vn -0.0001 0.9998 -0.0183
vn 0.9849 -0.1227 -0.1219
vn 0.9757 0.0636 -0.2096
vn 0.9656 0.1319 -0.2242
vn 0.9601 0.1435 -0.2400
vn 0.9757 0.0636 -0.2097
vn 0.9849 -0.1570 -0.0725
vn 0.9855 -0.1301 -0.1087
vn 0.9855 -0.1646 -0.0403
vn 0.9869 -0.1599 -0.0220
vn 0.9849 -0.1570 -0.0724
vn 0.1626 -0.9832 -0.0823
vn 0.1946 -0.9806 0.0223
vn 0.2631 -0.9571 0.1213
vn 0.1936 -0.9806 0.0291
vn 0.2714 -0.9591 -0.0800
vn 0.1927 -0.9793 0.0620
vn 0.1945 -0.9790 0.0611
vn 0.9486 0.2001 -0.2451
vn 0.2737 0.9337 -0.2308
vn 0.8207 0.4545 0.3463
vn 0.7635 0.0815 -0.6406
vn 0.7912 0.4557 -0.4077
vn 0.7191 -0.0694 0.6915
vn 0.7238 -0.1483 -0.6739
vn 0.7238 -0.1481 -0.6739
vn 0.7675 0.1556 0.6218
vn 0.6986 -0.2012 0.6867
vn 0.7191 -0.0695 0.6915
vn 0.6871 -0.4442 -0.5749
vn 0.7039 -0.4164 0.5754
vn 0.6889 -0.2980 -0.6607
vn 0.6985 -0.2013 0.6867
vn 0.7168 -0.5955 0.3627
vn 0.7039 -0.4164 0.5755
vn 0.7167 -0.5956 0.3628
vn 0.2714 -0.9591 -0.0801
vn 0.7306 0.6730 -0.1152
vn 0.7306 0.6730 -0.1151
vn 0.7063 0.5304 0.4688
vn 0.9666 0.2040 0.1554
vn 0.9760 0.1313 0.1738
vn 0.9665 0.2041 0.1554
vn 0.0002 0.2531 0.9674
vn 0.0005 0.2525 0.9676
vn 0.0006 0.2521 0.9677
vn -0.0001 0.2528 0.9675
vn 0.6352 -0.2987 0.7122
vn 0.9069 -0.3902 0.1588
vn 0.6364 -0.7674 0.0777
vn 0.9069 -0.3903 0.1588
vn 0.6364 -0.7674 0.0778
vn 0.2766 -0.9607 -0.0234
vn 0.6364 -0.7675 0.0777
vn 0.2765 -0.9607 -0.0234
vn 0.1914 -0.9752 0.1110
vn 0.2395 -0.9241 0.2979
vn 0.1856 -0.9598 0.2107
vn 0.1892 -0.9605 0.2040
vn 0.1830 -0.9602 0.2108
vn 0.1830 -0.9603 0.2107
vn -0.0001 0.9974 -0.0726
vn 0.1926 -0.9793 0.0620
vn 0.1901 -0.9745 0.1190
vn 0.1855 -0.9598 0.2107
vn 0.1945 -0.9806 0.0223
vn 0.1935 -0.9807 0.0291
vn 0.0343 0.3177 -0.9476
vn -0.0105 0.7503 -0.6610
vn -0.0025 0.7920 -0.6106
vn -0.0734 0.9165 -0.3932
vn -0.0025 0.7920 -0.6105
vn -0.0216 0.8365 -0.5475
vn -0.0216 0.8365 -0.5476
vn -0.0024 0.7920 -0.6106
vn -0.0104 0.7503 -0.6610
vn -0.0001 0.7614 -0.6482
vn -0.0001 0.9977 -0.0676
vn -0.0121 0.9995 0.0298
vn -0.0000 0.9683 0.2499
vn -0.0120 0.9995 0.0298
vn 0.1830 -0.9603 0.2108
vn 0.0370 -0.9847 0.1702
vn 0.0369 -0.9847 0.1702
vn -0.1931 0.9811 -0.0085
vn -0.0443 0.9227 0.3830
vn -0.0066 0.8352 0.5499
vn -0.0443 0.9227 0.3831
vn -0.0093 0.8688 0.4951
vn -0.0120 0.9995 0.0299
vn -0.0094 0.8688 0.4950
vn 0.0005 0.9683 0.2500
vn 0.9477 -0.3155 -0.0473
vn 0.9489 -0.3144 -0.0266
vn 0.9348 -0.3520 -0.0477
vn 0.9162 -0.3996 -0.0287
vn 0.9477 -0.3156 -0.0473
vn 0.9489 -0.3145 -0.0266
vn 0.9477 -0.3156 -0.0472
vn 0.1626 -0.9833 -0.0824
vn 0.0260 -0.9671 -0.2531
vn 0.0934 -0.9618 -0.2573
vn 0.1945 -0.9807 0.0223
vn 0.1626 -0.9833 -0.0823
vn 0.1935 -0.9807 0.0292
vn 0.1937 -0.9742 0.1155
vn 0.1902 -0.9745 0.1190
vn 0.0261 -0.9671 -0.2532
vn 0.1625 -0.9833 -0.0823
vn -0.0000 -0.9942 -0.1077
vn 0.1913 -0.9752 0.1111
vn 0.1914 -0.9752 0.1111
vn 0.3924 -0.9128 0.1128
vn 0.1856 -0.9637 0.1921
vn 0.0013 -0.8824 0.4705
vn 0.1855 -0.9637 0.1922
vn 0.2509 -0.9676 -0.0275
vn 0.1855 -0.9637 0.1921
vn 0.2509 -0.9676 -0.0276
vn 0.1586 0.0270 0.9870
vn 0.2496 0.0268 0.9680
vn 0.1673 0.0270 0.9855
vn 0.2567 0.0268 0.9661
vn 0.0717 0.0272 0.9971
vn 0.1586 0.0271 0.9870
vn 0.0740 0.0271 0.9969
vn 0.1672 0.0270 0.9856
vn 0.6764 0.6696 -0.3067
vn 0.9316 0.0032 -0.3635
vn 0.9778 0.0045 -0.2096
vn 0.7327 0.6793 0.0412
vn 0.9988 0.0056 -0.0485
vn 0.9778 0.0035 -0.2096
vn 0.9997 0.0058 -0.0233
vn 0.7343 0.6584 0.1650
vn 1.0000 0.0061 -0.0047
vn 0.9997 0.0057 -0.0233
vn 0.7063 0.5303 0.4689
vn 0.9929 0.0158 0.1180
vn 0.7343 0.6584 0.1649
vn 0.9760 0.1312 0.1738
vn 0.9831 0.0158 0.1826
vn 0.3457 0.0265 0.9380
vn 0.4198 0.0260 0.9072
vn 0.3633 0.0267 0.9313
vn 0.4233 0.0267 0.9056
vn 0.4201 0.0261 0.9071
vn 0.2568 0.0268 0.9661
vn -0.8573 0.4951 -0.1411
vn -0.8931 0.4497 -0.0134
vn -0.8629 0.4898 -0.1247
vn -0.8957 0.4447 -0.0009
vn 0.8875 -0.4609 0.0010
vn 0.8700 -0.4764 0.1274
vn 0.8867 -0.4622 0.0101
vn 0.8683 -0.4771 0.1359
vn 0.2280 0.9214 -0.3146
vn 0.4701 0.8339 -0.2890
vn 0.4984 0.7134 -0.4925
vn 0.4985 0.7134 -0.4925
vn 0.2208 0.8370 -0.5007
vn 0.1024 0.9425 -0.3182
vn 0.2279 0.9215 -0.3146
vn 0.1065 0.8704 -0.4807
vn 0.0323 0.9496 -0.3117
vn 0.0427 0.8890 -0.4558
vn 0.2365 0.9485 -0.2106
vn 0.4747 0.8585 -0.1939
vn 0.4702 0.8339 -0.2890
vn 0.2280 0.9215 -0.3146
vn 0.1058 0.9706 -0.2162
vn 0.0297 0.9756 -0.2176
vn 0.4528 0.8815 -0.1338
vn 0.7496 0.6530 -0.1081
vn 0.7510 0.6438 -0.1466
vn 0.4299 0.8984 -0.0899
vn 0.4268 0.9037 0.0350
vn 0.7719 0.6352 0.0263
vn 0.7578 0.6524 -0.0116
vn 0.4269 0.9042 -0.0146
vn 0.2440 0.9690 0.0375
vn 0.2441 0.9696 -0.0157
vn 0.1087 0.9933 0.0385
vn 0.1087 0.9939 -0.0161
vn 0.0305 0.9988 0.0387
vn 0.0305 0.9994 -0.0162
vn 0.4083 0.9086 0.0886
vn 0.7173 0.6953 0.0445
vn 0.2419 0.9650 0.1017
vn 0.4082 0.9086 0.0886
vn 0.4267 0.9037 0.0350
vn 0.2419 0.9650 0.1018
vn 0.1081 0.9883 0.1077
vn 0.0304 0.9936 0.1084
vn 0.3766 0.9162 0.1369
vn 0.6623 0.7450 0.0794
vn 0.2321 0.9560 0.1793
vn 0.1075 0.9732 0.2034
vn 0.0308 0.9786 0.2035
vn 0.3153 0.9220 0.2247
vn 0.2061 0.9290 0.3075
vn 0.1039 0.9331 0.3442
vn 0.0345 0.9341 0.3553
vn 0.2281 0.7984 0.5572
vn 0.3950 0.7528 0.5265
vn 0.1109 0.8195 0.5623
vn 0.0436 0.8184 0.5730
vn 0.4702 0.8339 -0.2891
vn 0.7696 0.6046 -0.2055
vn 0.3494 0.1755 -0.9204
vn -0.4827 0.1171 -0.8679
vn -0.4563 0.0916 -0.8851
vn 0.3633 0.0546 -0.9301
vn -0.4111 0.5795 -0.7037
vn 0.4986 0.5426 -0.6760
vn 0.5063 0.7060 -0.4952
vn -0.2830 0.8777 -0.3868
vn 0.4906 0.7891 -0.3696
vn -0.2830 0.8776 -0.3868
vn 0.5063 0.7060 -0.4951
vn 0.4439 0.8587 -0.2560
vn 0.3689 0.9038 -0.2170
vn -0.0972 0.9784 -0.1823
vn 0.2642 0.9537 -0.1437
vn -0.1284 0.9845 -0.1194
vn -0.1227 0.9833 -0.1341
vn 0.3176 0.9356 -0.1545
vn 0.1455 0.9705 -0.1924
vn 0.2432 0.9536 -0.1775
vn 0.2366 0.9640 -0.1211
vn 0.1354 0.9825 -0.1277
vn 0.3440 0.6289 -0.6972
vn 0.1498 0.6919 -0.7063
vn 0.1553 0.8566 -0.4920
vn 0.3522 0.8144 -0.4612
vn 0.1662 0.9427 -0.2893
vn 0.3573 0.8984 -0.2554
vn 0.1850 0.9651 -0.1851
vn 0.3367 0.9247 -0.1775
vn 0.3198 0.9361 -0.1466
vn 0.2073 0.9654 -0.1580
vn 0.2305 0.9677 -0.1020
vn 0.3034 0.9466 -0.1087
vn 0.1455 0.9837 -0.1060
vn 0.3460 0.0951 -0.9334
vn 0.3970 0.1186 -0.9101
vn 0.3335 0.0672 -0.9403
vn 0.2856 0.0776 -0.9552
vn -0.0000 0.9447 0.3279
vn -0.0000 0.8451 0.5346
vn -0.0000 0.9792 0.2030
vn -0.0000 0.9941 0.1084
vn -0.0000 0.9999 -0.0162
vn -0.0000 0.9993 0.0387
vn -0.0000 0.8972 -0.4417
vn -0.0000 0.9522 -0.3055
vn 0.0305 0.9978 -0.0593
vn 0.1085 0.9923 -0.0590
vn 0.0304 0.9950 -0.0956
vn 0.1081 0.9896 -0.0950
vn 0.2437 0.9682 -0.0575
vn 0.2424 0.9658 -0.0921
vn 0.7654 0.6423 -0.0395
vn 0.4264 0.9029 -0.0536
vn -0.0000 0.9982 -0.0594
vn -0.0000 0.9954 -0.0956
vn -0.0000 0.9895 -0.1445
vn 0.0302 0.9890 -0.1445
vn -0.0000 0.9760 -0.2177
vn 0.1074 0.9838 -0.1436
vn 0.2386 0.9609 -0.1404
vn 0.4984 0.7134 -0.4926
vn 0.2433 0.7284 -0.6405
vn 0.2208 0.8370 -0.5008
vn 0.1236 0.8146 -0.5666
vn 0.1064 0.8704 -0.4807
vn 0.1235 0.8147 -0.5666
vn 0.0498 0.8370 -0.5450
vn -0.0000 0.8474 -0.5310
vn 0.2434 0.7284 -0.6405
vn 0.5811 0.5704 -0.5806
vn 0.0748 0.9825 -0.1707
vn 0.0660 0.9914 -0.1128
vn -0.0000 0.9839 -0.1788
vn -0.0000 0.9927 -0.1209
vn 0.0701 0.9923 -0.1021
vn -0.0000 0.9952 -0.0980
vn 0.0857 0.9814 -0.1720
vn -0.0000 0.9867 -0.1628
vn 0.2499 0.9579 -0.1411
vn 0.2640 0.9550 -0.1353
vn 0.2352 0.9594 -0.1555
vn 0.2540 0.9552 -0.1517
vn 0.0866 0.9725 -0.2160
vn -0.0000 0.9776 -0.2105
vn 0.0841 0.9416 -0.3259
vn 0.0773 0.8542 -0.5141
vn -0.0000 0.9436 -0.3311
vn -0.0000 0.8563 -0.5165
vn 0.0729 0.7006 -0.7098
vn -0.0000 0.7133 -0.7008
vn 0.0729 0.7005 -0.7099
vn 0.0726 0.5350 -0.8417
vn -0.0000 0.5386 -0.8426
vn 0.0658 0.3678 -0.9276
vn -0.0000 0.3473 -0.9378
vn 0.0542 0.1748 -0.9831
vn -0.0000 0.1636 -0.9865
vn 0.0562 0.1049 -0.9929
vn -0.0000 0.1204 -0.9927
vn 0.1524 0.5043 -0.8500
vn 0.1593 0.3356 -0.9285
vn 0.1494 0.1487 -0.9775
vn 0.1482 0.0888 -0.9850
vn 0.3470 0.4048 -0.8460
vn 0.3634 0.2447 -0.8989
vn 0.4697 0.3352 -0.8167
vn 0.4302 0.1991 -0.8805
vn 0.3440 0.6290 -0.6972
vn 0.4986 0.5425 -0.6760
vn -0.4068 0.2838 -0.8683
vn -0.4374 0.1757 -0.8820
vn 0.4191 0.1640 -0.8930
vn 0.2435 0.9479 -0.2052
vn 0.2366 0.9640 -0.1212
vn -0.4112 0.5794 -0.7037
vn -0.4000 0.3976 -0.8258
vn 0.1214 0.7246 0.6784
vn 0.0487 0.7199 0.6924
vn 0.2489 0.6833 0.6864
vn 0.2282 0.7984 0.5573
vn 0.1109 0.8194 0.5623
vn 0.3950 0.7527 0.5266
vn 0.0913 0.7171 0.6910
vn 0.0479 0.7157 0.6968
vn 0.0400 0.9019 0.4300
vn 0.0873 0.9027 0.4213
vn -0.0000 0.7258 0.6879
vn -0.0000 0.9091 0.4165
vn 0.1734 0.7061 0.6865
vn 0.1650 0.8951 0.4142
vn 0.3180 0.6662 0.6746
vn 0.2871 0.8721 0.3963
vn 0.4802 0.6166 0.6239
vn 0.3976 0.8413 0.3662
vn 0.4865 0.8189 0.3047
vn 0.6295 0.5790 0.5181
vn 0.3950 0.7528 0.5266
vn 0.3615 0.6109 0.7043
vn -0.0000 0.7483 0.6634
vn 0.6295 0.5790 0.5182
vn 0.4864 0.8189 0.3047
vn -0.0000 0.9975 0.0703
vn 0.0297 0.9964 0.0789
vn 0.0658 0.9950 0.0755
vn 0.1248 0.9900 0.0654
vn 0.2871 0.8721 0.3962
vn 0.2099 0.9765 0.0493
vn 0.2817 0.9583 0.0489
vn 0.3975 0.8414 0.3661
vn 0.3355 0.9386 0.0802
vn 0.4864 0.8189 0.3046
vn 0.3814 0.8501 0.3632
vn 0.1668 0.9068 0.3872
vn 0.1752 0.7920 0.5848
vn 0.3616 0.7654 0.5324
vn 0.0826 0.9161 0.3924
vn 0.0924 0.8224 0.5614
vn 0.0545 0.9254 0.3752
vn 0.0592 0.8342 0.5482
vn 0.3616 0.7653 0.5325
vn 0.3244 0.6135 0.7200
vn 0.1204 0.8007 0.5869
vn 0.1145 0.9022 0.4158
vn 0.1752 0.7920 0.5849
vn 0.1878 0.6185 0.7630
vn 0.3243 0.6136 0.7200
vn 0.1091 0.6617 0.7418
vn 0.1877 0.6185 0.7630
vn 0.0698 0.6699 0.7392
vn 0.3243 0.6135 0.7201
vn 0.3104 0.3521 0.8830
vn 0.1461 0.3320 0.9319
vn 0.1945 0.3690 0.9088
vn 0.1091 0.6616 0.7419
vn 0.1312 0.4229 0.8966
vn 0.0698 0.6698 0.7392
vn 0.0817 0.4749 0.8762
vn 0.2021 0.1894 0.9609
vn 0.3087 0.1785 0.9343
vn 0.1524 0.2641 0.9524
vn 0.0998 0.3594 0.9278
vn 0.1010 0.9543 0.2813
vn 0.1049 0.6071 0.7876
vn 0.1979 0.0227 0.9800
vn 0.0861 0.9808 0.1747
vn 0.0760 0.9878 0.1359
vn 0.0250 0.9913 0.1289
vn 0.0455 0.9837 0.1738
vn 0.0827 0.9636 0.2542
vn 0.0524 0.9654 0.2554
vn 0.3778 0.9054 0.1936
vn 0.0832 0.9804 0.1787
vn 0.0959 0.9869 0.1295
vn 0.3534 0.9203 0.1680
vn 0.1247 0.9719 0.1996
vn 0.3882 0.8896 0.2405
vn 0.3498 0.9265 0.1389
vn 0.3301 0.9400 0.0865
vn 0.1389 0.9883 0.0624
vn 0.1414 0.9836 0.1122
vn 0.0601 0.9961 0.0650
vn 0.0621 0.9926 0.1039
vn 0.0168 0.9975 0.0692
vn 0.0145 0.9949 0.0998
vn 0.2660 0.9610 0.0760
vn 0.1675 0.9712 0.1693
vn 0.1698 0.9572 0.2344
vn 0.1611 0.9759 0.1471
vn -0.0000 0.9254 0.3790
vn -0.0000 0.8336 0.5523
vn -0.0000 0.6678 0.7444
vn -0.0000 0.6677 0.7444
vn -0.0000 0.4866 0.8736
vn -0.0000 0.3920 0.9200
vn -0.0000 0.9922 0.1248
vn -0.0000 0.9856 0.1694
vn -0.0000 0.9680 0.2508
vn -0.0000 0.9971 0.0763
vn -0.0000 0.9951 0.0984
vn -0.2280 0.9214 -0.3146
vn -0.2208 0.8370 -0.5007
vn -0.4984 0.7134 -0.4925
vn -0.4701 0.8339 -0.2890
vn -0.1024 0.9425 -0.3182
vn -0.1064 0.8704 -0.4807
vn -0.0323 0.9496 -0.3117
vn -0.0427 0.8890 -0.4558
vn -0.2365 0.9485 -0.2106
vn -0.4747 0.8585 -0.1939
vn -0.1058 0.9706 -0.2162
vn -0.0297 0.9756 -0.2176
vn -0.4528 0.8815 -0.1338
vn -0.7510 0.6438 -0.1466
vn -0.7496 0.6530 -0.1082
vn -0.4299 0.8984 -0.0899
vn -0.4268 0.9037 0.0350
vn -0.4269 0.9042 -0.0146
vn -0.7578 0.6524 -0.0116
vn -0.7719 0.6352 0.0263
vn -0.2440 0.9690 0.0375
vn -0.2441 0.9696 -0.0157
vn -0.1087 0.9933 0.0385
vn -0.1087 0.9939 -0.0161
vn -0.0305 0.9988 0.0387
vn -0.0305 0.9994 -0.0162
vn -0.4082 0.9086 0.0886
vn -0.7173 0.6953 0.0445
vn -0.2419 0.9650 0.1018
vn -0.1081 0.9883 0.1077
vn -0.0304 0.9936 0.1084
vn -0.3766 0.9162 0.1369
vn -0.6623 0.7450 0.0794
vn -0.2321 0.9560 0.1793
vn -0.1075 0.9732 0.2034
vn -0.0308 0.9786 0.2035
vn -0.3153 0.9220 0.2247
vn -0.2061 0.9290 0.3075
vn -0.1039 0.9331 0.3442
vn -0.0345 0.9341 0.3553
vn -0.2281 0.7984 0.5572
vn -0.3950 0.7528 0.5266
vn -0.1109 0.8195 0.5623
vn -0.0436 0.8184 0.5730
vn -0.7607 0.5542 -0.3380
vn -0.7696 0.6046 -0.2055
vn -0.4702 0.8339 -0.2890
vn -0.4985 0.7134 -0.4925
vn -0.3494 0.1755 -0.9204
vn -0.3633 0.0546 -0.9301
vn 0.4111 0.5794 -0.7037
vn 0.3409 0.7797 -0.5251
vn -0.4986 0.5426 -0.6760
vn -0.5063 0.7060 -0.4952
vn 0.2830 0.8777 -0.3868
vn -0.4906 0.7891 -0.3696
vn -0.5063 0.7060 -0.4951
vn 0.2829 0.8777 -0.3868
vn -0.4439 0.8587 -0.2560
vn -0.3689 0.9038 -0.2170
vn 0.0972 0.9784 -0.1823
vn -0.2642 0.9537 -0.1437
vn -0.3175 0.9356 -0.1545
vn 0.1227 0.9833 -0.1341
vn 0.1284 0.9845 -0.1193
vn -0.2447 0.9574 -0.1535
vn -0.1455 0.9705 -0.1924
vn -0.1354 0.9825 -0.1277
vn -0.2366 0.9640 -0.1211
vn -0.2432 0.9536 -0.1775
vn -0.3440 0.6290 -0.6972
vn -0.3522 0.8144 -0.4612
vn -0.1553 0.8566 -0.4920
vn -0.1498 0.6919 -0.7063
vn -0.3573 0.8984 -0.2554
vn -0.1662 0.9427 -0.2893
vn -0.3367 0.9247 -0.1775
vn -0.1850 0.9651 -0.1851
vn -0.3198 0.9361 -0.1466
vn -0.3034 0.9466 -0.1087
vn -0.2305 0.9677 -0.1020
vn -0.2073 0.9654 -0.1580
vn -0.1455 0.9837 -0.1060
vn -0.3460 0.0951 -0.9334
vn -0.3335 0.0672 -0.9403
vn -0.3970 0.1186 -0.9101
vn -0.2856 0.0776 -0.9552
vn -0.0305 0.9978 -0.0593
vn -0.1085 0.9923 -0.0590
vn -0.0304 0.9950 -0.0956
vn -0.1081 0.9896 -0.0950
vn -0.2437 0.9682 -0.0575
vn -0.2424 0.9658 -0.0921
vn -0.7654 0.6423 -0.0395
vn -0.4264 0.9029 -0.0536
vn -0.0302 0.9890 -0.1445
vn -0.1074 0.9838 -0.1436
vn -0.2386 0.9609 -0.1404
vn -0.2434 0.7284 -0.6405
vn -0.1235 0.8147 -0.5666
vn -0.0498 0.8370 -0.5450
vn -0.5811 0.5704 -0.5806
vn -0.0748 0.9825 -0.1707
vn -0.0660 0.9914 -0.1128
vn -0.0701 0.9923 -0.1021
vn -0.0857 0.9814 -0.1720
vn -0.2499 0.9579 -0.1411
vn -0.2640 0.9550 -0.1353
vn -0.2352 0.9594 -0.1555
vn -0.2540 0.9552 -0.1517
vn -0.0866 0.9725 -0.2160
vn -0.0841 0.9416 -0.3259
vn -0.0773 0.8542 -0.5141
vn -0.0729 0.7006 -0.7099
vn -0.0726 0.5350 -0.8417
vn -0.0729 0.7005 -0.7099
vn -0.0658 0.3678 -0.9276
vn -0.0542 0.1748 -0.9831
vn -0.0562 0.1049 -0.9929
vn -0.1497 0.6919 -0.7063
vn -0.1524 0.5043 -0.8500
vn -0.1593 0.3356 -0.9285
vn -0.1494 0.1487 -0.9775
vn -0.1482 0.0888 -0.9850
vn -0.3470 0.4048 -0.8460
vn -0.3634 0.2447 -0.8989
vn -0.3440 0.6289 -0.6972
vn -0.4697 0.3352 -0.8167
vn -0.4302 0.1991 -0.8805
vn -0.4986 0.5425 -0.6760
vn 0.4000 0.3976 -0.8258
vn -0.4191 0.1640 -0.8930
vn 0.4374 0.1758 -0.8819
vn -0.2435 0.9479 -0.2052
vn -0.5494 0.7690 -0.3269
vn 0.4112 0.5794 -0.7037
vn -0.1214 0.7246 0.6784
vn -0.0487 0.7199 0.6924
vn -0.2489 0.6833 0.6864
vn -0.1109 0.8194 0.5623
vn -0.2281 0.7984 0.5573
vn -0.3951 0.7528 0.5266
vn -0.0913 0.7171 0.6910
vn -0.0873 0.9027 0.4213
vn -0.0400 0.9019 0.4300
vn -0.0479 0.7157 0.6968
vn -0.1734 0.7061 0.6865
vn -0.1650 0.8951 0.4142
vn -0.3180 0.6662 0.6746
vn -0.2871 0.8721 0.3963
vn -0.4802 0.6166 0.6239
vn -0.3976 0.8413 0.3662
vn -0.4865 0.8189 0.3047
vn -0.6295 0.5790 0.5181
vn -0.3615 0.6109 0.7043
vn -0.0297 0.9964 0.0789
vn -0.0658 0.9950 0.0755
vn -0.1248 0.9900 0.0654
vn -0.2872 0.8721 0.3962
vn -0.3976 0.8414 0.3661
vn -0.2817 0.9583 0.0489
vn -0.2099 0.9765 0.0493
vn -0.4864 0.8189 0.3046
vn -0.3355 0.9386 0.0802
vn -0.3814 0.8501 0.3632
vn -0.3616 0.7654 0.5324
vn -0.1752 0.7920 0.5848
vn -0.1668 0.9068 0.3872
vn -0.0924 0.8224 0.5614
vn -0.0826 0.9161 0.3924
vn -0.0592 0.8342 0.5482
vn -0.0545 0.9254 0.3752
vn -0.1204 0.8006 0.5869
vn -0.3244 0.6135 0.7200
vn -0.3616 0.7653 0.5325
vn -0.3243 0.6135 0.7200
vn -0.1878 0.6185 0.7630
vn -0.1752 0.7920 0.5849
vn -0.1091 0.6617 0.7418
vn -0.0698 0.6699 0.7392
vn -0.3243 0.6135 0.7201
vn -0.1461 0.3320 0.9319
vn -0.3104 0.3521 0.8830
vn -0.1945 0.3690 0.9088
vn -0.1312 0.4229 0.8966
vn -0.1091 0.6616 0.7419
vn -0.0817 0.4749 0.8762
vn -0.0699 0.6698 0.7393
vn -0.3087 0.1785 0.9343
vn -0.2021 0.1894 0.9609
vn -0.1524 0.2641 0.9524
vn -0.0998 0.3594 0.9278
vn -0.1049 0.6071 0.7876
vn -0.0861 0.9808 0.1747
vn -0.0455 0.9837 0.1738
vn -0.0250 0.9913 0.1289
vn -0.0760 0.9878 0.1359
vn -0.0524 0.9654 0.2554
vn -0.0827 0.9636 0.2541
vn -0.3778 0.9054 0.1936
vn -0.3534 0.9203 0.1680
vn -0.0959 0.9869 0.1295
vn -0.0832 0.9804 0.1787
vn -0.3882 0.8896 0.2405
vn -0.1247 0.9719 0.1996
vn -0.3498 0.9265 0.1389
vn -0.1414 0.9836 0.1122
vn -0.1389 0.9883 0.0624
vn -0.3300 0.9400 0.0864
vn -0.0622 0.9926 0.1039
vn -0.0601 0.9961 0.0650
vn -0.0145 0.9949 0.0998
vn -0.0168 0.9975 0.0693
vn -0.0600 0.9961 0.0650
vn -0.0621 0.9926 0.1039
vn -0.3301 0.9400 0.0865
vn -0.2660 0.9610 0.0761
vn -0.2660 0.9610 0.0760
vn -0.1698 0.9572 0.2344
vn -0.1675 0.9712 0.1693
vn -0.1611 0.9759 0.1471
vn 0.2763 -0.0000 -0.9611
vn 0.2763 0.5649 -0.7775
vn 0.2763 0.9140 -0.2970
vn 0.2763 0.9140 0.2970
vn 0.2763 0.5649 0.7775
vn 0.2763 0.5649 0.7776
vn 0.2763 -0.0000 0.9611
vn 0.2763 -0.5649 0.7775
vn 0.2763 -0.9140 0.2970
vn 0.2763 -0.9140 -0.2970
vn 0.2763 -0.5649 -0.7775
vn 0.2763 -0.5649 -0.7776
vn 0.4108 -0.0000 -0.9117
vn 0.4108 0.5359 -0.7376
vn 0.4108 0.8671 -0.2818
vn 0.4109 0.5359 -0.7376
vn 0.4108 0.8671 -0.2817
vn 0.4108 0.8671 0.2817
vn 0.4109 0.8671 0.2817
vn 0.4109 0.8671 -0.2817
vn 0.4108 0.8671 0.2818
vn 0.4108 0.5359 0.7376
vn 0.4109 0.8671 0.2818
vn 0.4108 -0.0000 0.9117
vn 0.4109 0.5359 0.7376
vn 0.4108 -0.5359 0.7376
vn 0.4109 -0.5358 0.7376
vn 0.4108 -0.8671 0.2818
vn 0.4108 -0.8671 0.2817
vn 0.4108 -0.8671 -0.2817
vn 0.4109 -0.8671 -0.2817
vn 0.4108 -0.8671 -0.2818
vn 0.4108 -0.5359 -0.7376
vn 0.4109 -0.8671 -0.2818
vn 0.4109 -0.5358 -0.7376
vn -0.2763 0.5649 -0.7776
vn -0.2763 -0.0000 -0.9611
vn -0.2763 0.5649 -0.7775
vn -0.2763 0.9140 -0.2970
vn -0.2763 0.9140 0.2970
vn -0.2763 0.5649 0.7775
vn -0.2763 -0.0000 0.9611
vn -0.2763 0.5649 0.7776
vn -0.2763 -0.5649 0.7776
vn -0.2763 -0.5649 0.7775
vn -0.2763 -0.9140 0.2970
vn -0.2763 -0.9140 -0.2970
vn -0.2763 -0.5649 -0.7775
vn -0.4108 0.5359 -0.7376
vn -0.4108 -0.0000 -0.9117
vn -0.4108 0.8671 -0.2818
vn -0.4109 0.8671 -0.2818
vn -0.4109 0.5359 -0.7376
vn -0.4108 0.8671 0.2817
vn -0.4108 0.8671 -0.2817
vn -0.4109 0.8671 0.2817
vn -0.4109 0.8671 -0.2817
vn -0.4108 0.5359 0.7376
vn -0.4108 0.8671 0.2818
vn -0.4109 0.5359 0.7376
vn -0.4108 -0.0000 0.9117
vn -0.4109 -0.0000 0.9117
vn -0.4108 -0.5359 0.7376
vn -0.4109 -0.5358 0.7376
vn -0.4108 -0.8671 0.2818
vn -0.4108 -0.8671 -0.2817
vn -0.4108 -0.8671 0.2817
vn -0.4109 -0.8671 0.2817
vn -0.4108 -0.5359 -0.7376
vn -0.4108 -0.8671 -0.2818
vn -0.4109 -0.5359 -0.7376
vn -0.4109 -0.8671 -0.2818
vn -0.4109 -0.5359 0.7376
vn -0.4109 -0.8671 0.2818
vn 0.2763 0.5649 -0.7776
vn 0.4109 0.8671 -0.2818
vn 0.4109 -0.5359 0.7376
vn 0.4109 -0.8671 0.2818
vn -0.0000 -0.0000 -1.0000
vn -0.0000 -0.9986 -0.0528
vn -0.0000 -0.9944 -0.1055
vn -0.0000 0.9986 0.0528
vn -0.0000 0.9944 0.1055
vt 0.853133 0.438671
vt 0.864165 0.438325
vt 0.866636 0.419260
vt 0.855817 0.419499
vt 0.862292 0.519702
vt 0.851780 0.516581
vt 0.853857 0.559977
vt 0.857075 0.594038
vt 0.865252 0.611776
vt 0.859036 0.609177
vt 0.887349 0.374443
vt 0.873248 0.360966
vt 0.867018 0.379336
vt 0.879095 0.385107
vt 0.872050 0.399661
vt 0.860346 0.399663
vt 0.558446 0.722605
vt 0.555054 0.722664
vt 0.554747 0.732755
vt 0.861064 0.622257
vt 0.576865 0.164359
vt 0.586455 0.163979
vt 0.589261 0.156855
vt 0.593273 0.150113
vt 0.575636 0.159938
vt 0.602585 0.139388
vt 0.574738 0.156663
vt 0.023151 0.962011
vt 0.019618 0.962707
vt 0.019674 0.993378
vt 0.573684 0.152303
vt 0.014275 0.963289
vt 0.016085 0.992704
vt 0.020791 0.942287
vt 0.851863 0.471621
vt 0.862876 0.471088
vt 0.558434 0.714652
vt 0.305824 0.429969
vt 0.303243 0.447827
vt 0.318499 0.440004
vt 0.311382 0.452650
vt 0.586127 0.175958
vt 0.580019 0.177159
vt 0.582377 0.187230
vt 0.586557 0.185468
vt 0.583918 0.193766
vt 0.588521 0.194445
vt 0.018872 0.926733
vt 0.012462 0.932101
vt 0.013822 0.862236
vt 0.016644 0.897237
vt 0.021952 0.879535
vt 0.010407 0.862225
vt 0.011392 0.897162
vt 0.594049 0.212065
vt 0.591283 0.223706
vt 0.597463 0.220639
vt 0.577338 0.199371
vt 0.583795 0.227309
vt 0.009712 0.827306
vt 0.013583 0.840520
vt 0.019509 0.851389
vt 0.932564 0.376760
vt 0.932211 0.340500
vt 0.887918 0.349774
vt 0.932490 0.327154
vt 0.931965 0.316206
vt 0.309097 0.496958
vt 0.924284 0.311750
vt 0.312529 0.503463
vt 0.298376 0.500059
vt 0.873973 0.634032
vt 0.881248 0.638508
vt 0.938815 0.685180
vt 0.925170 0.680656
vt 0.936813 0.689830
vt 0.918471 0.672684
vt 0.863146 0.622116
vt 0.084210 0.502264
vt 0.077345 0.509158
vt 0.083373 0.510061
vt 0.021213 0.455213
vt 0.022495 0.485506
vt 0.025710 0.480975
vt 0.530527 0.952298
vt 0.502609 0.952467
vt 0.502961 0.965333
vt 0.110480 0.528885
vt 0.117759 0.530484
vt 0.117982 0.528686
vt 0.433517 0.789155
vt 0.442278 0.789059
vt 0.442070 0.761049
vt 0.433422 0.760628
vt 0.783363 0.218571
vt 0.793255 0.218476
vt 0.793347 0.190837
vt 0.426406 0.760119
vt 0.426565 0.789232
vt 0.014772 0.456427
vt 0.005889 0.456477
vt 0.005727 0.485993
vt 0.014687 0.485868
vt 0.434627 0.831970
vt 0.443085 0.831877
vt 0.783642 0.259710
vt 0.793192 0.259619
vt 0.015112 0.413023
vt 0.006536 0.413071
vt 0.028811 0.413063
vt 0.444002 0.875390
vt 0.453473 0.875357
vt 0.453365 0.825242
vt 0.435939 0.875479
vt 0.783968 0.301433
vt 0.793072 0.301346
vt 0.015557 0.368916
vt 0.007382 0.368962
vt 0.024670 0.368933
vt 0.444853 0.916995
vt 0.453815 0.916826
vt 0.437145 0.917080
vt 0.430741 0.917150
vt 0.784069 0.341406
vt 0.015956 0.326743
vt 0.008140 0.326783
vt 0.024619 0.326728
vt 0.033273 0.326731
vt 0.036185 0.369131
vt 0.445849 0.952934
vt 0.454156 0.952921
vt 0.438684 0.953013
vt 0.286754 0.911001
vt 0.294941 0.910923
vt 0.295184 0.876258
vt 0.432997 0.953075
vt 0.016565 0.290319
vt 0.009300 0.290360
vt 0.024619 0.290305
vt 0.032672 0.290319
vt 0.039937 0.290377
vt 0.043207 0.327015
vt 0.447104 0.980231
vt 0.454549 0.980067
vt 0.440582 0.980303
vt 0.287322 0.937051
vt 0.294773 0.936979
vt 0.017289 0.262660
vt 0.010677 0.262697
vt 0.024619 0.262647
vt 0.031948 0.262660
vt 0.038560 0.262690
vt 0.043784 0.262686
vt 0.049256 0.290152
vt 0.448342 0.997935
vt 0.455009 0.997813
vt 0.442459 0.998000
vt 0.287995 0.953713
vt 0.294718 0.953649
vt 0.017909 0.244726
vt 0.011943 0.244760
vt 0.024522 0.244715
vt 0.031134 0.244726
vt 0.037100 0.244760
vt 0.177906 0.798884
vt 0.184605 0.798597
vt 0.184671 0.780489
vt 0.041880 0.244866
vt 0.045708 0.256682
vt 0.176376 0.786610
vt 0.171505 0.795027
vt 0.054840 0.258315
vt 0.053861 0.263220
vt 0.055816 0.253428
vt 0.129744 0.580745
vt 0.123824 0.572069
vt 0.113990 0.574905
vt 0.119455 0.583384
vt 0.115001 0.571998
vt 0.109160 0.572641
vt 0.784956 0.024101
vt 0.786961 0.024122
vt 0.786529 0.014978
vt 0.784336 0.015792
vt 0.784337 0.029346
vt 0.461802 0.997790
vt 0.463472 0.992611
vt 0.477725 0.979692
vt 0.453917 0.761351
vt 0.160272 0.543673
vt 0.163434 0.559348
vt 0.181810 0.553499
vt 0.176989 0.538352
vt 0.473422 0.952788
vt 0.503268 0.974180
vt 0.519917 0.965154
vt 0.477683 0.988424
vt 0.132950 0.552370
vt 0.135652 0.551510
vt 0.134090 0.542952
vt 0.131656 0.543830
vt 0.301099 0.446567
vt 0.298846 0.446505
vt 0.298753 0.455352
vt 0.300830 0.455523
vt 0.298897 0.436867
vt 0.300927 0.435650
vt 0.126875 0.534439
vt 0.129398 0.533748
vt 0.140011 0.566804
vt 0.468746 0.996640
vt 0.051514 0.276500
vt 0.172296 0.799527
vt 0.167105 0.799251
vt 0.125639 0.565763
vt 0.121419 0.568794
vt 0.594364 0.073863
vt 0.594370 0.083100
vt 0.596928 0.083112
vt 0.558373 0.096203
vt 0.564870 0.063784
vt 0.557931 0.058628
vt 0.465725 0.150632
vt 0.469529 0.121734
vt 0.460429 0.118924
vt 0.294717 0.129746
vt 0.315420 0.136006
vt 0.321730 0.129297
vt 0.462786 0.169319
vt 0.457341 0.146656
vt 0.155550 0.528257
vt 0.172989 0.526031
vt 0.471322 0.994238
vt 0.468765 0.113253
vt 0.468472 0.109788
vt 0.056732 0.249253
vt 0.047410 0.248904
vt 0.130340 0.561596
vt 0.133523 0.562912
vt 0.107982 0.576117
vt 0.113482 0.584384
vt 0.142861 0.575760
vt 0.166294 0.568334
vt 0.184671 0.562485
vt 0.014317 0.514995
vt 0.019730 0.514882
vt 0.011976 0.649338
vt 0.012519 0.630939
vt 0.007952 0.630928
vt 0.007762 0.649339
vt 0.434304 0.598900
vt 0.442855 0.598806
vt 0.487849 0.760975
vt 0.518388 0.760633
vt 0.516935 0.597991
vt 0.486185 0.598329
vt 0.542212 0.760390
vt 0.540095 0.597658
vt 0.528782 0.597861
vt 0.473625 0.598467
vt 0.475472 0.761089
vt 0.456522 0.598651
vt 0.874948 0.613796
vt 0.872451 0.607566
vt 0.878876 0.618498
vt 0.924572 0.661461
vt 0.928729 0.662383
vt 0.932682 0.660838
vt 0.937638 0.655580
vt 0.934686 0.655711
vt 0.934999 0.538560
vt 0.931631 0.538812
vt 0.871787 0.534353
vt 0.873474 0.530435
vt 0.877044 0.527995
vt 0.881459 0.527396
vt 0.935327 0.519980
vt 0.920802 0.528803
vt 0.926454 0.530114
vt 0.929871 0.532667
vt 0.429515 0.598952
vt 0.423276 0.617167
vt 0.002000 0.649396
vt 0.172669 0.586045
vt 0.169711 0.586278
vt 0.171488 0.699201
vt 0.174446 0.698969
vt 0.171063 0.704114
vt 0.174021 0.703881
vt 0.446706 0.110686
vt 0.447285 0.113658
vt 0.451280 0.113532
vt 0.450779 0.110962
vt 0.455363 0.113312
vt 0.454863 0.110742
vt 0.727678 0.689830
vt 0.730298 0.689830
vt 0.735170 0.645826
vt 0.732550 0.645826
vt 0.732902 0.641051
vt 0.735523 0.641051
vt 0.736039 0.634829
vt 0.733419 0.634829
vt 0.735426 0.562819
vt 0.732805 0.562819
vt 0.790273 0.689090
vt 0.793641 0.689069
vt 0.794329 0.686556
vt 0.791068 0.686185
vt 0.799268 0.689256
vt 0.799955 0.686743
vt 0.838946 0.689810
vt 0.839633 0.687297
vt 0.843440 0.689830
vt 0.844128 0.687317
vt 0.847171 0.689776
vt 0.847858 0.687263
vt 0.732443 0.559033
vt 0.735063 0.559033
vt 0.169248 0.580310
vt 0.172206 0.580078
vt 0.884832 0.392242
vt 0.889348 0.387941
vt 0.879713 0.401801
vt 0.880525 0.509377
vt 0.924734 0.388532
vt 0.927502 0.391127
vt 0.928988 0.394437
vt 0.931463 0.501366
vt 0.930242 0.506630
vt 0.926678 0.509689
vt 0.922294 0.510976
vt 0.876110 0.508430
vt 0.872831 0.506515
vt 0.871094 0.503318
vt 0.875077 0.420572
vt 0.872732 0.439199
vt 0.871214 0.472172
vt 0.895886 0.384824
vt 0.485785 0.557054
vt 0.473259 0.565042
vt 0.514895 0.537336
vt 0.538265 0.510602
vt 0.456494 0.571970
vt 0.439427 0.458745
vt 0.432326 0.458802
vt 0.007288 0.791447
vt 0.010418 0.791362
vt 0.002631 0.791491
vt 0.427709 0.458845
vt 0.424389 0.599009
vt 0.453540 0.565366
vt 0.448905 0.566329
vt 0.447375 0.499752
vt 0.453151 0.499689
vt 0.449080 0.458779
vt 0.454252 0.458676
vt 0.322678 0.444681
vt 0.331779 0.446613
vt 0.333310 0.444596
vt 0.521626 0.108319
vt 0.522814 0.033141
vt 0.520739 0.033520
vt 0.519106 0.108248
vt 0.521584 0.154402
vt 0.519144 0.154278
vt 0.460553 0.562876
vt 0.459419 0.499504
vt 0.459700 0.458595
vt 0.497327 0.495740
vt 0.496401 0.458203
vt 0.486684 0.458310
vt 0.487001 0.497551
vt 0.476664 0.458423
vt 0.475965 0.498622
vt 0.485765 0.545378
vt 0.473703 0.553461
vt 0.503436 0.477114
vt 0.505888 0.480769
vt 0.501044 0.458208
vt 0.509289 0.483043
vt 0.538267 0.492418
vt 0.503708 0.532641
vt 0.445484 0.499773
vt 0.447228 0.458749
vt 0.781354 0.215988
vt 0.778462 0.216785
vt 0.778510 0.221269
vt 0.781402 0.220472
vt 0.778446 0.225022
vt 0.781338 0.224225
vt 0.781402 0.226982
vt 0.778434 0.226982
vt 0.778165 0.232027
vt 0.781133 0.232027
vt 0.777041 0.335534
vt 0.780009 0.335534
vt 0.780670 0.169447
vt 0.777778 0.170244
vt 0.777849 0.174665
vt 0.780741 0.173867
vt 0.728433 0.432798
vt 0.730427 0.451075
vt 0.733445 0.451075
vt 0.731450 0.432798
vt 0.731524 0.469299
vt 0.734542 0.469299
vt 0.732184 0.501660
vt 0.735202 0.501660
vt 0.732276 0.532279
vt 0.735293 0.532279
vt 0.731849 0.535489
vt 0.734867 0.535489
vt 0.777733 0.167008
vt 0.780625 0.166211
vt 0.730108 0.423597
vt 0.727090 0.423597
vt 0.177663 0.636368
vt 0.177777 0.641212
vt 0.180710 0.642015
vt 0.180596 0.637170
vt 0.177805 0.648063
vt 0.180738 0.648865
vt 0.177368 0.677430
vt 0.180301 0.678233
vt 0.780992 0.341406
vt 0.780333 0.338792
vt 0.777365 0.338792
vt 0.778024 0.341406
vt 0.440185 0.423323
vt 0.448861 0.423240
vt 0.442730 0.388876
vt 0.451018 0.388804
vt 0.445401 0.354426
vt 0.454032 0.354353
vt 0.448867 0.319967
vt 0.457058 0.319730
vt 0.451972 0.289212
vt 0.460064 0.289209
vt 0.434552 0.423386
vt 0.437185 0.388937
vt 0.440808 0.354476
vt 0.443954 0.320021
vt 0.446695 0.289270
vt 0.450317 0.258434
vt 0.435599 0.354533
vt 0.432556 0.388988
vt 0.439050 0.320075
vt 0.442152 0.289320
vt 0.444932 0.259660
vt 0.006178 0.827343
vt 0.005955 0.862274
vt 0.006966 0.897206
vt 0.008246 0.932143
vt 0.010175 0.963324
vt 0.012363 0.993395
vt 0.532065 0.318760
vt 0.528506 0.288534
vt 0.518234 0.288647
vt 0.519649 0.318897
vt 0.521702 0.250187
vt 0.514991 0.250297
vt 0.487244 0.422534
vt 0.477599 0.422640
vt 0.489022 0.388406
vt 0.478536 0.388521
vt 0.493407 0.353942
vt 0.479605 0.354094
vt 0.500092 0.319112
vt 0.481281 0.319319
vt 0.462066 0.422811
vt 0.465553 0.388664
vt 0.470558 0.354194
vt 0.476176 0.319375
vt 0.482127 0.289044
vt 0.456221 0.422875
vt 0.459737 0.388728
vt 0.463802 0.354268
vt 0.468076 0.319464
vt 0.472163 0.289154
vt 0.485491 0.250705
vt 0.476676 0.252677
vt 0.450518 0.423086
vt 0.453537 0.388796
vt 0.457509 0.354337
vt 0.461432 0.319537
vt 0.465094 0.289232
vt 0.468093 0.254650
vt 0.517568 0.194315
vt 0.520201 0.194241
vt 0.520153 0.232923
vt 0.463414 0.255818
vt 0.507204 0.843402
vt 0.507150 0.847635
vt 0.535264 0.847296
vt 0.535248 0.843402
vt 0.562528 0.417738
vt 0.564627 0.417976
vt 0.564528 0.387497
vt 0.783996 0.061507
vt 0.786961 0.062166
vt 0.786859 0.031306
vt 0.503780 0.457172
vt 0.503631 0.422337
vt 0.501987 0.422394
vt 0.504807 0.387996
vt 0.503042 0.388163
vt 0.503995 0.375668
vt 0.505872 0.375668
vt 0.508308 0.366172
vt 0.506523 0.364619
vt 0.512300 0.357220
vt 0.514084 0.358773
vt 0.522811 0.354599
vt 0.521473 0.352597
vt 0.508151 0.457114
vt 0.510194 0.457143
vt 0.509990 0.422307
vt 0.508025 0.422179
vt 0.511044 0.388075
vt 0.509079 0.387888
vt 0.509675 0.375885
vt 0.511852 0.376059
vt 0.513675 0.369468
vt 0.511698 0.368282
vt 0.516754 0.361288
vt 0.518737 0.363026
vt 0.525733 0.359812
vt 0.523748 0.357843
vt 0.535265 0.351767
vt 0.538482 0.357109
vt 0.538294 0.353732
vt 0.429531 0.423441
vt 0.550771 0.761467
vt 0.548887 0.597382
vt 0.525839 0.485343
vt 0.540404 0.487919
vt 0.509222 0.470756
vt 0.511337 0.470205
vt 0.547651 0.489752
vt 0.541851 0.488175
vt 0.545423 0.483702
vt 0.547527 0.482135
vt 0.513388 0.473429
vt 0.511333 0.474394
vt 0.514393 0.476650
vt 0.516388 0.475272
vt 0.540394 0.482829
vt 0.528618 0.480784
vt 0.540389 0.480896
vt 0.530722 0.479217
vt 0.508378 0.478895
vt 0.506097 0.475440
vt 0.511609 0.480967
vt 0.533014 0.944575
vt 0.523877 0.250163
vt 0.531840 0.288498
vt 0.535741 0.318720
vt 0.538104 0.351738
vt 0.862580 0.630282
vt 0.868742 0.635340
vt 0.487532 0.242060
vt 0.514885 0.241474
vt 0.514828 0.236844
vt 0.506932 0.837221
vt 0.535284 0.837221
vt 0.550825 0.797945
vt 0.275477 0.784160
vt 0.419355 0.782855
vt 0.275528 0.622080
vt 0.334735 0.961258
vt 0.419355 0.961194
vt 0.419355 0.820828
vt 0.334830 0.820768
vt 0.419355 0.346821
vt 0.283572 0.346821
vt 0.335746 0.379518
vt 0.419355 0.379496
vt 0.286104 0.316968
vt 0.305602 0.316967
vt 0.305597 0.279103
vt 0.287648 0.279102
vt 0.335621 0.508250
vt 0.419355 0.508250
vt 0.057571 0.573790
vt 0.057560 0.637312
vt 0.084209 0.635734
vt 0.084210 0.573887
vt 0.723169 0.689830
vt 0.723160 0.631941
vt 0.704301 0.630971
vt 0.704301 0.689798
vt 0.911919 0.998000
vt 0.930156 0.992686
vt 0.912492 0.869548
vt 0.674809 0.689798
vt 0.674809 0.629510
vt 0.212372 0.541946
vt 0.271556 0.541946
vt 0.271556 0.512448
vt 0.212020 0.512449
vt 0.959122 0.978406
vt 0.977067 0.951557
vt 0.210676 0.575792
vt 0.271556 0.575792
vt 0.209000 0.604917
vt 0.271556 0.604917
vt 0.028409 0.573790
vt 0.028409 0.635634
vt 0.964904 0.890366
vt 0.938055 0.872421
vt 0.979184 0.919332
vt 0.276537 0.820193
vt 0.334565 0.972561
vt 0.419355 0.972583
vt 0.120928 0.780489
vt 0.079379 0.785814
vt 0.060879 0.792998
vt 0.141898 0.784313
vt 0.084210 0.565242
vt 0.084197 0.512093
vt 0.044029 0.512021
vt 0.044029 0.565849
vt 0.030247 0.512021
vt 0.030247 0.567528
vt 0.779877 0.002503
vt 0.727090 0.002503
vt 0.727090 0.021939
vt 0.780987 0.021939
vt 0.781244 0.064326
vt 0.727090 0.064326
vt 0.727090 0.084958
vt 0.782219 0.084958
vt 0.004664 0.077805
vt 0.005744 0.103719
vt 0.063843 0.103719
vt 0.063843 0.077805
vt 0.063873 0.033039
vt 0.002000 0.033018
vt 0.050204 0.807278
vt 0.160519 0.806610
vt 0.043901 0.846014
vt 0.184671 0.846059
vt 0.334925 0.998000
vt 0.419355 0.997938
vt 0.593976 0.169304
vt 0.591063 0.178754
vt 0.594252 0.191516
vt 0.441350 0.163015
vt 0.469258 0.185058
vt 0.288134 0.972661
vt 0.310831 0.998000
vt 0.325953 0.998000
vt 0.285744 0.965032
vt 0.284549 0.961210
vt 0.781402 0.135052
vt 0.778289 0.145133
vt 0.778084 0.156130
vt 0.459543 0.189193
vt 0.456302 0.194932
vt 0.474813 0.189450
vt 0.979184 0.986470
vt 0.976574 0.981750
vt 0.964386 0.986426
vt 0.451945 0.190635
vt 0.568163 0.386250
vt 0.602197 0.404810
vt 0.588338 0.375066
vt 0.568277 0.374220
vt 0.566965 0.367516
vt 0.561464 0.356236
vt 0.444241 0.189422
vt 0.566597 0.420424
vt 0.563732 0.455104
vt 0.580497 0.464372
vt 0.599327 0.437498
vt 0.561595 0.468026
vt 0.327014 0.214073
vt 0.295150 0.214045
vt 0.313897 0.220227
vt 0.521366 0.480241
vt 0.578482 0.081618
vt 0.578412 0.071654
vt 0.577390 0.074932
vt 0.776989 0.128517
vt 0.167105 0.791950
vt 0.167982 0.789825
vt 0.167216 0.786579
vt 0.373222 0.265538
vt 0.353589 0.279104
vt 0.419355 0.279106
vt 0.419355 0.263833
vt 0.419355 0.316961
vt 0.342394 0.268293
vt 0.328119 0.270355
vt 0.190521 0.656641
vt 0.200863 0.630580
vt 0.192385 0.606878
vt 0.201300 0.617698
vt 0.201554 0.607221
vt 0.600998 0.229102
vt 0.300487 0.264990
vt 0.294611 0.261846
vt 0.290910 0.263243
vt 0.446600 0.083307
vt 0.444465 0.085957
vt 0.446276 0.101737
vt 0.442049 0.090195
vt 0.443436 0.101023
vt 0.447143 0.566734
vt 0.543193 0.801199
vt 0.777933 0.164250
vt 0.581428 0.057447
vt 0.581258 0.059384
vt 0.586392 0.058261
vt 0.586429 0.056303
vt 0.597328 0.056155
vt 0.592185 0.055754
vt 0.592283 0.057733
vt 0.597115 0.058189
vt 0.474808 0.124508
vt 0.474790 0.112252
vt 0.472983 0.112197
vt 0.473002 0.124452
vt 0.463417 0.107606
vt 0.469529 0.107044
vt 0.469313 0.105125
vt 0.463102 0.105649
vt 0.456639 0.105831
vt 0.441917 0.104895
vt 0.443435 0.107004
vt 0.047650 0.797878
vt 0.047623 0.783866
vt 0.045689 0.785092
vt 0.177697 0.685163
vt 0.179627 0.687406
vt 0.179558 0.682518
vt 0.177581 0.680194
vt 0.485893 0.926040
vt 0.488474 0.926049
vt 0.484424 0.921516
vt 0.481871 0.921580
vt 0.477032 0.858449
vt 0.478361 0.846083
vt 0.475743 0.846091
vt 0.474480 0.858387
vt 0.486754 0.829326
vt 0.482153 0.833810
vt 0.484583 0.833911
vt 0.489159 0.829409
vt 0.494389 0.825228
vt 0.507142 0.817995
vt 0.505363 0.817328
vt 0.747132 0.248374
vt 0.747006 0.263664
vt 0.749050 0.261663
vt 0.497760 0.932339
vt 0.500228 0.929600
vt 0.495760 0.927144
vt 0.493117 0.929828
vt 0.491292 0.923420
vt 0.488030 0.919131
vt 0.482447 0.858390
vt 0.483656 0.847140
vt 0.488959 0.836179
vt 0.493265 0.831706
vt 0.498225 0.827555
vt 0.510253 0.820191
vt 0.474785 0.897328
vt 0.477307 0.897375
vt 0.482722 0.897315
vt 0.472727 0.166842
vt 0.474534 0.166895
vt 0.475906 0.906818
vt 0.478430 0.906772
vt 0.483334 0.905672
vt 0.472872 0.175950
vt 0.474673 0.175646
vt 0.478267 0.839717
vt 0.480791 0.839764
vt 0.485627 0.841426
vt 0.472956 0.105972
vt 0.474751 0.106390
vt 0.299589 0.457484
vt 0.299429 0.494473
vt 0.301099 0.491998
vt 0.512340 0.820299
vt 0.543180 0.806929
vt 0.543182 0.806160
vt 0.543190 0.802301
vt 0.550750 0.802978
vt 0.550810 0.798983
vt 0.748756 0.208139
vt 0.749136 0.247189
vt 0.177789 0.724888
vt 0.180738 0.724684
vt 0.534053 0.941341
vt 0.533257 0.943780
vt 0.084027 0.567007
vt 0.049594 0.570238
vt 0.048642 0.571829
vt 0.495348 0.932436
vt 0.490620 0.929872
vt 0.478313 0.916307
vt 0.492010 0.825164
vt 0.044816 0.570910
vt 0.544295 0.465015
vt 0.541116 0.451816
vt 0.539680 0.460898
vt 0.538278 0.399589
vt 0.541124 0.442846
vt 0.548235 0.442880
vt 0.545069 0.395534
vt 0.535911 0.387207
vt 0.139642 0.741311
vt 0.131000 0.750250
vt 0.137971 0.748784
vt 0.747891 0.341406
vt 0.752538 0.306504
vt 0.747791 0.301300
vt 0.161691 0.584839
vt 0.160640 0.631662
vt 0.165651 0.621115
vt 0.890580 0.410798
vt 0.890717 0.428711
vt 0.896060 0.418935
vt 0.537306 0.466605
vt 0.534345 0.471450
vt 0.563009 0.659236
vt 0.562681 0.630104
vt 0.556902 0.642633
vt 0.556831 0.627610
vt 0.786961 0.072382
vt 0.144607 0.748742
vt 0.150852 0.750279
vt 0.013510 0.010768
vt 0.013658 0.006814
vt 0.013256 0.006046
vt 0.013234 0.011787
vt 0.282882 0.961838
vt 0.282954 0.964246
vt 0.550639 0.803738
vt 0.165795 0.629144
vt 0.590448 0.510079
vt 0.591743 0.511708
vt 0.597271 0.510191
vt 0.602061 0.059211
vt 0.602585 0.057123
vt 0.480840 0.916170
vt 0.485233 0.914028
vt 0.127962 0.706924
vt 0.125627 0.705240
vt 0.125668 0.711160
vt 0.128043 0.712937
vt 0.474813 0.184397
vt 0.473017 0.185058
vt 0.474693 0.101035
vt 0.472911 0.100256
vt 0.457053 0.107827
vt 0.747478 0.270224
vt 0.749557 0.268212
vt 0.896097 0.413058
vt 0.556511 0.649080
vt 0.280941 0.379436
vt 0.275562 0.515764
vt 0.275648 0.508240
vt 0.758554 0.193915
vt 0.762969 0.193916
vt 0.767007 0.192586
vt 0.770449 0.190065
vt 0.772943 0.186603
vt 0.774246 0.182540
vt 0.774229 0.178273
vt 0.772894 0.174218
vt 0.770371 0.170769
vt 0.767307 0.168629
vt 0.764117 0.167458
vt 0.759142 0.167466
vt 0.755918 0.167992
vt 0.753093 0.169424
vt 0.749352 0.173546
vt 0.747588 0.178528
vt 0.747937 0.184380
vt 0.754401 0.192595
vt 0.750991 0.189851
vt 0.320354 0.222413
vt 0.317627 0.238424
vt 0.321756 0.238418
vt 0.327014 0.222429
vt 0.586159 0.137427
vt 0.602535 0.131414
vt 0.602585 0.125900
vt 0.586229 0.129294
vt 0.602524 0.119504
vt 0.586177 0.119589
vt 0.602432 0.113708
vt 0.586083 0.110680
vt 0.602387 0.108524
vt 0.586027 0.102974
vt 0.445728 0.196948
vt 0.451498 0.212985
vt 0.454313 0.213281
vt 0.450664 0.197229
vt 0.457711 0.213422
vt 0.455784 0.197357
vt 0.463089 0.213056
vt 0.463129 0.196975
vt 0.466734 0.213018
vt 0.469099 0.196918
vt 0.470404 0.213011
vt 0.474813 0.196893
vt 0.767734 0.327851
vt 0.766823 0.311541
vt 0.762551 0.311527
vt 0.761182 0.327802
vt 0.321730 0.126691
vt 0.317181 0.110712
vt 0.313059 0.110736
vt 0.315460 0.126726
vt 0.308493 0.110742
vt 0.308510 0.126738
vt 0.303927 0.110731
vt 0.301559 0.126726
vt 0.299807 0.110702
vt 0.295289 0.126691
vt 0.564031 0.102868
vt 0.565410 0.119142
vt 0.569675 0.119088
vt 0.570523 0.102778
vt 0.299622 0.222188
vt 0.304052 0.238257
vt 0.308180 0.238309
vt 0.305928 0.222257
vt 0.312935 0.238421
vt 0.313073 0.222388
vt 0.610716 0.519364
vt 0.557774 0.601873
vt 0.610495 0.601873
vt 0.597124 0.519464
vt 0.572552 0.519432
vt 0.563144 0.520966
vt 0.297301 0.951299
vt 0.298658 0.935833
vt 0.299228 0.913268
vt 0.559748 0.559392
vt 0.298699 0.886914
vt 0.297144 0.871882
vt 0.170798 0.524070
vt 0.154274 0.498937
vt 0.128706 0.498656
vt 0.145105 0.523788
vt 0.114927 0.499398
vt 0.124987 0.523662
vt 0.899896 0.503610
vt 0.925682 0.497355
vt 0.926356 0.419581
vt 0.899958 0.419581
vt 0.330224 0.866713
vt 0.331320 0.882340
vt 0.331852 0.908961
vt 0.331281 0.931783
vt 0.330589 0.946661
vt 0.328942 0.953713
vt 0.184671 0.522324
vt 0.163590 0.497876
vt 0.292209 0.834028
vt 0.292221 0.848253
vt 0.298380 0.848119
vt 0.300782 0.834205
vt 0.308078 0.847775
vt 0.309226 0.834547
vt 0.313705 0.834937
vt 0.320273 0.846699
vt 0.326162 0.837057
vt 0.324316 0.845574
vt 0.327260 0.844496
vt 0.330653 0.839578
vt 0.330839 0.842483
vt 0.331852 0.841121
vt 0.466595 0.101737
vt 0.463011 0.093799
vt 0.455005 0.094520
vt 0.451460 0.101676
vt 0.462087 0.093058
vt 0.459435 0.092430
vt 0.758501 0.334516
vt 0.759824 0.333933
vt 0.758693 0.330843
vt 0.757312 0.331270
vt 0.757521 0.326633
vt 0.756091 0.326883
vt 0.756430 0.314268
vt 0.754985 0.314354
vt 0.756084 0.304511
vt 0.754637 0.304551
vt 0.755948 0.298245
vt 0.754499 0.298183
vt 0.448560 0.091999
vt 0.450099 0.092337
vt 0.453988 0.084467
vt 0.452834 0.083326
vt 0.459295 0.081958
vt 0.459122 0.080348
vt 0.462727 0.082769
vt 0.463428 0.081363
vt 0.464153 0.083924
vt 0.465415 0.082982
vt 0.467988 0.092428
vt 0.469529 0.092121
vt 0.774246 0.298184
vt 0.772795 0.298240
vt 0.772613 0.306918
vt 0.774059 0.306960
vt 0.772268 0.315419
vt 0.773713 0.315505
vt 0.771872 0.319987
vt 0.773309 0.320163
vt 0.769702 0.332731
vt 0.771089 0.333202
vt 0.766946 0.337638
vt 0.768077 0.338563
vt 0.764405 0.339615
vt 0.764422 0.341406
vt 0.762021 0.337836
vt 0.760898 0.338774
vt 0.884236 0.602156
vt 0.895522 0.596116
vt 0.895994 0.593079
vt 0.884724 0.598973
vt 0.896648 0.588911
vt 0.885400 0.594640
vt 0.898227 0.576198
vt 0.887000 0.581775
vt 0.899373 0.566049
vt 0.888150 0.571583
vt 0.900658 0.559803
vt 0.889188 0.565147
vt 0.894796 0.555719
vt 0.882715 0.560728
vt 0.316802 0.503463
vt 0.316811 0.490657
vt 0.315753 0.490300
vt 0.315195 0.502854
vt 0.109587 0.749830
vt 0.121506 0.754895
vt 0.128043 0.750513
vt 0.116608 0.745183
vt 0.126410 0.741776
vt 0.115203 0.736268
vt 0.125353 0.732972
vt 0.114140 0.727422
vt 0.124891 0.728267
vt 0.113663 0.722635
vt 0.122966 0.715410
vt 0.111698 0.709506
vt 0.122375 0.710738
vt 0.111065 0.704408
vt 0.177746 0.621867
vt 0.178619 0.634407
vt 0.180440 0.633697
vt 0.180738 0.620695
vt 0.180738 0.618734
vt 0.180326 0.605735
vt 0.178724 0.605162
vt 0.177947 0.617715
vt 0.883743 0.606221
vt 0.895065 0.599849
vt 0.783396 0.907117
vt 0.782279 0.997976
vt 0.907998 0.998000
vt 0.907998 0.907102
vt 0.770732 0.281386
vt 0.755156 0.272171
vt 0.751480 0.274046
vt 0.774117 0.290509
vt 0.769266 0.271370
vt 0.757171 0.268555
vt 0.768471 0.222251
vt 0.755463 0.207606
vt 0.795867 0.634829
vt 0.795677 0.562819
vt 0.795636 0.532279
vt 0.795608 0.501660
vt 0.746460 0.272191
vt 0.161392 0.633623
vt 0.160214 0.678723
vt 0.165795 0.667539
vt 0.611091 0.469925
vt 0.607878 0.472528
vt 0.608872 0.492311
vt 0.612441 0.495139
vt 0.602451 0.474013
vt 0.604575 0.491230
vt 0.564383 0.476873
vt 0.564163 0.494368
vt 0.560082 0.476460
vt 0.559921 0.495454
vt 0.556531 0.474231
vt 0.556817 0.497433
vt 0.554747 0.470500
vt 0.555256 0.500597
vt 0.613824 0.500193
vt 0.612563 0.463904
vt 0.614178 0.607161
vt 0.611594 0.609781
vt 0.614076 0.684196
vt 0.619583 0.689830
vt 0.624925 0.305449
vt 0.684113 0.305449
vt 0.684124 0.177724
vt 0.624933 0.178046
vt 0.583783 0.614470
vt 0.578187 0.656668
vt 0.577329 0.611699
vt 0.566297 0.652326
vt 0.896097 0.488409
vt 0.896090 0.430671
vt 0.883613 0.441046
vt 0.572789 0.607703
vt 0.964275 0.241981
vt 0.956737 0.298290
vt 0.964544 0.307829
vt 0.784192 0.374968
vt 0.760670 0.376451
vt 0.795062 0.451075
vt 0.794443 0.432798
vt 0.791687 0.758726
vt 0.784632 0.871126
vt 0.907998 0.871095
vt 0.907998 0.758589
vt 0.795403 0.469299
vt 0.847858 0.501660
vt 0.847858 0.469299
vt 0.847858 0.451075
vt 0.847858 0.562819
vt 0.847858 0.532279
vt 0.807335 0.718579
vt 0.907998 0.718579
vt 0.442477 0.160344
vt 0.443030 0.139635
vt 0.442729 0.117794
vt 0.079968 0.463332
vt 0.052494 0.468352
vt 0.039900 0.472977
vt 0.144100 0.472977
vt 0.122576 0.460777
vt 0.144100 0.460437
vt 0.002087 0.109601
vt 0.002000 0.236336
vt 0.084597 0.220903
vt 0.084986 0.109601
vt 0.813073 0.374261
vt 0.847858 0.432798
vt 0.847858 0.373604
vt 0.088134 0.213427
vt 0.093581 0.195493
vt 0.097431 0.178780
vt 0.099891 0.155976
vt 0.101818 0.109601
vt 0.769917 0.214075
vt 0.754583 0.201715
vt 0.774246 0.211119
vt 0.751669 0.195877
vt 0.813141 0.676506
vt 0.783962 0.674961
vt 0.847858 0.634829
vt 0.847858 0.677671
vt 0.739202 0.661995
vt 0.744688 0.664929
vt 0.751128 0.667958
vt 0.761562 0.671253
vt 0.082849 0.725443
vt 0.084201 0.708531
vt 0.033688 0.712370
vt 0.032340 0.729215
vt 0.084210 0.685619
vt 0.033697 0.689529
vt 0.082128 0.639273
vt 0.031619 0.643242
vt 0.851780 0.307829
vt 0.952815 0.307829
vt 0.952377 0.200984
vt 0.851780 0.200984
vt 0.605632 0.309555
vt 0.611080 0.350518
vt 0.718762 0.349832
vt 0.713384 0.309370
vt 0.720231 0.463111
vt 0.721491 0.499384
vt 0.615491 0.603897
vt 0.723169 0.590954
vt 0.664450 0.606250
vt 0.670032 0.688619
vt 0.079833 0.751522
vt 0.080779 0.743628
vt 0.030277 0.747340
vt 0.029428 0.754895
vt 0.258440 0.315375
vt 0.271556 0.321864
vt 0.271487 0.260169
vt 0.258371 0.253679
vt 0.123325 0.665784
vt 0.109087 0.665784
vt 0.109087 0.674106
vt 0.123325 0.674106
vt 0.542467 0.247552
vt 0.542386 0.305818
vt 0.549897 0.311195
vt 0.550825 0.250563
vt 0.333310 0.424548
vt 0.333310 0.410031
vt 0.324824 0.410031
vt 0.324824 0.424548
vt 0.793347 0.183488
vt 0.793158 0.125238
vt 0.784807 0.128264
vt 0.785848 0.188877
vt 0.142200 0.736429
vt 0.142200 0.721891
vt 0.133899 0.721891
vt 0.133899 0.736429
vt 0.285670 0.850214
vt 0.285670 0.864752
vt 0.331852 0.864752
vt 0.331852 0.850214
vt 0.033639 0.846059
vt 0.041940 0.846059
vt 0.041940 0.799878
vt 0.033639 0.799878
vt 0.318772 0.503463
vt 0.333310 0.503463
vt 0.333310 0.457282
vt 0.318772 0.457282
vt 0.542524 0.888039
vt 0.550825 0.888039
vt 0.550825 0.841858
vt 0.542524 0.841858
vt 0.580492 0.964808
vt 0.567444 0.964667
vt 0.565507 0.984862
vt 0.580273 0.984793
vt 0.603035 0.964765
vt 0.603035 0.984746
vt 0.631949 0.964750
vt 0.631949 0.984726
vt 0.580492 0.941464
vt 0.567174 0.941513
vt 0.603035 0.941421
vt 0.631949 0.941406
vt 0.567174 0.922198
vt 0.557685 0.922281
vt 0.556713 0.941622
vt 0.567174 0.903463
vt 0.558445 0.903523
vt 0.567174 0.784094
vt 0.558445 0.784154
vt 0.558445 0.826928
vt 0.567174 0.826867
vt 0.580492 0.784045
vt 0.580492 0.826818
vt 0.603035 0.784002
vt 0.603035 0.826775
vt 0.631949 0.783987
vt 0.631949 0.826760
vt 0.567174 0.750466
vt 0.558445 0.750521
vt 0.580492 0.750417
vt 0.603035 0.750374
vt 0.631949 0.750359
vt 0.567174 0.731710
vt 0.558445 0.735552
vt 0.580492 0.728729
vt 0.603035 0.726316
vt 0.631949 0.725434
vt 0.567130 0.714801
vt 0.580492 0.710958
vt 0.603035 0.707556
vt 0.631949 0.705777
vt 0.580499 0.702447
vt 0.566853 0.707473
vt 0.603049 0.698695
vt 0.631972 0.697210
vt 0.318949 0.426828
vt 0.311841 0.405532
vt 0.297375 0.412815
vt 0.210415 0.618923
vt 0.210767 0.607597
vt 0.128043 0.702448
vt 0.127662 0.692652
vt 0.120887 0.701770
vt 0.116580 0.692551
vt 0.113288 0.702058
vt 0.032511 0.973326
vt 0.024990 0.975015
vt 0.033389 0.980469
vt 0.031168 0.962989
vt 0.029153 0.944782
vt 0.024672 0.897960
vt 0.027313 0.928296
vt 0.073417 0.875110
vt 0.056306 0.871168
vt 0.056642 0.878360
vt 0.073448 0.881405
vt 0.555110 0.961362
vt 0.044755 0.992593
vt 0.063140 0.994305
vt 0.062427 0.983159
vt 0.044022 0.980726
vt 0.061286 0.968299
vt 0.043192 0.965792
vt 0.060001 0.952402
vt 0.042497 0.949125
vt 0.041080 0.931385
vt 0.058432 0.935331
vt 0.056574 0.903050
vt 0.038870 0.900511
vt 0.073096 0.905371
vt 0.231374 0.630416
vt 0.227576 0.622984
vt 0.222903 0.627047
vt 0.221065 0.631375
vt 0.666734 0.705771
vt 0.666734 0.696056
vt 0.666734 0.725428
vt 0.666734 0.750354
vt 0.666734 0.826755
vt 0.666734 0.783982
vt 0.666734 0.984718
vt 0.666734 0.964744
vt 0.631949 0.870990
vt 0.603035 0.871005
vt 0.631949 0.903356
vt 0.603035 0.903371
vt 0.580492 0.871048
vt 0.580492 0.903414
vt 0.558445 0.871157
vt 0.567174 0.871096
vt 0.666734 0.870984
vt 0.666734 0.903351
vt 0.666734 0.922376
vt 0.631949 0.922381
vt 0.666734 0.941400
vt 0.603035 0.922396
vt 0.580492 0.922439
vt 0.579493 0.995151
vt 0.603029 0.996636
vt 0.631928 0.997342
vt 0.666734 0.998000
vt 0.333310 0.432081
vt 0.096745 0.877627
vt 0.097457 0.883726
vt 0.144100 0.879594
vt 0.144100 0.885538
vt 0.096905 0.907641
vt 0.144100 0.909235
vt 0.096905 0.938937
vt 0.144100 0.940407
vt 0.025391 0.889132
vt 0.029735 0.882166
vt 0.038056 0.876839
vt 0.044889 0.876520
vt 0.096906 0.955714
vt 0.144100 0.957308
vt 0.096906 0.971171
vt 0.096906 0.984867
vt 0.144100 0.973167
vt 0.144100 0.986232
vt 0.096906 0.996104
vt 0.144100 0.998000
vt 0.271556 0.727959
vt 0.271194 0.680202
vt 0.260453 0.679800
vt 0.261404 0.727579
vt 0.250493 0.679428
vt 0.251770 0.727219
vt 0.237026 0.678924
vt 0.237552 0.726688
vt 0.219290 0.678242
vt 0.217552 0.725940
vt 0.269995 0.645998
vt 0.258331 0.646528
vt 0.248085 0.646962
vt 0.234818 0.646850
vt 0.220342 0.646460
vt 0.200347 0.645384
vt 0.199170 0.677351
vt 0.197461 0.725189
vt 0.254708 0.628251
vt 0.243791 0.628842
vt 0.266844 0.627281
vt 0.250421 0.618527
vt 0.240608 0.620062
vt 0.127523 0.681266
vt 0.113175 0.680453
vt 0.262182 0.616827
vt 0.237963 0.608754
vt 0.246701 0.608670
vt 0.229032 0.608459
vt 0.232912 0.621503
vt 0.037956 0.865594
vt 0.029994 0.861864
vt 0.257324 0.608463
vt 0.602799 0.696463
vt 0.631996 0.694917
vt 0.059459 0.508160
vt 0.059893 0.504933
vt 0.037138 0.502358
vt 0.580386 0.700173
vt 0.074325 0.504750
vt 0.101805 0.461877
vt 0.122579 0.458821
vt 0.101820 0.459994
vt 0.144100 0.458252
vt 0.079983 0.461554
vt 0.586716 0.513737
vt 0.559294 0.509928
vt 0.558898 0.512321
vt 0.586342 0.516318
vt 0.599965 0.514630
vt 0.599535 0.517404
vt 0.556624 0.624750
vt 0.563009 0.625649
vt 0.562803 0.611832
vt 0.556998 0.617936
vt 0.891647 0.501011
vt 0.886855 0.501437
vt 0.891624 0.507411
vt 0.070370 0.508953
vt 0.666734 0.693751
vt 0.610716 0.509872
vt 0.610450 0.517210
vt 0.144100 0.440435
vt 0.128384 0.441341
vt 0.101969 0.442151
vt 0.080108 0.443160
vt 0.052471 0.466488
vt 0.053778 0.446014
vt 0.040513 0.448683
vt 0.039901 0.470962
vt 0.030448 0.451396
vt 0.030043 0.476497
vt 0.064890 0.261518
vt 0.079513 0.260344
vt 0.079513 0.252502
vt 0.064890 0.255280
vt 0.102020 0.259751
vt 0.102020 0.250423
vt 0.128432 0.259277
vt 0.128459 0.248646
vt 0.520712 0.998000
vt 0.519846 0.989692
vt 0.510450 0.992511
vt 0.535284 0.996025
vt 0.534304 0.987254
vt 0.110593 0.657949
vt 0.116246 0.641865
vt 0.110037 0.638176
vt 0.102020 0.243617
vt 0.079513 0.246027
vt 0.128459 0.241311
vt 0.110671 0.594046
vt 0.119562 0.591216
vt 0.113446 0.608878
vt 0.122340 0.606047
vt 0.118492 0.631460
vt 0.127771 0.628506
vt 0.125720 0.657573
vt 0.134663 0.654727
vt 0.133856 0.602382
vt 0.130836 0.587627
vt 0.139042 0.624919
vt 0.146023 0.651111
vt 0.510825 0.987152
vt 0.102020 0.284504
vt 0.102020 0.326840
vt 0.128435 0.326776
vt 0.128435 0.282664
vt 0.102020 0.271884
vt 0.128436 0.270775
vt 0.062156 0.288136
vt 0.057067 0.326971
vt 0.063832 0.274579
vt 0.050906 0.368794
vt 0.045040 0.412833
vt 0.069565 0.412768
vt 0.073022 0.368744
vt 0.102020 0.412721
vt 0.102020 0.368710
vt 0.128434 0.412696
vt 0.128434 0.368687
vt 0.078433 0.286152
vt 0.079098 0.272986
vt 0.076214 0.326900
vt 0.144100 0.259124
vt 0.144100 0.247955
vt 0.144100 0.240258
vt 0.130590 0.672832
vt 0.139532 0.669986
vt 0.150451 0.666510
vt 0.144100 0.326756
vt 0.144100 0.281890
vt 0.144100 0.270298
vt 0.144100 0.412684
vt 0.144100 0.368676
vt 0.752976 0.964808
vt 0.753195 0.984793
vt 0.767961 0.984862
vt 0.766024 0.964667
vt 0.730433 0.964765
vt 0.730433 0.984746
vt 0.701519 0.964750
vt 0.701519 0.984726
vt 0.752976 0.941464
vt 0.766294 0.941513
vt 0.730433 0.941421
vt 0.701519 0.941406
vt 0.766294 0.922198
vt 0.776755 0.941622
vt 0.775782 0.922281
vt 0.766294 0.903463
vt 0.775023 0.903523
vt 0.766294 0.784094
vt 0.766294 0.826867
vt 0.775023 0.826928
vt 0.775023 0.784154
vt 0.752976 0.784045
vt 0.752976 0.826818
vt 0.730433 0.784002
vt 0.730433 0.826775
vt 0.701519 0.783987
vt 0.701519 0.826760
vt 0.766294 0.750466
vt 0.775023 0.750521
vt 0.752976 0.750417
vt 0.730433 0.750374
vt 0.701519 0.750359
vt 0.766294 0.731710
vt 0.775023 0.735552
vt 0.752976 0.728729
vt 0.730433 0.726316
vt 0.701519 0.725434
vt 0.766338 0.714801
vt 0.775022 0.722605
vt 0.752976 0.710958
vt 0.730433 0.707556
vt 0.701519 0.705777
vt 0.752969 0.702447
vt 0.766615 0.707473
vt 0.730419 0.698695
vt 0.701495 0.697210
vt 0.754190 0.144726
vt 0.758401 0.163265
vt 0.774134 0.159830
vt 0.766289 0.138940
vt 0.202445 0.832126
vt 0.193264 0.832667
vt 0.192735 0.843134
vt 0.201951 0.843447
vt 0.559984 0.689705
vt 0.567388 0.689344
vt 0.560361 0.680089
vt 0.571546 0.680353
vt 0.574936 0.689830
vt 0.255689 0.973326
vt 0.254811 0.980469
vt 0.263210 0.975015
vt 0.265049 0.962011
vt 0.257032 0.962989
vt 0.259047 0.944782
vt 0.267409 0.942287
vt 0.263528 0.897960
vt 0.260886 0.928296
vt 0.269328 0.926733
vt 0.271556 0.897237
vt 0.266248 0.879535
vt 0.214783 0.875110
vt 0.214752 0.881405
vt 0.231558 0.878360
vt 0.231894 0.871168
vt 0.778357 0.961362
vt 0.243445 0.992593
vt 0.244178 0.980726
vt 0.225773 0.983159
vt 0.225060 0.994305
vt 0.245008 0.965792
vt 0.226914 0.968299
vt 0.245703 0.949125
vt 0.228199 0.952402
vt 0.247120 0.931385
vt 0.249330 0.900511
vt 0.231626 0.903050
vt 0.229768 0.935331
vt 0.215104 0.905371
vt 0.224203 0.822230
vt 0.215505 0.824957
vt 0.219861 0.829357
vt 0.213995 0.820504
vt 0.701519 0.870990
vt 0.730433 0.871005
vt 0.701519 0.903356
vt 0.730433 0.903371
vt 0.752976 0.871048
vt 0.752976 0.903414
vt 0.775023 0.871157
vt 0.766294 0.871096
vt 0.775034 0.714652
vt 0.701519 0.922381
vt 0.730433 0.922396
vt 0.752976 0.922439
vt 0.753974 0.995151
vt 0.730439 0.996636
vt 0.701540 0.997342
vt 0.774246 0.125688
vt 0.757768 0.128950
vt 0.191455 0.877627
vt 0.190743 0.883726
vt 0.191294 0.907641
vt 0.191294 0.938937
vt 0.262809 0.889132
vt 0.258465 0.882166
vt 0.250144 0.876839
vt 0.243311 0.876520
vt 0.191294 0.955714
vt 0.191294 0.971171
vt 0.191294 0.984867
vt 0.191294 0.996104
vt 0.256888 0.775155
vt 0.267629 0.775556
vt 0.246929 0.774782
vt 0.233461 0.774279
vt 0.215724 0.773635
vt 0.263880 0.809574
vt 0.252288 0.808175
vt 0.242103 0.806978
vt 0.228865 0.806098
vt 0.214400 0.805407
vt 0.195593 0.773022
vt 0.194381 0.804987
vt 0.193790 0.819788
vt 0.247311 0.826131
vt 0.236469 0.824727
vt 0.259340 0.828004
vt 0.242310 0.835508
vt 0.232639 0.833244
vt 0.574494 0.668389
vt 0.560139 0.668765
vt 0.253911 0.838081
vt 0.229157 0.844324
vt 0.237865 0.845059
vt 0.225071 0.831233
vt 0.220229 0.843950
vt 0.250244 0.865594
vt 0.258206 0.861864
vt 0.268691 0.851389
vt 0.248442 0.846059
vt 0.730669 0.696463
vt 0.701472 0.694917
vt 0.753082 0.700173
vt 0.751757 0.163265
vt 0.750862 0.141152
vt 0.747519 0.141377
vt 0.770098 0.299310
vt 0.760692 0.304778
vt 0.770556 0.304808
vt 0.186394 0.461877
vt 0.186380 0.459994
vt 0.165621 0.458821
vt 0.165624 0.460777
vt 0.208232 0.463332
vt 0.208217 0.461554
vt 0.560216 0.250754
vt 0.557432 0.250836
vt 0.557901 0.277172
vt 0.560490 0.277074
vt 0.561123 0.239227
vt 0.558127 0.239339
vt 0.010899 0.014897
vt 0.005304 0.019594
vt 0.002000 0.029096
vt 0.013658 0.020477
vt 0.907584 0.168269
vt 0.901184 0.168305
vt 0.907167 0.173062
vt 0.747604 0.131402
vt 0.752230 0.127951
vt 0.004144 0.006046
vt 0.002205 0.008049
vt 0.159816 0.441341
vt 0.186231 0.442151
vt 0.208092 0.443160
vt 0.235729 0.466488
vt 0.248299 0.470962
vt 0.247687 0.448683
vt 0.234422 0.446014
vt 0.258157 0.476497
vt 0.257752 0.451396
vt 0.262490 0.480975
vt 0.266987 0.455213
vt 0.223310 0.261518
vt 0.223310 0.255280
vt 0.208687 0.252502
vt 0.208687 0.260344
vt 0.186180 0.250423
vt 0.186180 0.259751
vt 0.159741 0.248646
vt 0.159768 0.259277
vt 0.233359 0.258315
vt 0.232384 0.253428
vt 0.926356 0.411467
vt 0.918371 0.408562
vt 0.917208 0.417621
vt 0.516131 0.463818
vt 0.522333 0.460118
vt 0.516650 0.444044
vt 0.904249 0.405949
vt 0.903091 0.415529
vt 0.208687 0.246027
vt 0.186180 0.243617
vt 0.159741 0.241311
vt 0.159878 0.748636
vt 0.167756 0.754895
vt 0.173209 0.752259
vt 0.168769 0.745806
vt 0.162463 0.732097
vt 0.153568 0.734929
vt 0.153912 0.710631
vt 0.144632 0.713585
vt 0.144380 0.685252
vt 0.135436 0.688099
vt 0.180043 0.742217
vt 0.173978 0.728432
vt 0.165183 0.707044
vt 0.155740 0.681636
vt 0.234339 0.263220
vt 0.926211 0.405629
vt 0.183130 0.748465
vt 0.186180 0.284504
vt 0.159765 0.282664
vt 0.159765 0.326776
vt 0.186180 0.326840
vt 0.159764 0.270775
vt 0.186180 0.271884
vt 0.226044 0.288136
vt 0.231133 0.326971
vt 0.244993 0.327015
vt 0.238944 0.290152
vt 0.224368 0.274579
vt 0.236686 0.276500
vt 0.237294 0.368794
vt 0.215178 0.368744
vt 0.218635 0.412768
vt 0.243160 0.412833
vt 0.186180 0.368710
vt 0.186180 0.412721
vt 0.159766 0.368687
vt 0.159766 0.412696
vt 0.252015 0.369131
vt 0.259389 0.413063
vt 0.209102 0.272986
vt 0.209767 0.286152
vt 0.211986 0.326900
vt 0.704291 0.616042
vt 0.685414 0.616042
vt 0.687358 0.627550
vt 0.704291 0.627550
vt 0.864948 0.374397
vt 0.864948 0.357633
vt 0.852935 0.356565
vt 0.852935 0.371602
vt 0.864948 0.336911
vt 0.852935 0.337979
vt 0.864948 0.320147
vt 0.852935 0.322941
vt 0.584066 0.137427
vt 0.584066 0.118550
vt 0.572559 0.118550
vt 0.572559 0.135483
vt 0.584066 0.099672
vt 0.572559 0.101616
vt 0.436857 0.311195
vt 0.436857 0.294431
vt 0.424843 0.293364
vt 0.424843 0.308401
vt 0.436857 0.273710
vt 0.424843 0.274778
vt 0.436857 0.256947
vt 0.424843 0.259741
vt 0.723169 0.616042
vt 0.721224 0.627550
vt 0.333989 0.057429
vt 0.333989 0.038418
vt 0.322814 0.023037
vt 0.304733 0.017162
vt 0.286652 0.023037
vt 0.275477 0.038418
vt 0.275477 0.057429
vt 0.286652 0.072810
vt 0.304733 0.078685
vt 0.322814 0.072810
vt 0.582655 0.072817
vt 0.580443 0.075862
vt 0.580443 0.079625
vt 0.582655 0.082669
vt 0.586234 0.083832
vt 0.589813 0.082669
vt 0.592025 0.079625
vt 0.592025 0.075862
vt 0.589813 0.072817
vt 0.586234 0.071654
vt 0.904209 0.141878
vt 0.887990 0.147148
vt 0.898260 0.161283
vt 0.904209 0.159349
vt 0.877966 0.160944
vt 0.894583 0.166343
vt 0.877966 0.177997
vt 0.894583 0.172598
vt 0.887990 0.191793
vt 0.898260 0.177658
vt 0.904209 0.197063
vt 0.904209 0.179591
vt 0.920427 0.191793
vt 0.910157 0.177658
vt 0.930450 0.177997
vt 0.913834 0.172598
vt 0.930450 0.160944
vt 0.913834 0.166343
vt 0.920427 0.147148
vt 0.910157 0.161283
vt 0.972821 0.988430
vt 0.966459 0.988430
vt 0.968993 0.998000
vt 0.972821 0.998000
vt 0.782279 0.696373
vt 0.782279 0.702023
vt 0.792269 0.703414
vt 0.792269 0.700015
vt 0.782279 0.709007
vt 0.792269 0.707616
vt 0.782279 0.714657
vt 0.792269 0.711015
vt 0.602197 0.372476
vt 0.602197 0.366113
vt 0.592627 0.366113
vt 0.592627 0.369941
vt 0.602197 0.359750
vt 0.592627 0.362285
vt 0.885417 0.336393
vt 0.885417 0.330742
vt 0.875427 0.329351
vt 0.875427 0.332750
vt 0.885417 0.323758
vt 0.875427 0.325149
vt 0.885417 0.318108
vt 0.875427 0.321750
vt 0.979184 0.988430
vt 0.976649 0.998000
vt 0.101818 0.234459
vt 0.101818 0.224140
vt 0.090395 0.224140
vt 0.090395 0.234459
vt 0.688046 0.305449
vt 0.698364 0.305449
vt 0.698364 0.197448
vt 0.688046 0.197448
vt 0.295415 0.395463
vt 0.283992 0.395463
vt 0.283992 0.503463
vt 0.295415 0.503463
vt 0.983105 0.998000
vt 0.993424 0.998000
vt 0.993424 0.889999
vt 0.983105 0.889999
vt 0.559099 0.229102
vt 0.570523 0.229102
vt 0.570523 0.121102
vt 0.559099 0.121102
vt 0.797268 0.132252
vt 0.807587 0.132252
vt 0.807587 0.024250
vt 0.797268 0.024250
vt 0.550825 0.890000
vt 0.539402 0.890000
vt 0.539402 0.998000
vt 0.550825 0.998000
vt 0.196721 0.604917
vt 0.207039 0.604917
vt 0.207039 0.496917
vt 0.196721 0.496917
vt 0.094599 0.754895
vt 0.106022 0.754895
vt 0.106022 0.646895
vt 0.094599 0.646895
s 1
f 1/1/1 2/2/2 3/3/3
f 3/3/3 4/4/4 1/1/1
f 5/5/5 6/6/6 7/7/7
f 8/8/8 9/9/9 5/5/5
f 5/5/5 7/7/7 8/8/8
f 10/10/10 9/9/9 8/8/8
f 11/11/11 12/12/12 13/13/13
f 13/13/13 14/14/14 11/11/11
f 3/3/3 15/15/15 16/16/16
f 16/16/16 4/4/4 3/3/3
f 15/15/15 14/14/14 13/13/13
f 13/13/13 16/16/16 15/15/15
f 17/17/17 18/18/18 19/19/9
f 9/9/9 10/10/10 20/20/17
f 21/21/19 22/22/20 23/23/21
f 23/23/21 24/24/22 25/25/23
f 24/24/22 26/26/24 27/27/25
f 27/27/25 25/25/23 24/24/22
f 28/28/26 29/29/27 30/30/28
f 31/31/29 27/27/25 26/26/24
f 29/29/27 32/32/30 33/33/31
f 33/33/31 30/30/28 29/29/27
f 21/21/19 23/23/21 25/25/23
f 34/34/32 29/29/27 28/28/26
f 35/35/33 6/6/6 5/5/5
f 5/5/5 36/36/34 35/35/33
f 1/1/1 35/35/33 36/36/34
f 36/36/34 2/2/2 1/1/1
f 17/17/17 37/37/35 18/18/18
f 38/38/36 39/39/37 40/40/38
f 40/40/38 39/39/37 41/41/39
f 42/42/40 43/43/41 44/44/42
f 44/44/42 45/45/43 42/42/40
f 44/44/42 46/46/44 47/47/45
f 47/47/45 45/45/43 44/44/42
f 48/48/46 49/49/47 34/34/32
f 29/29/27 34/34/32 49/49/47
f 49/49/47 32/32/30 29/29/27
f 50/50/48 51/51/49 52/52/50
f 53/50/51 54/53/52 55/54/53
f 55/54/53 56/51/49 53/50/51
f 56/51/49 55/54/53 49/49/47
f 49/49/47 48/48/46 56/51/49
f 46/46/44 57/55/54 47/47/45
f 46/46/44 58/56/55 57/55/54
f 57/55/54 58/56/55 59/57/56
f 46/46/44 60/58/57 61/59/58
f 61/59/58 58/56/55 46/46/44
f 62/60/59 54/53/52 53/50/51
f 63/60/60 50/50/48 64/61/61
f 64/61/61 50/50/48 52/52/50
f 52/52/50 65/62/62 64/61/61
f 21/21/19 43/43/41 42/42/40
f 42/42/40 22/22/20 21/21/19
f 66/11/63 67/63/64 68/64/65
f 69/65/66 12/12/12 11/11/11
f 11/11/11 70/64/60 69/65/66
f 69/65/66 70/64/60 71/66/67
f 71/66/67 72/67/62 69/65/66
f 41/41/39 39/39/37 73/68/68
f 74/69/69 69/65/66 72/67/62
f 75/70/70 73/68/71 76/71/72
f 77/9/9 78/72/73 79/73/74
f 80/74/75 81/75/76 82/76/77
f 80/74/75 77/9/9 79/73/74
f 79/73/74 83/77/78 80/74/75
f 83/77/78 81/75/76 80/74/75
f 77/9/9 84/78/79 78/72/73
f 85/79/80 86/80/81 87/81/82
f 88/82/83 89/83/75 90/84/84
f 91/85/85 92/86/86 93/87/87
f 94/88/88 95/89/89 96/90/90
f 97/91/91 98/92/92 99/93/93
f 99/93/93 100/94/94 97/91/91
f 101/95/95 102/96/96 103/97/97
f 100/94/94 104/98/98 105/99/95
f 106/100/99 107/101/100 108/102/101
f 108/102/101 109/103/102 106/100/99
f 88/82/83 106/100/99 109/103/102
f 109/103/102 89/83/75 88/82/83
f 110/104/103 111/105/104 98/92/92
f 98/92/92 97/91/91 110/104/103
f 112/106/105 113/107/103 102/96/96
f 102/96/96 101/95/95 112/106/105
f 114/108/106 115/109/107 107/101/100
f 107/101/100 106/100/99 114/108/106
f 116/110/108 114/108/106 106/100/99
f 106/100/99 88/82/83 116/110/108
f 117/111/109 118/112/110 119/113/111
f 119/113/111 111/105/104 117/111/109
f 120/114/112 117/111/109 111/105/104
f 111/105/104 110/104/103 120/114/112
f 121/115/113 122/116/114 113/107/103
f 113/107/103 112/106/105 121/115/113
f 123/117/115 124/118/113 115/109/107
f 115/109/107 114/108/106 123/117/115
f 125/119/116 123/117/115 114/108/106
f 114/108/106 116/110/108 125/119/116
f 126/120/117 127/121/118 118/112/110
f 118/112/110 117/111/109 126/120/117
f 128/122/119 126/120/117 117/111/109
f 117/111/109 120/114/112 128/122/119
f 129/123/120 128/122/119 120/114/112
f 122/116/114 121/115/113 130/124/120
f 131/125/121 132/126/122 124/118/113
f 124/118/113 123/117/115 131/125/121
f 133/127/123 131/125/121 123/117/115
f 123/117/115 125/119/116 133/127/123
f 134/128/124 133/127/123 125/119/116
f 125/119/116 135/129/125 134/128/124
f 136/130/126 137/131/127 127/121/118
f 127/121/118 126/120/117 136/130/126
f 138/132/128 136/130/126 126/120/117
f 126/120/117 128/122/119 138/132/128
f 139/133/129 140/134/130 141/135/131
f 128/122/119 129/123/120 142/136/132
f 143/137/133 144/138/134 132/126/122
f 132/126/122 131/125/121 143/137/133
f 145/139/135 143/137/133 131/125/121
f 131/125/121 133/127/123 145/139/135
f 146/140/136 145/139/135 133/127/123
f 133/127/123 134/128/124 146/140/136
f 147/141/137 146/140/136 134/128/124
f 134/128/124 148/142/138 147/141/137
f 149/143/139 150/144/140 137/131/127
f 137/131/127 136/130/126 149/143/139
f 151/145/141 149/143/139 136/130/126
f 136/130/126 138/132/128 151/145/141
f 152/146/142 153/147/143 140/134/130
f 140/134/130 139/133/129 152/146/142
f 154/148/144 155/149/142 144/138/134
f 144/138/134 143/137/133 154/148/144
f 156/150/145 154/148/144 143/137/133
f 143/137/133 145/139/135 156/150/145
f 157/151/146 156/150/145 145/139/135
f 145/139/135 146/140/136 157/151/146
f 158/152/147 157/151/146 146/140/136
f 146/140/136 147/141/137 158/152/147
f 159/153/148 158/152/147 147/141/137
f 147/141/137 160/154/149 159/153/148
f 161/155/150 162/156/151 150/144/140
f 150/144/140 149/143/139 161/155/150
f 163/157/152 161/155/150 149/143/139
f 149/143/139 151/145/141 163/157/152
f 164/158/153 165/159/154 153/147/143
f 153/147/143 152/146/142 164/158/153
f 166/160/155 167/161/156 155/149/142
f 155/149/142 154/148/144 166/160/155
f 168/162/157 166/160/155 154/148/144
f 154/148/144 156/150/145 168/162/157
f 169/163/158 168/162/157 156/150/145
f 156/150/145 157/151/146 169/163/158
f 170/164/159 169/163/158 157/151/146
f 157/151/146 158/152/147 170/164/159
f 171/165/160 172/166/161 173/167/162
f 158/152/147 159/153/148 174/168/163
f 159/153/148 175/169/164 174/168/163
f 176/170/164 177/171/165 171/165/166
f 178/172/167 175/169/164 159/153/148
f 159/153/148 179/173/168 178/172/167
f 175/169/164 178/172/167 180/174/169
f 181/175/170 182/176/171 183/177/172
f 183/177/172 184/178/173 181/175/170
f 185/179/174 186/180/175 183/177/172
f 187/181/176 188/182/177 189/183/178
f 189/183/178 190/184/179 187/181/176
f 191/185/180 188/182/177 187/181/176
f 162/156/151 192/186/181 193/187/182
f 162/156/151 193/187/182 150/144/140
f 150/144/140 193/187/182 194/188/183
f 98/92/92 119/113/111 195/189/184
f 195/189/184 99/93/93 98/92/92
f 111/105/104 119/113/111 98/92/92
f 196/190/185 197/191/186 198/192/187
f 198/192/187 199/193/188 196/190/185
f 194/188/183 93/87/87 92/86/86
f 92/86/86 200/194/189 194/188/183
f 93/87/87 201/195/190 202/196/191
f 202/196/191 91/85/85 93/87/87
f 193/187/182 203/197/192 194/188/183
f 194/188/183 203/197/192 201/195/190
f 201/195/190 93/87/87 194/188/183
f 204/198/193 205/199/194 206/200/195
f 206/200/195 207/201/196 204/198/193
f 208/202/197 209/203/198 210/204/199
f 210/204/199 211/205/200 208/202/197
f 212/206/201 209/203/198 208/202/197
f 208/202/197 213/207/202 212/206/201
f 214/208/202 207/201/196 206/200/195
f 206/200/195 215/209/203 214/208/202
f 216/210/204 197/191/186 196/190/185
f 196/190/185 205/199/194 216/210/204
f 193/187/182 192/186/181 217/211/205
f 125/119/116 116/110/108 135/129/125
f 135/129/125 148/142/138 134/128/124
f 160/154/149 147/141/137 148/142/138
f 159/153/148 160/154/149 218/212/206
f 171/165/166 177/171/165 219/213/175
f 219/213/175 177/171/165 220/214/172
f 221/215/180 222/216/207 182/176/171
f 182/176/171 185/179/174 183/177/172
f 223/217/89 224/218/208 225/219/209
f 214/208/202 96/90/90 95/89/89
f 226/220/210 227/221/211 228/222/212
f 229/223/213 230/224/214 231/225/215
f 232/226/216 233/227/217 234/228/218
f 235/229/218 229/223/212 236/230/216
f 206/200/195 205/199/194 196/190/185
f 196/190/185 237/231/219 206/200/195
f 206/200/195 237/231/219 215/209/203
f 196/190/185 199/193/188 238/232/220
f 238/232/220 237/231/219 196/190/185
f 193/187/182 217/211/205 239/233/221
f 96/90/90 214/208/202 215/209/203
f 231/225/215 240/234/222 241/235/223
f 240/234/222 231/225/215 230/224/214
f 203/197/192 193/187/182 239/233/221
f 180/174/169 242/236/224 243/237/225
f 243/237/225 175/169/164 180/174/169
f 244/238/226 245/239/227 205/199/194
f 205/199/194 204/198/193 244/238/226
f 244/238/226 221/215/180 245/239/227
f 245/239/227 182/176/171 216/210/204
f 216/210/204 205/199/194 245/239/227
f 246/240/165 247/241/224 183/177/172
f 183/177/172 247/241/224 184/178/173
f 150/144/140 194/188/183 200/194/189
f 200/194/189 137/131/127 150/144/140
f 216/210/204 248/242/228 249/243/229
f 249/243/229 197/191/186 216/210/204
f 197/191/186 249/243/229 250/244/230
f 250/244/230 198/192/187 197/191/186
f 216/210/204 182/176/171 181/175/170
f 181/175/170 248/242/228 216/210/204
f 109/103/102 108/102/101 251/245/231
f 252/246/232 89/83/75 109/103/102
f 109/103/102 251/245/231 252/246/232
f 253/247/233 254/248/234 255/249/235
f 255/249/235 256/250/236 253/247/233
f 257/251/237 100/94/94 99/93/93
f 99/93/93 258/252/238 257/251/237
f 259/253/239 260/254/240 261/255/241
f 261/255/241 262/256/242 259/253/239
f 260/254/240 263/257/243 264/258/244
f 264/258/244 265/259/245 260/254/240
f 260/254/240 265/259/245 261/255/241
f 266/260/246 267/261/247 259/253/239
f 259/253/239 262/256/242 266/260/246
f 268/262/248 195/189/184 267/261/247
f 267/261/247 266/260/246 268/262/248
f 268/262/248 258/252/238 99/93/93
f 99/93/93 195/189/184 268/262/248
f 254/248/234 252/246/232 251/245/231
f 251/245/231 255/249/235 254/248/234
f 77/9/9 269/263/249 270/264/250
f 77/9/9 271/265/251 269/263/249
f 77/9/9 272/266/252 271/265/251
f 77/9/9 80/74/75 272/266/252
f 272/266/252 80/74/75 273/267/253
f 273/267/253 80/74/75 274/268/254
f 274/268/254 80/74/75 275/269/232
f 275/269/232 276/270/255 274/268/254
f 276/270/255 275/269/232 277/271/234
f 277/271/234 278/272/256 276/270/255
f 279/5/5 280/273/257 281/274/258
f 281/274/258 282/275/259 279/5/5
f 279/5/5 282/275/259 283/276/260
f 283/276/260 284/277/233 279/5/5
f 283/276/260 285/278/261 284/277/233
f 284/277/233 285/278/261 286/279/262
f 286/279/262 287/280/263 284/277/233
f 284/277/233 287/280/263 277/271/234
f 277/271/234 287/280/263 278/272/256
f 104/98/98 288/281/264 289/282/265
f 255/249/235 251/245/231 108/102/101
f 290/283/266 256/250/236 255/249/235
f 104/98/98 100/94/94 257/251/237
f 257/251/237 288/281/264 104/98/98
f 291/284/267 292/285/268 293/286/269
f 293/286/269 294/287/270 291/284/267
f 294/287/270 293/286/269 295/288/271
f 295/288/271 296/289/272 294/287/270
f 297/290/273 298/291/274 299/292/275
f 299/292/275 300/293/276 297/290/273
f 300/293/276 299/292/275 301/294/277
f 301/294/277 302/295/278 300/293/276
f 303/296/279 304/297/280 305/298/281
f 305/298/281 306/299/282 303/296/279
f 307/300/283 306/299/282 305/298/281
f 305/298/281 308/301/284 307/300/283
f 308/301/284 309/302/285 310/303/286
f 310/303/286 307/300/283 308/301/284
f 279/5/5 77/9/9 270/264/250
f 270/264/250 280/273/257 279/5/5
f 311/304/287 312/305/288 310/303/286
f 310/303/286 309/302/285 311/304/287
f 313/306/289 314/307/290 315/308/291
f 315/308/291 316/309/292 313/306/289
f 314/307/290 317/310/293 318/311/294
f 318/311/294 315/308/291 314/307/290
f 317/310/293 319/312/295 320/313/296
f 320/313/296 318/311/294 317/310/293
f 319/312/295 321/314/297 322/315/298
f 322/315/298 320/313/296 319/312/295
f 321/314/297 323/316/299 324/317/300
f 324/317/300 322/315/298 321/314/297
f 325/318/301 312/305/288 311/304/287
f 311/304/287 326/319/302 325/318/301
f 327/320/303 292/285/268 291/284/267
f 291/284/267 328/321/304 327/320/303
f 329/14/305 330/322/306 331/323/307
f 329/14/305 332/15/15 333/324/308
f 333/324/308 330/322/306 329/14/305
f 334/325/309 279/5/5 284/277/233
f 335/326/310 336/327/311 337/63/64
f 336/327/311 338/328/312 337/63/64
f 339/329/313 340/330/314 284/277/233
f 340/330/314 341/331/315 284/277/233
f 341/331/315 342/332/316 284/277/233
f 334/325/309 343/333/317 279/5/5
f 343/333/317 344/334/318 279/5/5
f 344/334/318 345/335/319 279/5/5
f 346/336/320 347/3/3 348/2/2
f 348/2/2 349/337/321 346/336/320
f 279/5/5 345/335/319 350/338/322
f 350/338/322 351/36/34 279/5/5
f 351/36/34 350/338/322 349/337/321
f 349/337/321 348/2/2 351/36/34
f 346/336/320 333/324/308 332/15/15
f 332/15/15 347/3/3 346/336/320
f 331/323/307 352/339/323 353/11/63
f 353/11/63 329/14/305 331/323/307
f 266/260/246 262/256/242 354/340/324
f 354/340/324 355/341/325 266/260/246
f 262/256/242 261/255/241 356/342/326
f 356/342/326 354/340/324 262/256/242
f 261/255/241 265/259/245 356/342/326
f 356/342/326 265/259/245 357/343/327
f 357/343/327 265/259/245 264/258/244
f 266/260/246 355/341/325 358/344/328
f 358/344/328 268/262/248 266/260/246
f 288/281/264 257/251/237 359/345/329
f 359/345/329 360/346/330 288/281/264
f 338/328/312 339/329/313 337/63/64
f 337/63/64 339/329/313 284/277/233
f 253/247/233 256/250/236 361/347/331
f 361/347/331 362/348/332 253/247/233
f 256/250/236 290/283/266 363/349/330
f 360/346/330 364/350/331 365/351/333
f 334/325/309 284/277/233 342/332/316
f 358/344/334 366/352/335 367/353/336
f 368/354/337 367/353/336 366/352/335
f 366/352/335 369/355/338 368/354/337
f 370/356/339 368/354/337 369/355/338
f 369/355/338 371/357/340 370/356/339
f 372/358/341 373/359/336 374/360/342
f 375/361/343 376/362/344 377/363/345
f 377/363/345 378/364/337 375/361/343
f 379/365/346 375/361/343 378/364/337
f 378/364/337 380/366/347 379/365/346
f 358/344/334 381/367/348 366/352/335
f 371/357/340 369/355/338 382/368/349
f 382/368/349 383/369/350 371/357/340
f 369/355/338 366/352/335 381/367/348
f 381/367/348 382/368/349 369/355/338
f 384/370/351 385/371/352 386/372/353
f 386/372/353 387/373/354 384/370/351
f 387/373/354 386/372/353 388/374/355
f 388/374/355 389/375/356 387/373/354
f 389/375/356 390/376/357 387/373/354
f 389/375/356 391/377/358 390/376/357
f 392/378/359 384/370/351 393/379/360
f 382/368/349 389/375/356 388/374/355
f 388/374/355 383/369/350 382/368/349
f 394/380/361 385/371/352 392/378/359
f 392/378/359 385/371/352 384/370/351
f 395/381/362 384/370/351 396/382/363
f 384/370/351 387/373/354 390/376/357
f 390/376/357 397/383/364 384/370/351
f 397/383/364 396/382/363 384/370/351
f 382/368/349 381/367/348 391/377/358
f 391/377/358 389/375/356 382/368/349
f 359/345/329 398/384/365 399/385/366
f 359/345/329 257/251/237 398/384/365
f 257/251/237 400/252/238 398/384/365
f 401/367/367 402/344/341 403/341/368
f 403/341/368 404/377/369 401/367/367
f 404/377/369 403/341/368 405/340/370
f 405/340/370 406/376/371 404/377/369
f 406/376/371 405/340/370 407/342/372
f 407/342/372 408/383/364 406/376/371
f 407/342/372 409/343/327 408/383/364
f 410/63/373 411/11/63 412/339/323
f 413/339/323 414/326/310 415/63/373
f 416/386/374 417/387/375 418/388/376
f 418/388/376 419/389/377 416/386/374
f 419/389/377 418/388/376 420/390/378
f 420/390/378 421/391/379 419/389/377
f 422/392/379 423/393/380 424/394/381
f 424/394/381 425/395/382 422/392/379
f 425/395/382 424/394/381 426/396/383
f 426/396/383 427/397/384 425/395/382
f 428/398/385 429/399/386 430/400/387
f 430/400/387 431/401/388 428/398/385
f 431/401/388 430/400/387 417/387/375
f 417/387/375 416/386/374 431/401/388
f 432/402/389 433/403/390 434/404/391
f 434/404/391 435/405/392 432/402/389
f 433/403/390 436/406/393 437/407/394
f 437/407/394 434/404/391 433/403/390
f 436/406/393 438/408/395 439/409/396
f 439/409/396 437/407/394 436/406/393
f 438/408/395 440/410/397 441/411/398
f 441/411/398 439/409/396 438/408/395
f 440/410/397 442/412/399 443/413/400
f 443/413/400 441/411/398 440/410/397
f 444/414/401 429/399/386 428/398/385
f 428/398/385 445/415/402 444/414/401
f 435/405/392 446/416/403 447/417/404
f 447/417/404 432/402/389 435/405/392
f 448/418/405 449/419/406 450/420/407
f 450/420/407 451/421/404 448/418/405
f 449/419/406 452/422/408 453/423/409
f 453/423/409 450/420/407 449/419/406
f 452/422/408 454/424/410 455/425/411
f 455/425/411 453/423/409 452/422/408
f 456/426/412 457/427/413 458/428/414
f 458/428/414 459/429/415 456/426/412
f 457/427/413 427/397/384 426/396/383
f 426/396/383 458/428/414 457/427/413
f 460/430/416 359/345/329 399/385/366
f 399/385/366 461/431/417 460/430/416
f 462/432/418 460/430/416 461/431/417
f 461/431/417 463/433/419 462/432/418
f 464/434/420 462/432/418 463/433/419
f 463/433/419 465/435/421 464/434/420
f 466/436/422 464/434/420 465/435/421
f 465/435/421 467/437/423 466/436/422
f 468/438/424 466/436/422 467/437/423
f 467/437/423 469/439/425 468/438/424
f 470/440/426 360/346/330 359/345/329
f 359/345/329 460/430/416 470/440/426
f 471/441/427 470/440/426 460/430/416
f 460/430/416 462/432/418 471/441/427
f 472/442/428 471/441/427 462/432/418
f 462/432/418 464/434/420 472/442/428
f 473/443/429 472/442/428 464/434/420
f 464/434/420 466/436/422 473/443/429
f 474/444/430 473/443/429 466/436/422
f 466/436/422 468/438/424 474/444/430
f 474/444/430 468/438/424 475/445/431
f 476/446/432 477/447/433 471/441/427
f 471/441/427 472/442/428 476/446/432
f 478/448/434 476/446/432 472/442/428
f 472/442/428 473/443/429 478/448/434
f 479/449/435 478/448/434 473/443/429
f 473/443/429 474/444/430 479/449/435
f 480/450/436 479/449/435 474/444/430
f 474/444/430 475/445/431 480/450/436
f 63/60/437 481/348/438 482/347/331
f 482/347/331 483/451/439 63/60/437
f 484/53/440 63/60/437 483/451/439
f 483/451/439 485/452/433 484/53/440
f 486/54/441 484/53/440 485/452/433
f 485/452/433 487/453/432 486/54/441
f 488/49/47 486/54/441 487/453/432
f 487/453/432 489/454/442 488/49/47
f 490/32/443 488/49/47 489/454/442
f 489/454/442 491/455/435 490/32/443
f 492/33/444 490/32/443 491/455/435
f 491/455/435 493/456/445 492/33/444
f 494/457/446 495/458/447 496/459/448
f 496/459/448 497/460/449 494/457/446
f 495/458/447 498/461/450 499/462/451
f 499/462/451 496/459/448 495/458/447
f 386/372/353 500/463/452 501/464/453
f 501/464/453 388/374/355 386/372/353
f 500/463/452 502/465/454 503/466/455
f 503/466/455 501/464/453 500/463/452
f 502/465/454 504/467/456 505/468/457
f 505/468/457 503/466/455 502/465/454
f 504/467/456 506/469/458 507/470/459
f 507/470/459 505/468/457 504/467/456
f 388/374/355 501/464/453 508/471/460
f 508/471/460 383/369/350 388/374/355
f 501/464/453 503/466/455 509/472/461
f 509/472/461 508/471/460 501/464/453
f 503/466/455 505/468/457 510/473/462
f 510/473/462 509/472/461 503/466/455
f 505/468/457 507/470/459 511/474/463
f 511/474/463 510/473/462 505/468/457
f 512/475/464 511/474/463 507/470/459
f 383/369/350 508/471/460 513/476/465
f 513/476/465 371/357/340 383/369/350
f 508/471/460 509/472/461 514/477/466
f 514/477/466 513/476/465 508/471/460
f 509/472/461 510/473/462 515/478/467
f 515/478/467 514/477/466 509/472/461
f 510/473/462 511/474/463 516/479/468
f 516/479/468 515/478/467 510/473/462
f 511/474/463 512/475/464 517/480/469
f 517/480/469 516/479/468 511/474/463
f 512/475/464 518/481/470 519/482/471
f 519/482/471 517/480/469 512/475/464
f 371/357/340 513/476/465 520/483/472
f 520/483/472 370/356/339 371/357/340
f 513/476/465 514/477/466 521/484/473
f 521/484/473 520/483/472 513/476/465
f 514/477/466 515/478/467 522/485/474
f 522/485/474 521/484/473 514/477/466
f 515/478/467 516/479/468 523/486/475
f 523/486/475 522/485/474 515/478/467
f 516/479/468 517/480/469 524/487/476
f 524/487/476 523/486/475 516/479/468
f 517/480/469 519/482/471 525/488/477
f 525/488/477 524/487/476 517/480/469
f 380/366/347 526/489/472 527/490/478
f 527/490/478 379/365/346 380/366/347
f 520/483/472 521/484/473 528/433/479
f 529/491/479 527/490/478 526/489/472
f 521/484/473 522/485/474 530/435/480
f 530/435/480 528/433/479 521/484/473
f 522/485/474 523/486/475 531/437/481
f 531/437/481 530/435/480 522/485/474
f 523/486/475 524/487/476 532/439/482
f 532/439/482 531/437/481 523/486/475
f 524/487/476 525/488/477 533/492/483
f 533/492/483 532/439/482 524/487/476
f 518/481/470 512/475/464 496/459/448
f 496/459/448 499/462/451 518/481/470
f 534/493/484 535/494/485 536/495/486
f 536/495/486 537/496/487 534/493/484
f 538/497/488 539/498/489 540/499/490
f 541/500/490 542/501/491 543/502/492
f 512/475/464 507/470/459 506/469/458
f 506/469/458 496/459/448 512/475/464
f 544/380/493 545/503/494 546/504/495
f 546/504/495 547/505/496 544/380/493
f 547/505/496 546/504/495 548/506/497
f 548/506/497 549/507/498 547/505/496
f 550/508/499 551/509/500 552/510/501
f 552/510/501 553/511/502 550/508/499
f 554/512/503 555/513/504 556/514/505
f 556/514/505 557/515/506 554/512/503
f 558/516/507 559/517/508 560/518/509
f 560/518/509 561/519/510 558/516/507
f 561/519/510 560/518/509 562/520/511
f 562/520/511 563/521/512 561/519/510
f 564/522/513 565/523/514 566/524/515
f 566/524/515 567/525/516 564/522/513
f 568/526/517 569/527/518 570/528/519
f 570/528/519 571/529/520 568/526/517
f 572/516/521 573/519/522 574/504/523
f 574/504/523 575/503/524 572/516/521
f 573/519/522 576/521/525 577/506/526
f 577/506/526 574/504/523 573/519/522
f 578/522/527 579/525/516 580/510/528
f 580/510/528 581/509/529 578/522/527
f 582/526/530 583/529/520 584/514/531
f 584/514/531 585/513/532 582/526/530
f 500/463/452 386/372/353 385/371/352
f 385/371/352 394/380/361 586/505/533
f 586/505/533 500/463/452 385/371/352
f 550/508/499 549/507/498 548/506/497
f 548/506/497 551/509/500 550/508/499
f 577/506/526 576/521/525 578/522/527
f 578/522/527 581/509/529 577/506/526
f 563/521/512 562/520/511 565/523/514
f 565/523/514 564/522/513 563/521/512
f 502/465/454 500/463/452 586/505/533
f 586/505/533 587/507/534 502/465/454
f 588/508/499 502/465/454 587/507/534
f 588/508/499 589/511/502 504/467/456
f 502/465/454 588/508/499 504/467/456
f 506/469/458 497/460/449 496/459/448
f 590/512/535 497/460/449 506/469/458
f 506/469/458 504/467/456 590/512/535
f 590/512/535 591/515/506 497/460/449
f 497/460/449 591/515/506 592/530/536
f 592/530/536 494/457/446 497/460/449
f 570/528/519 593/531/537 571/529/520
f 583/529/520 594/531/538 595/532/539
f 595/532/539 584/514/531 583/529/520
f 556/514/505 596/532/540 597/530/541
f 597/530/541 557/515/506 556/514/505
f 477/447/433 598/533/542 470/440/426
f 470/440/426 471/441/427 477/447/433
f 598/533/542 599/350/331 360/346/330
f 360/346/330 470/440/426 598/533/542
f 554/512/503 553/511/502 552/510/501
f 552/510/501 555/513/504 554/512/503
f 585/513/532 580/510/528 579/525/516
f 579/525/516 582/526/530 585/513/532
f 568/526/517 567/525/516 566/524/515
f 566/524/515 569/527/518 568/526/517
f 590/512/535 504/467/456 589/511/502
f 264/258/244 263/257/243 600/534/543
f 600/534/543 601/535/544 264/258/244
f 602/536/545 603/382/546 604/537/547
f 558/516/507 605/538/548 606/539/549
f 606/539/549 559/517/508 558/516/507
f 603/382/546 607/540/550 608/541/551
f 609/541/552 610/540/553 611/542/554
f 611/542/554 610/540/553 612/543/555
f 613/544/556 614/545/557 615/546/558
f 615/546/558 616/547/559 613/544/556
f 617/537/547 618/548/560 619/549/561
f 619/549/561 620/536/562 617/537/547
f 621/548/563 622/550/564 623/551/565
f 623/551/565 624/549/566 621/548/563
f 625/379/567 626/552/568 627/553/569
f 627/553/569 628/378/570 625/379/567
f 629/545/571 630/538/572 631/553/573
f 631/553/573 632/552/568 629/545/571
f 633/381/574 603/382/546 602/536/545
f 602/536/545 634/554/575 633/381/574
f 635/554/576 620/536/562 619/549/561
f 619/549/561 636/546/577 635/554/576
f 615/546/558 624/549/566 623/551/565
f 623/551/565 616/547/559 615/546/558
f 544/380/493 628/378/570 627/553/569
f 627/553/569 545/503/494 544/380/493
f 575/503/524 631/553/573 630/538/572
f 630/538/572 572/516/521 575/503/524
f 637/555/578 92/86/86 91/85/85
f 638/556/579 498/461/450 495/458/447
f 495/458/447 639/557/580 638/556/579
f 639/557/580 495/458/447 494/457/446
f 494/457/446 640/558/581 639/557/580
f 640/558/581 494/457/446 592/530/536
f 592/530/536 641/559/582 640/558/581
f 597/530/541 596/532/540 642/559/582
f 84/78/79 643/560/80 78/72/73
f 78/72/73 643/560/80 644/561/583
f 475/445/431 468/438/424 645/492/483
f 645/492/483 468/438/424 469/439/425
f 646/562/584 647/563/585 648/564/490
f 647/563/585 518/481/470 499/462/451
f 647/563/585 646/562/584 518/481/470
f 649/565/586 650/493/587 651/496/588
f 651/496/588 652/566/589 649/565/586
f 653/567/590 600/534/543 263/257/243
f 408/383/364 409/343/327 603/382/591
f 654/568/592 655/569/593 656/570/594
f 657/571/595 658/572/596 659/573/597
f 659/573/597 660/574/598 657/571/595
f 661/575/599 662/576/581 663/577/600
f 663/577/600 664/578/601 661/575/599
f 665/579/602 662/576/581 666/580/603
f 666/580/603 667/581/604 668/582/605
f 668/582/605 665/579/602 666/580/603
f 669/583/606 670/584/607 664/578/601
f 664/578/601 663/577/600 669/583/606
f 671/585/608 672/586/609 673/587/610
f 673/587/610 674/588/611 671/585/608
f 675/589/612 676/590/613 677/591/614
f 677/591/614 678/592/615 675/589/612
f 679/593/616 680/594/617 681/595/618
f 682/596/619 678/592/615 677/591/614
f 677/591/614 683/597/620 682/596/619
f 684/598/621 685/599/622 686/600/623
f 686/600/623 687/601/624 684/598/621
f 680/594/617 688/602/625 681/595/618
f 689/603/626 681/595/618 688/602/625
f 690/604/627 691/605/628 685/599/622
f 685/599/622 684/598/621 690/604/627
f 692/606/629 693/607/630 691/605/628
f 691/605/628 690/604/627 692/606/629
f 672/586/609 671/585/608 694/608/631
f 694/608/631 695/609/632 672/586/609
f 681/595/618 696/610/633 697/611/634
f 681/595/618 698/612/635 696/610/633
f 681/595/618 689/603/626 698/612/635
f 659/573/597 655/569/593 654/568/592
f 654/568/592 660/574/598 659/573/597
f 660/574/598 654/568/592 699/613/590
f 700/614/636 701/615/637 658/572/596
f 658/572/596 657/571/595 700/614/636
s 0
f 702/616/638 703/617/638 704/618/638
f 704/618/638 705/619/638 702/616/638
s 1
f 706/620/639 707/621/640 708/622/641
f 708/622/641 709/623/642 706/620/639
f 709/623/642 708/622/641 710/624/643
f 710/624/643 711/625/644 709/623/642
f 712/626/645 713/627/646 714/628/647
f 714/628/647 715/629/648 712/626/645
f 716/630/649 715/629/648 714/628/647
f 714/628/647 717/631/650 716/630/649
f 717/631/650 718/632/651 719/633/652
f 719/633/652 716/630/649 717/631/650
f 720/634/653 721/635/652 722/636/654
f 722/636/654 723/637/655 720/634/653
f 723/637/655 724/638/656 725/639/657
f 725/639/657 720/634/653 723/637/655
f 705/619/638 704/618/638 726/640/658
f 726/640/658 727/641/659 705/619/638
f 728/641/660 729/640/661 730/642/662
f 731/642/662 732/643/663 733/641/664
f 734/644/665 735/645/666 701/615/637
f 701/615/637 700/614/636 734/644/665
s 0
f 736/646/667 737/647/667 738/648/667
s 1
f 739/649/188 740/650/85 741/229/668
f 742/651/669 743/652/188 744/653/187
f 742/651/669 700/614/636 657/571/595
f 657/571/595 745/654/670 742/651/669
f 742/651/669 744/653/187 734/644/665
f 734/644/665 700/614/636 742/651/669
f 657/571/595 746/655/671 745/654/670
f 747/656/672 748/657/673 749/658/674
f 750/659/675 751/660/614 752/661/676
f 753/662/677 754/663/678 755/664/679
f 751/660/614 750/659/675 756/665/680
f 757/666/681 758/667/682 759/668/683
f 759/668/683 760/669/684 757/666/681
f 759/668/683 761/670/685 760/669/684
f 761/670/685 759/668/683 762/671/614
f 751/660/614 756/665/680 763/672/686
f 758/667/682 757/666/681 764/673/687
f 765/674/688 766/675/689 767/676/690
f 767/676/690 764/673/687 765/674/688
f 758/667/682 764/673/687 767/676/690
f 766/675/689 765/674/688 768/677/691
f 769/678/609 770/679/629 771/680/692
f 772/681/693 773/539/549 774/544/694
f 775/682/672 776/683/695 777/684/696
f 747/656/672 778/685/697 748/657/673
s 0
f 779/686/698 780/687/698 781/688/698
s 1
f 782/689/699 783/690/700 784/691/701
f 784/691/701 785/692/702 782/689/699
f 786/690/703 787/693/704 788/691/705
f 783/690/700 782/689/699 789/694/706
f 783/690/700 789/694/706 790/695/707
f 791/696/700 792/697/707 793/698/604
f 787/693/704 786/690/703 667/581/604
f 667/581/604 666/580/603 787/693/704
f 793/698/604 794/699/708 795/700/56
f 793/698/604 792/697/707 794/699/708
f 662/576/581 661/575/599 787/693/704
f 787/693/704 666/580/603 662/576/581
f 796/57/709 797/56/710 798/701/604
f 797/56/710 799/59/589 798/701/604
f 800/702/58 801/703/487 802/581/604
f 803/582/579 802/581/604 801/703/487
f 801/703/487 804/704/486 803/582/579
f 805/705/711 806/706/490 807/707/712
f 808/708/585 809/709/450 807/707/712
f 810/556/579 811/564/490 812/563/713
f 812/563/585 813/462/451 814/461/714
f 264/258/244 601/535/544 610/540/553
f 610/540/553 357/343/327 264/258/244
f 400/252/238 815/262/715 402/344/716
f 402/344/716 816/710/344 400/252/238
f 610/540/553 396/382/546 357/343/327
f 159/153/148 218/212/206 179/173/168
f 398/384/365 400/252/238 816/710/344
f 263/257/243 817/711/717 653/567/590
f 604/537/547 603/382/546 608/541/551
f 609/541/552 611/542/554 618/548/560
f 618/548/560 617/537/547 609/541/552
f 818/542/554 819/543/555 622/550/564
f 622/550/564 621/548/563 818/542/554
f 747/656/672 749/658/674 820/712/674
f 182/176/171 222/216/207 185/179/174
f 245/239/227 221/215/180 182/176/171
f 606/539/549 605/538/548 614/545/557
f 614/545/557 613/544/556 606/539/549
f 633/381/574 634/554/575 626/552/568
f 626/552/568 625/379/567 633/381/574
f 632/552/568 635/554/576 636/546/577
f 636/546/577 629/545/571 632/552/568
f 393/379/360 384/370/351 395/381/362
f 137/131/127 200/194/189 127/121/118
f 821/713/718 822/714/719 823/715/720
f 823/715/720 824/716/721 821/713/718
f 825/717/722 826/718/723 827/719/724
f 827/719/724 828/720/725 825/717/722
f 829/721/726 830/722/727 831/723/728
f 831/723/728 832/724/729 829/721/726
f 833/725/730 834/726/731 835/727/732
f 835/727/732 836/728/733 833/725/730
f 837/729/734 838/730/735 839/731/736
f 840/732/736 841/733/737 842/734/738
f 843/735/739 844/736/740 845/737/741
f 845/737/741 846/738/742 843/735/739
f 847/739/743 848/740/744 849/741/745
f 849/741/745 850/742/746 847/739/743
f 851/743/747 852/744/748 853/745/749
f 853/745/749 854/746/750 851/743/747
f 855/747/751 856/748/752 857/749/753
f 857/749/753 858/750/754 855/747/751
f 859/751/755 860/752/756 861/753/757
f 862/754/757 863/755/758 864/756/759
f 865/757/760 866/758/718 867/759/721
f 867/759/721 868/760/761 865/757/760
f 869/741/762 870/740/763 871/761/723
f 871/761/723 872/762/722 869/741/762
f 873/763/729 874/764/728 875/744/764
f 875/744/764 876/743/747 873/763/729
f 877/750/754 878/749/765 879/765/766
f 879/765/766 880/766/730 877/750/754
f 881/767/737 882/768/736 883/752/756
f 883/752/756 884/751/767 881/767/737
f 854/746/750 885/769/768 886/770/769
f 886/770/769 851/743/747 854/746/750
f 876/743/747 887/770/770 888/771/771
f 888/771/771 873/763/729 876/743/747
f 889/772/772 890/773/773 829/721/726
f 829/721/726 832/724/729 889/772/772
f 886/770/769 885/769/768 891/774/774
f 891/774/774 892/775/775 886/770/769
f 888/771/771 887/770/770 893/775/776
f 893/775/776 894/776/777 888/771/771
f 890/773/773 889/772/772 895/777/778
f 895/777/778 896/778/779 890/773/773
f 897/779/780 853/745/749 852/744/748
f 852/744/748 898/780/781 897/779/780
f 899/780/781 875/744/764 874/764/728
f 874/764/728 900/781/782 899/780/781
f 901/782/783 831/723/728 830/722/727
f 830/722/727 902/783/784 901/782/783
f 903/784/785 904/785/736 905/786/786
f 906/787/787 907/788/788 908/789/789
f 909/790/790 910/789/785 911/791/791
f 911/791/791 912/792/792 909/790/790
f 913/793/717 862/754/757 914/794/756
f 860/752/793 915/790/790 916/711/794
f 118/112/110 917/769/768 918/746/795
f 127/121/118 919/774/774 917/769/768
f 917/769/768 118/112/110 127/121/118
f 817/711/717 263/257/243 260/254/240
f 260/254/240 920/753/796 817/711/717
f 843/735/739 921/795/578 922/796/797
f 922/796/797 844/736/740 843/735/739
f 923/797/798 866/758/718 865/757/760
f 865/757/760 924/798/799 923/797/798
f 925/799/800 926/620/801 927/800/802
f 927/800/802 928/801/718 925/799/800
f 200/194/189 92/86/86 929/802/739
f 929/802/739 930/803/803 200/194/189
f 200/194/189 931/742/804 932/804/805
f 932/804/805 127/121/118 200/194/189
f 119/113/111 118/112/110 918/746/795
f 918/746/795 933/745/806 119/113/111
f 119/113/111 934/779/807 935/748/808
f 259/253/239 936/805/758 920/753/796
f 920/753/796 260/254/240 259/253/239
f 195/189/184 119/113/111 267/261/247
f 267/261/247 119/113/111 935/748/808
f 267/261/247 937/747/809 259/253/239
f 929/802/739 92/86/86 637/555/578
f 938/620/639 939/623/810 940/800/811
f 939/623/810 941/806/812 940/800/811
f 942/807/644 943/808/813 944/809/814
f 945/810/815 946/811/816 947/812/817
f 947/812/817 948/813/649 945/810/815
f 948/813/649 949/814/818 945/810/815
f 950/815/819 951/816/820 952/817/821
f 953/818/822 954/819/823 955/820/653
f 956/821/653 957/822/824 958/823/822
f 959/824/642 960/825/825 961/826/826
f 942/807/644 962/827/827 963/828/828
f 964/829/829 965/830/653 966/831/830
f 965/830/653 967/832/831 966/831/830
f 968/630/649 969/633/652 970/833/832
f 950/815/819 971/834/833 972/835/832
f 973/836/834 974/837/835 975/838/836
f 975/838/836 976/839/837 973/836/834
f 977/840/800 978/841/838 745/654/670
f 745/654/670 746/655/671 977/840/800
f 908/789/789 907/788/788 979/842/839
f 979/842/839 980/791/840 908/789/789
f 882/768/736 910/789/785 909/790/790
f 909/790/790 883/752/756 882/768/736
f 916/711/794 915/790/790 981/792/841
f 981/792/841 982/567/842 916/711/794
f 957/822/824 983/843/843 958/823/822
f 984/844/722 985/845/844 986/846/845
f 987/847/845 988/848/846 825/717/722
f 850/742/746 849/741/745 989/849/847
f 989/849/847 990/804/848 850/742/746
f 869/741/762 872/762/722 991/850/849
f 991/850/849 992/849/850 869/741/762
f 824/716/721 823/715/720 827/719/724
f 827/719/724 826/718/723 824/716/721
f 993/851/803 994/852/741 995/853/851
f 995/853/851 996/854/852 993/851/803
f 868/760/761 867/759/721 871/761/723
f 871/761/723 870/740/763 868/760/761
f 930/803/803 997/739/853 200/194/189
f 200/194/189 997/739/853 931/742/804
f 892/775/775 891/774/774 990/804/848
f 990/804/848 989/849/847 892/775/775
f 991/850/849 894/776/777 893/775/776
f 893/775/776 992/849/850 991/850/849
f 998/855/845 896/778/779 895/777/778
f 895/777/778 999/856/854 998/855/845
f 127/121/118 932/804/805 919/774/774
f 856/748/752 897/779/780 898/780/781
f 898/780/781 857/749/753 856/748/752
f 878/749/765 899/780/781 900/781/782
f 900/781/782 879/765/766 878/749/765
f 901/782/783 902/783/784 1000/857/855
f 1000/857/855 1001/858/731 901/782/783
f 1002/859/737 833/725/730 836/728/733
f 836/728/733 837/729/738 1002/859/737
f 863/755/758 1003/860/809 1004/861/856
f 1004/861/856 864/756/759 863/755/758
f 884/751/767 877/750/754 880/766/730
f 880/766/730 881/767/737 884/751/767
f 937/747/809 936/805/758 259/253/239
f 267/261/247 935/748/808 937/747/809
f 119/113/111 933/745/806 934/779/807
f 942/807/644 947/812/817 943/808/813
f 947/812/817 946/811/816 943/808/813
f 942/807/644 944/809/814 962/827/827
f 959/824/642 961/826/826 1005/862/812
f 964/829/829 966/831/830 1006/863/820
f 950/815/819 952/817/821 971/834/833
f 663/577/600 662/576/581 1007/864/582
f 670/584/607 669/583/606 656/570/594
f 656/570/594 655/569/593 670/584/607
f 656/570/594 669/583/606 1008/865/553
f 1008/865/553 669/583/606 1009/866/555
f 1010/867/857 1011/868/858 1012/869/859
f 1013/869/859 1014/870/860 1015/871/861
f 1016/867/862 1017/869/863 1018/871/861
f 1015/871/864 1019/872/865 1020/873/866
f 1021/873/867 1022/874/868 1023/875/869
f 1024/871/861 1025/873/870 1026/875/869
f 1027/875/871 1028/876/872 1029/877/873
f 1030/877/874 1031/878/875 1032/879/876
f 1033/875/869 1034/877/877 1035/879/876
f 1036/871/878 1037/875/869 1038/879/876
f 1039/867/857 1040/871/864 1041/879/876
f 1042/879/879 1043/880/880 1044/881/881
f 1045/881/882 1046/882/883 1047/883/884
f 1048/879/876 1049/881/885 1050/883/884
f 1051/867/857 1052/879/876 1053/883/884
f 1054/884/886 1055/867/862 1056/883/884
f 1057/885/887 1058/884/886 1059/883/888
f 1060/886/889 1061/887/890 1062/888/891
f 1063/888/891 1064/889/892 1065/886/889
f 1066/890/893 1067/891/894 1068/892/895
f 1069/892/895 1070/893/896 1071/890/893
f 1072/893/897 1073/892/898 1074/894/899
f 1075/894/900 1076/895/901 1077/893/897
f 1078/895/902 1079/894/900 1080/896/903
f 1081/896/903 1082/897/904 1083/895/905
f 1084/897/906 1085/896/907 1086/898/908
f 1087/898/909 1088/899/910 1089/897/906
f 1090/900/910 1091/901/909 1092/902/911
f 1093/902/911 1094/903/912 1095/900/913
f 1096/903/914 1097/902/915 1098/904/916
f 1099/904/916 1100/905/917 1101/903/914
f 1102/905/918 1103/904/919 1104/906/920
f 1105/906/921 1106/907/922 1107/905/918
f 1108/907/922 1109/906/923 1110/908/924
f 1111/908/924 1112/909/925 1113/907/922
f 1114/909/926 1115/908/927 1116/910/928
f 1117/910/928 1118/911/929 1119/909/926
f 1120/912/929 1121/913/928 1122/914/930
f 1123/914/930 1124/915/931 1125/912/929
f 1126/916/932 1127/917/930 1128/918/933
f 1129/918/933 1130/919/933 1131/916/931
f 1132/919/934 1133/918/934 1134/920/935
f 1135/920/935 1136/921/936 1137/919/934
f 1138/921/936 1139/920/935 1140/922/937
f 1141/922/937 1142/923/938 1143/921/936
f 1144/923/939 1145/922/940 1146/924/941
f 1147/924/941 1148/925/942 1149/923/939
f 1150/926/942 1151/927/941 1152/928/943
f 1153/928/943 1154/929/944 1155/926/945
f 1156/930/946 1157/931/947 1158/932/948
f 1159/932/948 1160/933/949 1161/930/946
f 1162/933/949 1163/932/950 1164/934/951
f 1165/934/951 1166/935/952 1167/933/953
f 1168/935/954 1169/934/955 1170/887/956
f 1171/887/956 1172/886/957 1173/935/954
f 1174/936/958 1175/937/959 1176/938/960
f 1177/939/961 1178/940/962 1179/941/963
f 1180/942/964 1181/943/965 1182/944/966
f 1183/939/967 1184/941/968 1185/945/969
f 1186/944/966 1187/946/970 1188/947/971
f 1189/939/972 1190/945/973 1191/937/959
f 1192/939/972 1193/937/974 1194/936/975
f 1195/948/976 1196/949/977 1197/950/978
f 1197/950/978 1198/951/979 1195/948/976
f 1199/951/980 1200/950/978 1201/952/981
f 1202/952/981 1203/953/982 1204/951/980
f 1205/954/983 1206/955/984 1207/956/985
f 1208/956/986 1209/957/987 1210/954/988
f 1211/958/989 1212/947/971 1213/946/970
f 1214/946/970 1215/959/990 1216/958/989
f 1217/959/991 1218/946/970 1219/944/966
f 1220/944/966 1221/960/992 1222/959/991
f 1223/960/992 1224/944/966 1225/943/993
f 1226/943/965 1227/961/994 1228/960/992
f 1229/961/994 1230/943/965 1231/942/995
f 1232/942/964 1233/962/996 1234/961/994
f 1235/962/996 1236/942/964 1237/963/997
f 1238/964/998 1239/965/963 1240/949/999
f 1241/949/977 1242/948/1000 1243/964/998
f 1244/966/1001 1245/967/1002 1246/968/1003
f 1247/968/1003 1248/969/1004 1249/966/1001
f 1250/969/1004 1251/968/1005 1252/970/1006
f 1253/970/1007 1254/971/1008 1255/969/1004
f 1256/972/1009 1257/971/1010 1258/970/1007
f 1259/970/1007 1260/973/1011 1261/972/1012
f 1262/974/1013 1263/972/1009 1264/973/1014
f 1265/973/1014 1266/975/1015 1267/974/1013
f 1268/974/1013 1269/975/1016 1270/976/1017
f 1271/976/1018 1272/977/1019 1273/974/1013
f 1274/978/1020 1275/979/1021 1276/977/1019
f 1277/977/1022 1278/976/1017 1279/978/1023
f 1280/980/1024 1281/981/1025 1282/982/1026
f 1283/982/1026 1284/983/1027 1285/980/1024
f 1286/981/1028 1287/984/1029 1288/985/1030
f 1289/985/1031 1290/982/1032 1291/981/1033
f 1292/986/1034 1293/987/1035 1294/988/1036
f 1295/988/1036 1296/989/1037 1297/986/1034
f 1298/989/1038 1299/988/1039 1300/990/1040
f 1301/990/1041 1302/991/1042 1303/989/1037
f 1304/991/1043 1305/990/1040 1306/992/1044
f 1307/992/1045 1308/993/1044 1309/991/1046
f 1310/993/1044 1311/992/1045 1312/994/1047
f 1312/994/1047 1313/995/1048 1310/993/1044
f 1314/995/1049 1315/994/1050 1316/996/1051
f 1317/996/1051 1318/997/1052 1319/995/1048
f 1320/998/1053 1321/999/1054 1322/1000/1055
f 1323/1000/1056 1324/1001/1057 1325/998/1053
f 1326/1001/1058 1327/1000/1056 1328/1002/1059
f 1329/1002/1060 1330/1003/1061 1331/1001/1058
f 1332/1003/1061 1333/1002/1059 1334/1004/1062
f 1335/1004/1062 1336/1005/1063 1337/1003/1064
f 1338/1005/1063 1339/1004/1062 1340/1006/1065
f 1341/1006/1066 1342/1007/1067 1343/1005/1063
f 1344/1007/1068 1345/1006/1069 1346/1008/1070
f 1347/1008/1070 1348/1009/1071 1349/1007/1068
f 1350/1010/1072 1351/1011/1073 1352/1012/1074
f 1353/1012/1074 1354/1013/1075 1355/1010/1072
f 1356/1013/1076 1357/1012/1074 1358/1014/1077
f 1359/1014/1078 1360/1015/1079 1361/1013/1076
f 1362/1015/1080 1363/1014/1077 1364/1016/1081
f 1365/1016/1081 1366/1017/1082 1367/1015/1079
f 1368/1017/1082 1369/1016/1081 1370/1018/1083
f 1371/1018/1084 1372/1019/1085 1373/1017/1086
f 1374/1019/1087 1375/1018/1084 1376/1020/1088
f 1377/1020/1088 1378/1021/1089 1379/1019/1087
f 1380/1021/1090 1381/1020/1091 1382/1022/1092
f 1383/1022/1092 1384/1023/1093 1385/1021/1090
f 1386/1023/1093 1387/1022/1094 1388/1024/1095
f 1389/1024/1096 1390/1025/1097 1391/1023/1098
f 1392/1025/1099 1393/1024/1100 1394/987/1101
f 1395/987/1035 1396/986/1034 1397/1025/1097
f 1398/1026/1102 1399/1027/1103 1400/1028/1104
f 1401/1028/1104 1402/1029/1105 1403/1026/1102
f 1404/1029/1106 1405/1028/1104 1406/1030/1107
f 1407/1030/1107 1408/1031/1108 1409/1029/1106
f 1410/1031/1109 1411/1030/1107 1412/1032/1110
f 1413/1032/1110 1414/1033/1111 1410/1031/1112
f 1415/1033/1111 1416/1032/1110 1417/1034/1113
f 1417/1034/1113 1418/1035/1114 1415/1033/1111
f 1419/1035/1114 1420/1034/1115 1421/1036/1116
f 1422/1036/1117 1423/1037/1118 1424/1035/1114
f 1425/1037/1119 1426/1036/1116 1427/1038/1120
f 1428/1038/1120 1429/1039/1121 1430/1037/1122
f 1431/1000/1123 1432/982/1124 1433/985/1125
f 1434/985/1126 1435/1002/1127 1436/1000/1123
f 1437/1002/1127 1438/985/1126 1439/984/1128
f 1440/984/1129 1441/1004/1130 1442/1002/1127
f 1443/1040/1130 1444/1041/1131 1445/1042/1132
f 1446/1042/1132 1447/1043/1133 1448/1040/1130
f 1449/1044/1134 1450/1045/1135 1451/1046/1136
f 1452/1046/1136 1453/1047/1137 1454/1044/1138
f 1455/1047/1139 1456/1046/1140 1457/1048/1141
f 1458/1048/1141 1459/1049/1142 1460/1047/1139
f 1461/1049/1142 1462/1048/1141 1463/1050/1143
f 1463/1050/1143 1464/1051/1144 1461/1049/1142
f 1465/1051/1144 1466/1050/1145 1467/1052/1146
f 1468/1052/1146 1469/1053/1147 1470/1051/1144
f 1471/1053/1148 1472/1052/1146 1473/1054/1149
f 1473/1054/1149 1474/1055/1150 1471/1053/1148
f 1475/1055/1151 1476/1054/1149 1477/1056/1152
f 1478/1056/1152 1479/1057/1153 1480/1055/1151
f 1481/1058/1153 1482/1059/1154 1483/1060/1155
f 1484/1060/1155 1485/1061/1156 1486/1058/1153
f 1487/1062/1156 1488/1063/1155 1489/1064/1157
f 1490/1064/1158 1491/1065/1159 1492/1062/1156
f 1493/1066/1159 1494/1067/1160 1495/1027/1103
f 1496/1027/1103 1497/1026/1102 1498/1066/1159
f 1499/1068/1161 1500/1069/1162 1501/1070/1162
f 1502/1070/1163 1503/1071/1161 1504/1068/1161
f 1505/1072/1164 1506/1073/1165 1507/1074/1166
f 1508/1074/1166 1509/1075/1167 1510/1072/1168
f 1511/1076/1169 1512/1077/1170 1513/1073/1165
f 1514/1073/1165 1515/1072/1164 1516/1076/1169
f 1517/1078/1171 1518/1079/1172 1519/1077/1173
f 1520/1077/1170 1521/1076/1169 1522/1078/1171
f 1523/302/285 1524/1080/1174 1525/1081/1175
f 1526/1081/1175 1527/304/1176 1528/302/285
f 1529/411/1177 1530/1082/1178 1531/1083/1179
f 1532/1083/1179 1533/409/1180 1534/411/1177
f 1535/1075/1167 1536/1074/1166 1537/1084/1181
f 1538/1085/1182 1539/1086/1182 1540/1087/1182
f 1541/1088/303 1542/1089/291 1543/1090/1183
f 1544/1090/1184 1545/1091/1185 1546/1088/1186
f 1547/1089/291 1548/1092/1187 1549/1093/374
f 1550/1093/374 1551/1090/1183 1552/1089/1188
f 1553/1094/1189 1554/1095/388 1555/1093/1190
f 1556/1093/374 1557/1092/1191 1558/1094/1189
f 1559/1096/298 1560/1097/1192 1561/1095/1193
f 1562/1095/388 1563/1094/1194 1564/1096/298
f 1565/1096/298 1566/1098/302 1567/1099/402
f 1568/1099/402 1569/1097/1195 1570/1096/1196
f 1571/1098/1197 1572/1100/1176 1573/1101/1198
f 1574/1101/1177 1575/1099/402 1576/1098/1199
f 1577/1088/303 1578/1091/1185 1579/1102/1200
f 1580/1102/1200 1581/1103/1201 1582/1088/303
f 1583/1104/1202 1584/1105/412 1585/1106/1203
f 1586/1106/1204 1587/1107/1205 1588/1104/413
f 1589/1108/1206 1590/1109/1207 1591/1110/1208
f 1592/1110/1209 1593/1111/1209 1594/1108/1210
f 1595/1105/412 1596/1112/1211 1597/1113/1212
f 1598/1113/1213 1599/1106/1203 1600/1105/412
f 1601/1112/408 1602/1114/406 1603/1115/1214
f 1604/1115/1215 1605/1113/1216 1606/1112/408
f 1607/1116/405 1608/1117/1217 1609/1118/1218
f 1610/1115/1219 1611/1114/1220 1612/1119/405
f 1613/1120/1221 1614/1121/405 1615/1122/1222
f 1616/405/1222 1617/1123/1223 1618/1124/1221
f 1619/404/1224 1620/1125/1225 1621/1126/1226
f 1622/1126/1227 1623/405/1222 1624/404/1224
f 1625/1127/1228 1626/1128/1229 1627/1129/1230
f 1628/1129/1231 1629/1130/1232 1630/1127/1228
f 1631/1131/1233 1632/1083/1234 1633/1132/1235
f 1633/1132/1235 1634/1133/1236 1631/1131/1233
f 1635/1134/1237 1636/1125/1238 1637/1131/1239
f 1637/1131/1239 1634/1133/1236 1635/1134/1237
f 1638/1082/1240 1639/1081/1241 1640/1135/1242
f 1640/1135/1242 1641/1136/1243 1638/1082/1240
f 1642/1128/1229 1643/1068/1161 1644/1071/1161
f 1645/1071/1244 1646/1129/1231 1647/1128/1229
f 1648/1137/1245 1649/1127/1228 1650/1130/1246
f 1651/1130/1246 1652/1138/1245 1653/1137/1245
f 1654/1139/1247 1655/1140/1248 1656/1141/1249
f 1657/1142/1250 1658/1143/1251 1659/1144/1252
f 1660/1142/1253 1661/1144/1252 1662/1145/1254
f 1663/1146/1247 1664/1142/1253 1665/1145/1254
f 1666/1147/1255 1667/1146/1247 1668/1145/1254
f 1669/1148/1256 1670/1149/1257 1671/1150/1258
f 1672/1150/1258 1673/1151/1259 1674/1148/1256
f 1675/1152/1260 1676/1126/1261 1677/1153/1262
f 1678/1153/1262 1679/1154/1263 1680/1152/1264
f 1681/1150/1258 1682/1155/1265 1683/1156/1266
f 1684/1156/1267 1685/1157/1268 1686/1158/1269
f 1687/1150/1270 1688/1156/1271 1689/1158/1272
f 1690/1150/1270 1691/1158/1269 1692/1159/1273
f 1693/1151/1274 1694/1150/1270 1695/1159/1273
f 1696/1160/1275 1697/1161/1276 1698/1079/1172
f 1699/1079/1172 1700/1078/1171 1701/1160/1277
f 1702/1162/1278 1703/1163/1279 1704/1161/1280
f 1705/1161/1281 1706/1160/1282 1707/1162/1283
f 1708/1164/1284 1709/1080/1285 1710/1165/1286
f 1711/1166/1287 1712/1135/1242 1713/1081/1288
f 1713/1081/1288 1714/1080/1289 1711/1166/1287
f 1641/1136/1243 1715/1132/1235 1632/1083/1234
f 1632/1083/1234 1716/1082/1290 1641/1136/1243
f 1717/1125/1291 1718/1134/1292 1719/1153/1262
f 1719/1153/1262 1676/1126/1261 1717/1125/1291
f 1720/1131/1293 1721/407/1294 1722/409/1180
f 1533/409/1180 1532/1083/1179 1723/1131/1293
f 1620/1125/1225 1619/404/1224 1724/407/1294
f 1721/407/1294 1720/1131/1293 1725/1125/1238
f 1726/411/1177 1527/304/1176 1526/1081/1175
f 1727/1081/1175 1530/1082/1178 1529/411/1177
f 1728/1164/1284 1729/1167/1295 1730/1166/1287
f 1731/1166/1287 1714/1080/1296 1732/1164/1284
f 1733/1152/1260 1734/1123/1297 1735/1126/1261
f 1736/1123/1298 1623/405/1222 1622/1126/1227
f 1737/302/285 1738/1168/1299 1739/1169/1300
f 1740/1169/1301 1741/1170/1302 1742/1171/1303
f 1743/302/285 1744/1169/1304 1745/1171/1305
f 1524/1080/1174 1523/302/285 1746/1171/1306
f 1747/1080/1285 1748/1171/1306 1749/1165/1286
f 1750/1172/1307 1751/1173/1308 1752/1174/1309
f 1752/1174/1309 1753/1175/1310 1750/1172/1307
f 1754/1173/1308 1755/1176/1311 1756/1177/1312
f 1756/1177/1312 1757/1174/1313 1754/1173/1308
f 1758/1176/1311 1759/1178/1314 1760/1179/1314
f 1761/1179/1314 1762/1177/1312 1763/1176/1311
s 0
f 1764/1180/1315 1765/1181/1315 1766/1182/1315
f 1766/1182/1315 1767/1183/1315 1764/1180/1315
s 1
f 1768/1184/1316 1769/1185/1317 1770/1186/1318
f 1770/1186/1318 1771/1187/1316 1768/1184/1316
f 1772/1185/1317 1773/1103/268 1774/1188/1319
f 1774/1188/1319 1775/1186/1318 1772/1185/1317
f 1776/1103/1201 1777/1102/1200 1778/1189/1320
f 1778/1189/1320 1779/1188/1321 1776/1103/1201
f 1780/1102/1200 1781/1190/1322 1782/1191/1323
f 1783/1191/1324 1784/1189/1320 1785/1102/1325
f 1786/1190/1326 1787/1104/1327 1788/1192/1328
f 1789/1192/1328 1790/1191/1323 1791/1190/1326
f 1792/1104/1202 1793/1107/1329 1794/1193/1330
f 1794/1193/1330 1795/1192/1328 1792/1104/1202
f 1796/1194/1331 1797/1195/1332 1798/1196/1333
f 1799/1196/1333 1800/1197/1334 1801/1194/1335
f 1802/1195/1332 1803/1172/1307 1804/1175/1336
f 1804/1175/1336 1805/1196/1333 1802/1195/1332
s 0
f 1806/1198/1337 1807/1199/1337 1808/1200/1337
s 1
f 1808/1200/1337 1809/1201/1337 1806/1198/1337
s 0
f 1810/1202/1338 1811/1203/1338 1812/1204/1338
f 1812/1204/1338 1813/1205/1338 1810/1202/1338
s 1
f 1814/1206/1339 1815/1207/1340 1816/1208/1341
f 1816/1208/1341 1817/1209/1342 1814/1206/1339
s 0
f 1818/1210/1343 1819/1211/1343 1820/1212/1343
f 1820/1212/1343 1821/1213/1343 1818/1210/1343
s 1
f 1822/1214/1344 1823/1215/1345 1824/1216/1346
f 1824/1216/1346 1825/1217/1347 1822/1214/1344
s 0
f 1826/1218/1348 1827/1219/1348 1828/1220/1348
f 1828/1220/1348 1829/1221/1348 1826/1218/1348
f 1830/1222/1349 1831/1223/1349 1832/1224/1349
f 1832/1224/1349 1833/1225/1349 1830/1222/1349
f 1834/1226/638 1835/1227/638 1836/1228/638
f 1836/1228/638 1837/1229/638 1834/1226/638
f 1838/1230/1350 1839/1231/1350 1840/1232/1350
f 1840/1232/1350 1841/1233/1350 1838/1230/1350
f 1842/1234/1351 1843/1235/1351 1844/1236/1351
f 1844/1236/1351 1845/1237/1351 1842/1234/1351
s 1
f 1846/2/1352 1847/1/1353 1848/3/1354
f 1849/4/1355 1848/3/1354 1847/1/1353
f 1850/6/1356 1851/5/1357 1852/7/1358
f 1853/9/1359 1854/8/1360 1851/5/1357
f 1852/7/1358 1851/5/1357 1854/8/1360
f 1853/9/1359 1855/10/1361 1854/8/1360
f 1856/12/1362 1857/11/1363 1858/13/1364
f 1859/14/1365 1858/13/1364 1857/11/1363
f 1860/15/1366 1848/3/1354 1861/16/1367
f 1849/4/1355 1861/16/1367 1848/3/1354
f 1859/14/1365 1860/15/1366 1858/13/1364
f 1861/16/1367 1858/13/1364 1860/15/1366
f 1862/18/1368 1863/17/1369 1864/19/1359
f 1855/10/1361 1853/9/1359 1865/20/1369
f 1866/22/1370 1867/21/1371 1868/23/1372
f 1869/24/1373 1868/23/1372 1870/25/1374
f 1871/26/1375 1869/24/1373 1872/27/1376
f 1870/25/1374 1872/27/1376 1869/24/1373
f 1873/29/1377 1874/28/1378 1875/30/1379
f 1872/27/1376 1876/31/1380 1871/26/1375
f 1877/32/1381 1873/29/1377 1878/33/1382
f 1875/30/1379 1878/33/1382 1873/29/1377
f 1868/23/1372 1867/21/1371 1870/25/1374
f 1873/29/1377 1879/34/1383 1874/28/1378
f 1850/6/1356 1880/35/1384 1851/5/1357
f 1881/36/1385 1851/5/1357 1880/35/1384
f 1880/35/1384 1847/1/1353 1881/36/1385
f 1846/2/1352 1881/36/1385 1847/1/1353
f 1882/37/1386 1863/17/1369 1862/18/1368
f 1883/39/1387 1884/38/1388 1885/40/1389
f 1883/39/1387 1885/40/1389 1886/41/1390
f 1887/43/1391 1888/42/1392 1889/44/1393
f 1890/45/1394 1889/44/1393 1888/42/1392
f 1891/46/1395 1889/44/1393 1892/47/1396
f 1890/45/1394 1892/47/1396 1889/44/1393
f 1893/49/1397 1894/48/1398 1879/34/1383
f 1879/34/1383 1873/29/1377 1893/49/1397
f 1877/32/1381 1893/49/1397 1873/29/1377
f 1895/51/1399 1896/50/1400 1897/52/1401
f 1898/53/1402 1899/50/1403 1900/54/1404
f 1901/51/1399 1900/54/1404 1899/50/1403
f 1900/54/1404 1901/51/1399 1893/49/1397
f 1894/48/1398 1893/49/1397 1901/51/1399
f 1902/55/1405 1891/46/1395 1892/47/1396
f 1903/56/1406 1891/46/1395 1902/55/1405
f 1903/56/1406 1902/55/1405 1904/57/1407
f 1905/58/1408 1891/46/1395 1906/59/1409
f 1903/56/1406 1906/59/1409 1891/46/1395
f 1898/53/1402 1907/60/1410 1899/50/1403
f 1896/50/1400 1908/60/1411 1909/61/1412
f 1896/50/1400 1909/61/1412 1897/52/1401
f 1910/62/1413 1897/52/1401 1909/61/1412
f 1887/43/1391 1867/21/1371 1888/42/1392
f 1866/22/1370 1888/42/1392 1867/21/1371
f 1911/63/1414 1912/11/1415 1913/64/1416
f 1856/12/1362 1914/65/1417 1857/11/1363
f 1915/64/1411 1857/11/1363 1914/65/1417
f 1915/64/1411 1914/65/1417 1916/66/1418
f 1917/67/1419 1916/66/1418 1914/65/1417
f 1883/39/1387 1886/41/1390 1918/68/1420
f 1914/65/1417 1919/69/1421 1917/67/1419
f 1918/68/1420 1920/70/1422 1921/71/1413
f 1922/72/1423 1923/9/1359 1924/73/1424
f 1925/75/1425 1926/74/1426 1927/76/1427
f 1923/9/1359 1926/74/1426 1924/73/1424
f 1928/77/1428 1924/73/1424 1926/74/1426
f 1925/75/1425 1928/77/1428 1926/74/1426
f 1929/78/1429 1923/9/1359 1922/72/1423
f 1930/80/1430 1931/79/1431 1932/81/1432
f 1933/83/1426 1934/82/1433 1935/84/1434
f 1936/86/1435 1937/85/1436 1938/87/1437
f 1939/89/1438 1940/88/1439 1941/90/1440
f 1942/92/1441 1943/91/1442 1944/93/1443
f 1945/94/1444 1944/93/1443 1943/91/1442
f 1946/96/1445 1947/95/1446 1948/97/1447
f 1949/98/1448 1945/94/1444 1950/99/1449
f 1951/101/1450 1952/100/1451 1953/102/1452
f 1954/103/1453 1953/102/1452 1952/100/1451
f 1952/100/1451 1934/82/1433 1954/103/1453
f 1933/83/1426 1954/103/1453 1934/82/1433
f 1955/105/1454 1956/104/1455 1942/92/1441
f 1943/91/1442 1942/92/1441 1956/104/1455
f 1957/107/1455 1958/106/1456 1946/96/1445
f 1947/95/1446 1946/96/1445 1958/106/1456
f 1959/109/1457 1960/108/1458 1951/101/1450
f 1952/100/1451 1951/101/1450 1960/108/1458
f 1960/108/1458 1961/110/1459 1952/100/1451
f 1934/82/1433 1952/100/1451 1961/110/1459
f 1962/112/1460 1963/111/1461 1964/113/1462
f 1955/105/1454 1964/113/1462 1963/111/1461
f 1963/111/1461 1965/114/1463 1955/105/1454
f 1956/104/1455 1955/105/1454 1965/114/1463
f 1966/116/1464 1967/115/1465 1957/107/1455
f 1958/106/1456 1957/107/1455 1967/115/1465
f 1968/118/1465 1969/117/1466 1959/109/1457
f 1960/108/1458 1959/109/1457 1969/117/1466
f 1969/117/1466 1970/119/1467 1960/108/1458
f 1961/110/1459 1960/108/1458 1970/119/1467
f 1971/121/1468 1972/120/1469 1962/112/1460
f 1963/111/1461 1962/112/1460 1972/120/1469
f 1972/120/1469 1973/122/1470 1963/111/1461
f 1965/114/1463 1963/111/1461 1973/122/1470
f 1973/122/1470 1974/123/1471 1965/114/1463
f 1967/115/1465 1966/116/1464 1975/124/1471
f 1976/126/1472 1977/125/1473 1968/118/1465
f 1969/117/1466 1968/118/1465 1977/125/1473
f 1977/125/1473 1978/127/1474 1969/117/1466
f 1970/119/1467 1969/117/1466 1978/127/1474
f 1978/127/1474 1979/128/1475 1970/119/1467
f 1980/129/1476 1970/119/1467 1979/128/1475
f 1981/131/1477 1982/130/1478 1971/121/1468
f 1972/120/1469 1971/121/1468 1982/130/1478
f 1982/130/1478 1983/132/1479 1972/120/1469
f 1973/122/1470 1972/120/1469 1983/132/1479
f 1984/134/1480 1985/133/1481 1986/135/1482
f 1974/123/1471 1973/122/1470 1987/136/1483
f 1988/138/1483 1989/137/1484 1976/126/1472
f 1977/125/1473 1976/126/1472 1989/137/1484
f 1989/137/1484 1990/139/135 1977/125/1473
f 1978/127/1474 1977/125/1473 1990/139/135
f 1990/139/135 1991/140/1485 1978/127/1474
f 1979/128/1475 1978/127/1474 1991/140/1485
f 1991/140/1485 1992/141/1486 1979/128/1475
f 1993/142/1487 1979/128/1475 1992/141/1486
f 1994/144/1488 1995/143/1489 1981/131/1477
f 1982/130/1478 1981/131/1477 1995/143/1489
f 1995/143/1489 1996/145/1490 1982/130/1478
f 1983/132/1479 1982/130/1478 1996/145/1490
f 1997/147/1491 1998/146/1492 1984/134/1480
f 1985/133/1481 1984/134/1480 1998/146/1492
f 1999/149/1492 2000/148/1493 1988/138/1483
f 1989/137/1484 1988/138/1483 2000/148/1493
f 2000/148/1493 2001/150/1494 1989/137/1484
f 1990/139/135 1989/137/1484 2001/150/1494
f 2001/150/1494 2002/151/1495 1990/139/135
f 1991/140/1485 1990/139/135 2002/151/1495
f 2002/151/1495 2003/152/1496 1991/140/1485
f 1992/141/1486 1991/140/1485 2003/152/1496
f 2003/152/1496 2004/153/1497 1992/141/1486
f 2005/154/1498 1992/141/1486 2004/153/1497
f 2006/156/1499 2007/155/1500 1994/144/1488
f 1995/143/1489 1994/144/1488 2007/155/1500
f 2007/155/1500 2008/157/1501 1995/143/1489
f 1996/145/1490 1995/143/1489 2008/157/1501
f 2009/159/1502 2010/158/1503 1997/147/1491
f 1998/146/1492 1997/147/1491 2010/158/1503
f 2011/161/1504 2012/160/1505 1999/149/1492
f 2000/148/1493 1999/149/1492 2012/160/1505
f 2012/160/1505 2013/162/1506 2000/148/1493
f 2001/150/1494 2000/148/1493 2013/162/1506
f 2013/162/1506 2014/163/1507 2001/150/1494
f 2002/151/1495 2001/150/1494 2014/163/1507
f 2014/163/1507 2015/164/1508 2002/151/1495
f 2003/152/1496 2002/151/1495 2015/164/1508
f 2016/166/1509 2017/165/1510 2018/167/1511
f 2004/153/1497 2003/152/1496 2019/168/1512
f 2020/169/1513 2004/153/1497 2019/168/1512
f 2021/171/1514 2022/170/1513 2017/165/1510
f 2020/169/1513 2023/172/1515 2004/153/1497
f 2024/173/1516 2004/153/1497 2023/172/1515
f 2023/172/1515 2020/169/1513 2025/174/1517
f 2026/176/1518 2027/175/1519 2028/177/1520
f 2029/178/1521 2028/177/1520 2027/175/1519
f 2030/180/1522 2031/179/1523 2028/177/1520
f 2032/182/1524 2033/181/1525 2034/183/1526
f 2035/184/1527 2034/183/1526 2033/181/1525
f 2032/182/1524 2036/185/1528 2033/181/1525
f 2037/186/1529 2006/156/1499 2038/187/1530
f 2038/187/1530 2006/156/1499 1994/144/1488
f 2038/187/1530 1994/144/1488 2039/188/1531
f 1964/113/1462 1942/92/1441 2040/189/1532
f 1944/93/1443 2040/189/1532 1942/92/1441
f 1964/113/1462 1955/105/1454 1942/92/1441
f 2041/191/1533 2042/190/1534 2043/192/1535
f 2044/193/1536 2043/192/1535 2042/190/1534
f 1938/87/1437 2039/188/1531 1936/86/1435
f 2045/194/1537 1936/86/1435 2039/188/1531
f 2046/195/1538 1938/87/1437 2047/196/1539
f 1937/85/1436 2047/196/1539 1938/87/1437
f 2048/197/1540 2038/187/1530 2039/188/1531
f 2048/197/1540 2039/188/1531 2046/195/1538
f 1938/87/1437 2046/195/1538 2039/188/1531
f 2049/199/1541 2050/198/1542 2051/200/1543
f 2052/201/1544 2051/200/1543 2050/198/1542
f 2053/203/1545 2054/202/1546 2055/204/1547
f 2056/205/1548 2055/204/1547 2054/202/1546
f 2053/203/1545 2057/206/1549 2054/202/1546
f 2058/207/1550 2054/202/1546 2057/206/1549
f 2052/201/1544 2059/208/1550 2051/200/1543
f 2060/209/1551 2051/200/1543 2059/208/1550
f 2041/191/1533 2061/210/1552 2042/190/1534
f 2049/199/1541 2042/190/1534 2061/210/1552
f 2037/186/1529 2038/187/1530 2062/211/1553
f 1961/110/1459 1970/119/1467 1980/129/1476
f 1993/142/1487 1980/129/1476 1979/128/1475
f 1992/141/1486 2005/154/1498 1993/142/1487
f 2005/154/1498 2004/153/1497 2063/212/1554
f 2021/171/1514 2017/165/1510 2064/213/1522
f 2021/171/1514 2064/213/1522 2065/214/1520
f 2066/216/1555 2067/215/1528 2026/176/1518
f 2031/179/1523 2026/176/1518 2028/177/1520
f 2068/218/1556 2069/217/1438 2070/219/1557
f 1941/90/1440 2059/208/1550 1939/89/1438
f 2071/221/1558 2072/220/1559 2073/222/1560
f 2074/224/1561 2075/223/1560 2076/225/1562
f 2077/227/1563 2078/226/1564 2079/228/1539
f 2075/223/1560 2080/229/1539 2081/230/1564
f 2049/199/1541 2051/200/1543 2042/190/1534
f 2082/231/1565 2042/190/1534 2051/200/1543
f 2082/231/1565 2051/200/1543 2060/209/1551
f 2044/193/1536 2042/190/1534 2083/232/1566
f 2082/231/1565 2083/232/1566 2042/190/1534
f 2062/211/1553 2038/187/1530 2084/233/1567
f 2059/208/1550 1941/90/1440 2060/209/1551
f 2085/234/1568 2076/225/1562 2086/235/1569
f 2076/225/1562 2085/234/1568 2074/224/1561
f 2038/187/1530 2048/197/1540 2084/233/1567
f 2087/236/1570 2025/174/1517 2088/237/1514
f 2020/169/1513 2088/237/1514 2025/174/1517
f 2089/239/1571 2090/238/1572 2049/199/1541
f 2050/198/1542 2049/199/1541 2090/238/1572
f 2067/215/1528 2090/238/1572 2089/239/1571
f 2026/176/1518 2089/239/1571 2061/210/1552
f 2049/199/1541 2061/210/1552 2089/239/1571
f 2091/241/1570 2092/240/1514 2028/177/1520
f 2091/241/1570 2028/177/1520 2029/178/1521
f 2039/188/1531 1994/144/1488 2045/194/1537
f 1981/131/1477 2045/194/1537 1994/144/1488
f 2093/242/228 2061/210/1552 2094/243/229
f 2041/191/1533 2094/243/229 2061/210/1552
f 2094/243/229 2041/191/1533 2095/244/1573
f 2043/192/1535 2095/244/1573 2041/191/1533
f 2026/176/1518 2061/210/1552 2027/175/1519
f 2093/242/228 2027/175/1519 2061/210/1552
f 1953/102/1452 1954/103/1453 2096/245/1574
f 1933/83/1426 2097/246/1575 1954/103/1453
f 2096/245/1574 1954/103/1453 2097/246/1575
f 2098/248/1576 2099/247/1577 2100/249/1578
f 2101/250/1579 2100/249/1578 2099/247/1577
f 1945/94/1444 2102/251/1580 1944/93/1443
f 2103/252/1581 1944/93/1443 2102/251/1580
f 2104/254/1582 2105/253/1583 2106/255/1584
f 2107/256/1585 2106/255/1584 2105/253/1583
f 2108/257/1586 2104/254/1582 2109/258/1587
f 2110/259/1588 2109/258/1587 2104/254/1582
f 2110/259/1588 2104/254/1582 2106/255/1584
f 2111/261/1589 2112/260/1590 2105/253/1583
f 2107/256/1585 2105/253/1583 2112/260/1590
f 2040/189/1532 2113/262/1591 2111/261/1589
f 2112/260/1590 2111/261/1589 2113/262/1591
f 2103/252/1581 2113/262/1591 1944/93/1443
f 2040/189/1532 1944/93/1443 2113/262/1591
f 2097/246/1575 2098/248/1576 2096/245/1574
f 2100/249/1578 2096/245/1574 2098/248/1576
f 2114/263/1592 1923/9/1359 2115/264/1593
f 2116/265/1594 1923/9/1359 2114/263/1592
f 2117/266/1595 1923/9/1359 2116/265/1594
f 1926/74/1426 1923/9/1359 2117/266/1595
f 1926/74/1426 2117/266/1595 2118/267/1596
f 1926/74/1426 2118/267/1596 2119/268/1597
f 1926/74/1426 2119/268/1597 2120/269/1575
f 2121/270/1598 2120/269/1575 2119/268/1597
f 2120/269/1575 2121/270/1598 2122/271/1599
f 2123/272/1600 2122/271/1599 2121/270/1598
f 2124/273/1601 2125/5/1357 2126/274/1602
f 2127/275/1603 2126/274/1602 2125/5/1357
f 2127/275/1603 2125/5/1357 2128/276/1604
f 2129/277/1577 2128/276/1604 2125/5/1357
f 2130/278/1605 2128/276/1604 2129/277/1577
f 2130/278/1605 2129/277/1577 2131/279/1606
f 2132/280/1607 2131/279/1606 2129/277/1577
f 2132/280/1607 2129/277/1577 2122/271/1599
f 2132/280/1607 2122/271/1599 2123/272/1600
f 2133/281/1608 1949/98/1448 2134/282/1609
f 2096/245/1574 2100/249/1578 1953/102/1452
f 2101/250/1579 2135/283/1610 2100/249/1578
f 1945/94/1444 1949/98/1448 2102/251/1580
f 2133/281/1608 2102/251/1580 1949/98/1448
f 2136/285/1611 2137/284/267 2138/286/1612
f 2139/287/270 2138/286/1612 2137/284/267
f 2138/286/1612 2139/287/270 2140/288/1613
f 2141/289/272 2140/288/1613 2139/287/270
f 2142/291/274 2143/290/273 2144/292/275
f 2145/293/276 2144/292/275 2143/290/273
f 2144/292/275 2145/293/276 2146/294/277
f 2147/295/278 2146/294/277 2145/293/276
f 2148/297/280 2149/296/279 2150/298/281
f 2151/299/282 2150/298/281 2149/296/279
f 2151/299/282 2152/300/283 2150/298/281
f 2153/301/284 2150/298/281 2152/300/283
f 2154/302/1614 2153/301/284 2155/303/286
f 2152/300/283 2155/303/286 2153/301/284
f 1923/9/1359 2125/5/1357 2115/264/1593
f 2124/273/1601 2115/264/1593 2125/5/1357
f 2156/305/288 2157/304/1615 2155/303/286
f 2154/302/1614 2155/303/286 2157/304/1615
f 2158/307/290 2159/306/289 2160/308/1616
f 2161/309/1617 2160/308/1616 2159/306/289
f 2162/310/293 2158/307/290 2163/311/1618
f 2160/308/1616 2163/311/1618 2158/307/290
f 2164/312/295 2162/310/293 2165/313/1619
f 2163/311/1618 2165/313/1619 2162/310/293
f 2166/314/297 2164/312/295 2167/315/1620
f 2165/313/1619 2167/315/1620 2164/312/295
f 2168/316/299 2166/314/297 2169/317/1621
f 2167/315/1620 2169/317/1621 2166/314/297
f 2156/305/288 2170/318/301 2157/304/1615
f 2171/319/1621 2157/304/1615 2170/318/301
f 2136/285/1611 2172/320/1617 2137/284/267
f 2173/321/1622 2137/284/267 2172/320/1617
f 2174/322/1623 2175/14/1624 2176/323/1625
f 2177/15/1366 2175/14/1624 2178/324/1626
f 2174/322/1623 2178/324/1626 2175/14/1624
f 2125/5/1357 2179/325/1627 2129/277/1577
f 2180/327/1628 2181/326/1629 2182/63/1630
f 2183/328/1631 2180/327/1628 2182/63/1630
f 2184/330/1632 2185/329/1633 2129/277/1577
f 2186/331/1634 2184/330/1632 2129/277/1577
f 2187/332/1635 2186/331/1634 2129/277/1577
f 2188/333/1636 2179/325/1627 2125/5/1357
f 2189/334/1637 2188/333/1636 2125/5/1357
f 2190/335/1638 2189/334/1637 2125/5/1357
f 2191/3/1354 2192/336/1639 2193/2/1352
f 2194/337/1640 2193/2/1352 2192/336/1639
f 2190/335/1638 2125/5/1357 2195/338/1641
f 2196/36/1385 2195/338/1641 2125/5/1357
f 2195/338/1641 2196/36/1385 2194/337/1640
f 2193/2/1352 2194/337/1640 2196/36/1385
f 2178/324/1626 2192/336/1639 2177/15/1366
f 2191/3/1354 2177/15/1366 2192/336/1639
f 2197/339/1642 2176/323/1625 2198/11/1415
f 2175/14/1624 2198/11/1415 2176/323/1625
f 2107/256/1585 2112/260/1590 2199/340/1643
f 2200/341/1644 2199/340/1643 2112/260/1590
f 2106/255/1584 2107/256/1585 2201/342/1645
f 2199/340/1643 2201/342/1645 2107/256/1585
f 2110/259/1588 2106/255/1584 2201/342/1645
f 2110/259/1588 2201/342/1645 2202/343/1646
f 2110/259/1588 2202/343/1646 2109/258/1587
f 2200/341/1644 2112/260/1590 2203/344/1647
f 2113/262/1591 2203/344/1647 2112/260/1590
f 2102/251/1580 2133/281/1608 2204/345/1648
f 2205/346/1649 2204/345/1648 2133/281/1608
f 2185/329/1633 2183/328/1631 2182/63/1630
f 2185/329/1633 2182/63/1630 2129/277/1577
f 2101/250/1579 2099/247/1577 2206/347/1650
f 2207/348/1651 2206/347/1650 2099/247/1577
f 2135/283/1610 2101/250/1579 2208/349/1652
f 2209/350/1650 2205/346/1653 2210/351/1654
f 2129/277/1577 2179/325/1627 2187/332/1635
f 2211/352/1655 2203/344/1656 2212/353/1657
f 2212/353/1657 2213/354/1658 2211/352/1655
f 2214/355/1659 2211/352/1655 2213/354/1658
f 2213/354/1658 2215/356/1660 2214/355/1659
f 2216/357/1661 2214/355/1659 2215/356/1660
f 2217/359/1657 2218/358/1662 2219/360/1663
f 2220/362/1663 2221/361/1664 2222/363/1657
f 2223/364/1658 2222/363/1657 2221/361/1664
f 2221/361/1664 2224/365/1665 2223/364/1658
f 2225/366/1666 2223/364/1658 2224/365/1665
f 2226/367/1667 2203/344/1656 2211/352/1655
f 2214/355/1659 2216/357/1661 2227/368/1668
f 2228/369/1669 2227/368/1668 2216/357/1661
f 2211/352/1655 2214/355/1659 2226/367/1667
f 2227/368/1668 2226/367/1667 2214/355/1659
f 2229/371/1670 2230/370/1671 2231/372/1672
f 2232/373/1673 2231/372/1672 2230/370/1671
f 2231/372/1672 2232/373/1673 2233/374/1674
f 2234/375/1675 2233/374/1674 2232/373/1673
f 2235/376/1676 2234/375/1675 2232/373/1673
f 2236/377/1677 2234/375/1675 2235/376/1676
f 2230/370/1671 2237/378/1678 2238/379/1679
f 2234/375/1675 2227/368/1668 2233/374/1674
f 2228/369/1669 2233/374/1674 2227/368/1668
f 2229/371/1670 2239/380/1680 2237/378/1678
f 2229/371/1670 2237/378/1678 2230/370/1671
f 2230/370/1671 2240/381/1681 2241/382/1682
f 2232/373/1673 2230/370/1671 2235/376/1676
f 2242/383/1683 2235/376/1676 2230/370/1671
f 2241/382/1682 2242/383/1683 2230/370/1671
f 2226/367/1667 2227/368/1668 2236/377/1677
f 2234/375/1675 2236/377/1677 2227/368/1668
f 2243/384/1684 2204/345/1648 2244/385/1685
f 2102/251/1580 2204/345/1648 2243/384/1684
f 2245/252/1581 2102/251/1580 2243/384/1684
f 2246/344/1656 2247/367/1667 2248/341/1686
f 2249/377/1687 2248/341/1686 2247/367/1667
f 2248/341/1686 2249/377/1687 2250/340/1688
f 2251/376/1689 2250/340/1688 2249/377/1687
f 2250/340/1688 2251/376/1689 2252/342/1690
f 2253/383/1683 2252/342/1690 2251/376/1689
f 2254/343/1646 2252/342/1690 2253/383/1683
f 2255/11/1415 2256/63/1691 2257/339/1642
f 2258/326/1629 2259/339/1642 2260/63/1691
f 2261/387/375 2262/386/1692 2263/388/376
f 2264/389/1693 2263/388/376 2262/386/1692
f 2263/388/376 2264/389/1693 2265/390/378
f 2266/391/1694 2265/390/378 2264/389/1693
f 2267/393/380 2268/392/1695 2269/394/381
f 2270/395/1696 2269/394/381 2268/392/1695
f 2269/394/381 2270/395/1696 2271/396/383
f 2272/397/1697 2271/396/383 2270/395/1696
f 2273/399/386 2274/398/1698 2275/400/387
f 2276/401/1699 2275/400/387 2274/398/1698
f 2275/400/387 2276/401/1699 2261/387/375
f 2262/386/1692 2261/387/375 2276/401/1699
f 2277/403/390 2278/402/389 2279/404/1700
f 2280/405/1701 2279/404/1700 2278/402/389
f 2281/406/393 2277/403/390 2282/407/1702
f 2279/404/1700 2282/407/1702 2277/403/390
f 2283/408/395 2281/406/393 2284/409/1703
f 2282/407/1702 2284/409/1703 2281/406/393
f 2285/410/397 2283/408/395 2286/411/1704
f 2284/409/1703 2286/411/1704 2283/408/395
f 2287/412/399 2285/410/397 2288/413/1705
f 2286/411/1704 2288/413/1705 2285/410/397
f 2273/399/386 2289/414/401 2274/398/1698
f 2290/415/1706 2274/398/1698 2289/414/401
f 2291/416/1707 2280/405/1701 2292/417/404
f 2278/402/389 2292/417/404 2280/405/1701
f 2293/419/1708 2294/418/1707 2295/420/407
f 2296/421/404 2295/420/407 2294/418/1707
f 2297/422/1709 2293/419/1708 2298/423/409
f 2295/420/407 2298/423/409 2293/419/1708
f 2299/424/1710 2297/422/1709 2300/425/411
f 2298/423/409 2300/425/411 2297/422/1709
f 2301/427/1711 2302/426/1712 2303/428/414
f 2304/429/415 2303/428/414 2302/426/1712
f 2272/397/1697 2301/427/1711 2271/396/383
f 2303/428/414 2271/396/383 2301/427/1711
f 2204/345/1648 2305/430/1713 2244/385/1685
f 2306/431/1714 2244/385/1685 2305/430/1713
f 2305/430/1713 2307/432/1715 2306/431/1714
f 2308/433/1716 2306/431/1714 2307/432/1715
f 2307/432/1715 2309/434/1717 2308/433/1716
f 2310/435/1718 2308/433/1716 2309/434/1717
f 2309/434/1717 2311/436/1719 2310/435/1718
f 2312/437/1720 2310/435/1718 2311/436/1719
f 2311/436/1719 2313/438/1721 2312/437/1720
f 2314/439/1722 2312/437/1720 2313/438/1721
f 2205/346/1649 2315/440/1723 2204/345/1648
f 2305/430/1713 2204/345/1648 2315/440/1723
f 2315/440/1723 2316/441/1724 2305/430/1713
f 2307/432/1715 2305/430/1713 2316/441/1724
f 2316/441/1724 2317/442/1725 2307/432/1715
f 2309/434/1717 2307/432/1715 2317/442/1725
f 2317/442/1725 2318/443/1726 2309/434/1717
f 2311/436/1719 2309/434/1717 2318/443/1726
f 2318/443/1726 2319/444/1727 2311/436/1719
f 2313/438/1721 2311/436/1719 2319/444/1727
f 2313/438/1721 2319/444/1727 2320/445/1728
f 2321/447/1729 2322/446/1730 2316/441/1724
f 2317/442/1725 2316/441/1724 2322/446/1730
f 2322/446/1730 2323/448/1731 2317/442/1725
f 2318/443/1726 2317/442/1725 2323/448/1731
f 2323/448/1731 2324/449/1732 2318/443/1726
f 2319/444/1727 2318/443/1726 2324/449/1732
f 2324/449/1732 2325/450/1733 2319/444/1727
f 2320/445/1728 2319/444/1727 2325/450/1733
f 2326/348/1734 1908/60/1735 2327/347/1650
f 2328/451/1736 2327/347/1650 1908/60/1735
f 1908/60/1735 2329/53/1737 2328/451/1736
f 2330/452/1729 2328/451/1736 2329/53/1737
f 2329/53/1737 2331/54/1738 2330/452/1729
f 2332/453/1730 2330/452/1729 2331/54/1738
f 2331/54/1738 2333/49/1397 2332/453/1730
f 2334/454/1739 2332/453/1730 2333/49/1397
f 2333/49/1397 2335/32/1740 2334/454/1739
f 2336/455/1732 2334/454/1739 2335/32/1740
f 2335/32/1740 2337/33/1741 2336/455/1732
f 2338/456/1742 2336/455/1732 2337/33/1741
f 2339/458/1743 2340/457/1744 2341/459/1745
f 2342/460/1746 2341/459/1745 2340/457/1744
f 2343/461/1747 2339/458/1743 2344/462/1748
f 2341/459/1745 2344/462/1748 2339/458/1743
f 2345/463/1749 2231/372/1672 2346/464/1750
f 2233/374/1674 2346/464/1750 2231/372/1672
f 2347/465/1751 2345/463/1749 2348/466/1752
f 2346/464/1750 2348/466/1752 2345/463/1749
f 2349/467/1753 2347/465/1751 2350/468/1754
f 2348/466/1752 2350/468/1754 2347/465/1751
f 2351/469/1755 2349/467/1753 2352/470/1756
f 2350/468/1754 2352/470/1756 2349/467/1753
f 2346/464/1750 2233/374/1674 2353/471/1757
f 2228/369/1669 2353/471/1757 2233/374/1674
f 2348/466/1752 2346/464/1750 2354/472/1758
f 2353/471/1757 2354/472/1758 2346/464/1750
f 2350/468/1754 2348/466/1752 2355/473/1759
f 2354/472/1758 2355/473/1759 2348/466/1752
f 2352/470/1756 2350/468/1754 2356/474/1760
f 2355/473/1759 2356/474/1760 2350/468/1754
f 2356/474/1760 2357/475/1761 2352/470/1756
f 2353/471/1757 2228/369/1669 2358/476/1762
f 2216/357/1661 2358/476/1762 2228/369/1669
f 2354/472/1758 2353/471/1757 2359/477/1763
f 2358/476/1762 2359/477/1763 2353/471/1757
f 2355/473/1759 2354/472/1758 2360/478/1764
f 2359/477/1763 2360/478/1764 2354/472/1758
f 2356/474/1760 2355/473/1759 2361/479/1765
f 2360/478/1764 2361/479/1765 2355/473/1759
f 2357/475/1761 2356/474/1760 2362/480/1766
f 2361/479/1765 2362/480/1766 2356/474/1760
f 2363/481/1767 2357/475/1761 2364/482/1768
f 2362/480/1766 2364/482/1768 2357/475/1761
f 2358/476/1762 2216/357/1661 2365/483/1769
f 2215/356/1660 2365/483/1769 2216/357/1661
f 2359/477/1763 2358/476/1762 2366/484/1770
f 2365/483/1769 2366/484/1770 2358/476/1762
f 2360/478/1764 2359/477/1763 2367/485/1771
f 2366/484/1770 2367/485/1771 2359/477/1763
f 2361/479/1765 2360/478/1764 2368/486/1772
f 2367/485/1771 2368/486/1772 2360/478/1764
f 2362/480/1766 2361/479/1765 2369/487/1773
f 2368/486/1772 2369/487/1773 2361/479/1765
f 2364/482/1768 2362/480/1766 2370/488/1774
f 2369/487/1773 2370/488/1774 2362/480/1766
f 2371/489/1769 2225/366/1666 2372/490/1775
f 2224/365/1665 2372/490/1775 2225/366/1666
f 2366/484/1770 2365/483/1769 2373/433/1776
f 2372/490/1775 2374/491/1777 2371/489/1769
f 2367/485/1771 2366/484/1770 2375/435/1778
f 2373/433/1776 2375/435/1778 2366/484/1770
f 2368/486/1772 2367/485/1771 2376/437/1779
f 2375/435/1778 2376/437/1779 2367/485/1771
f 2369/487/1773 2368/486/1772 2377/439/1780
f 2376/437/1779 2377/439/1780 2368/486/1772
f 2370/488/1774 2369/487/1773 2378/492/1781
f 2377/439/1780 2378/492/1781 2369/487/1773
f 2357/475/1761 2363/481/1767 2341/459/1745
f 2344/462/1748 2341/459/1745 2363/481/1767
f 2379/494/1782 2380/493/1783 2381/495/1784
f 2382/496/1785 2381/495/1784 2380/493/1783
f 2383/498/1786 2384/497/1787 2385/499/1788
f 2386/501/1789 2387/500/1788 2388/502/1787
f 2352/470/1756 2357/475/1761 2351/469/1755
f 2341/459/1745 2351/469/1755 2357/475/1761
f 2389/503/1790 2390/380/1791 2391/504/1792
f 2392/505/1793 2391/504/1792 2390/380/1791
f 2391/504/1792 2392/505/1793 2393/506/1794
f 2394/507/1795 2393/506/1794 2392/505/1793
f 2395/509/1796 2396/508/1797 2397/510/1798
f 2398/511/1799 2397/510/1798 2396/508/1797
f 2399/513/1800 2400/512/1801 2401/514/1802
f 2402/515/1803 2401/514/1802 2400/512/1801
f 2403/517/1804 2404/516/1805 2405/518/1806
f 2406/519/1807 2405/518/1806 2404/516/1805
f 2405/518/1806 2406/519/1807 2407/520/1808
f 2408/521/1809 2407/520/1808 2406/519/1807
f 2409/523/1810 2410/522/1811 2411/524/1812
f 2412/525/1813 2411/524/1812 2410/522/1811
f 2413/527/1814 2414/526/1815 2415/528/1816
f 2416/529/1817 2415/528/1816 2414/526/1815
f 2417/519/1818 2418/516/1819 2419/504/1820
f 2420/503/1821 2419/504/1820 2418/516/1819
f 2421/521/1822 2417/519/1818 2422/506/1823
f 2419/504/1820 2422/506/1823 2417/519/1818
f 2423/525/1813 2424/522/1824 2425/510/1825
f 2426/509/1796 2425/510/1825 2424/522/1824
f 2427/529/1817 2428/526/1826 2429/514/1827
f 2430/513/1828 2429/514/1827 2428/526/1826
f 2231/372/1672 2345/463/1749 2229/371/1670
f 2239/380/1680 2229/371/1670 2431/505/1829
f 2345/463/1749 2431/505/1829 2229/371/1670
f 2394/507/1795 2396/508/1797 2393/506/1794
f 2395/509/1796 2393/506/1794 2396/508/1797
f 2421/521/1822 2422/506/1823 2424/522/1824
f 2426/509/1796 2424/522/1824 2422/506/1823
f 2407/520/1808 2408/521/1809 2409/523/1810
f 2410/522/1811 2409/523/1810 2408/521/1809
f 2345/463/1749 2347/465/1751 2431/505/1829
f 2432/507/1830 2431/505/1829 2347/465/1751
f 2347/465/1751 2433/508/1831 2432/507/1830
f 2434/511/1832 2433/508/1831 2349/467/1753
f 2433/508/1831 2347/465/1751 2349/467/1753
f 2342/460/1746 2351/469/1755 2341/459/1745
f 2342/460/1746 2435/512/1801 2351/469/1755
f 2349/467/1753 2351/469/1755 2435/512/1801
f 2436/515/1803 2435/512/1801 2342/460/1746
f 2436/515/1803 2342/460/1746 2437/530/1833
f 2340/457/1744 2437/530/1833 2342/460/1746
f 2438/531/1834 2415/528/1816 2416/529/1817
f 2439/531/1834 2427/529/1817 2440/532/1835
f 2429/514/1827 2440/532/1835 2427/529/1817
f 2441/532/1836 2401/514/1802 2442/530/1837
f 2402/515/1803 2442/530/1837 2401/514/1802
f 2443/533/1838 2321/447/1729 2315/440/1723
f 2316/441/1724 2315/440/1723 2321/447/1729
f 2444/350/1650 2443/533/1838 2205/346/1649
f 2315/440/1723 2205/346/1649 2443/533/1838
f 2398/511/1799 2400/512/1801 2397/510/1798
f 2399/513/1800 2397/510/1798 2400/512/1801
f 2425/510/1825 2430/513/1828 2423/525/1813
f 2428/526/1826 2423/525/1813 2430/513/1828
f 2412/525/1813 2414/526/1815 2411/524/1812
f 2413/527/1814 2411/524/1812 2414/526/1815
f 2349/467/1753 2435/512/1801 2434/511/1832
f 2108/257/1586 2109/258/1587 2445/534/1839
f 2446/535/1840 2445/534/1839 2109/258/1587
f 2447/382/1841 2448/536/1842 2449/537/1843
f 2450/538/1844 2404/516/1805 2451/539/1845
f 2403/517/1804 2451/539/1845 2404/516/1805
f 2452/540/1846 2447/382/1841 2453/541/1847
f 2454/540/1848 2455/541/1849 2456/542/1850
f 2454/540/1848 2456/542/1850 2457/543/1851
f 2458/545/1852 2459/544/1853 2460/546/1854
f 2461/547/1855 2460/546/1854 2459/544/1853
f 2462/548/1856 2463/537/1843 2464/549/1857
f 2465/536/1858 2464/549/1857 2463/537/1843
f 2466/550/1859 2467/548/1860 2468/551/1861
f 2469/549/1862 2468/551/1861 2467/548/1860
f 2470/552/1863 2471/379/1864 2472/553/1865
f 2473/378/1866 2472/553/1865 2471/379/1864
f 2474/538/1867 2475/545/1868 2476/553/1869
f 2477/552/1863 2476/553/1869 2475/545/1868
f 2447/382/1841 2478/381/1870 2448/536/1842
f 2479/554/1871 2448/536/1842 2478/381/1870
f 2465/536/1858 2480/554/1872 2464/549/1857
f 2481/546/1873 2464/549/1857 2480/554/1872
f 2469/549/1862 2460/546/1854 2468/551/1861
f 2461/547/1855 2468/551/1861 2460/546/1854
f 2473/378/1866 2390/380/1791 2472/553/1865
f 2389/503/1790 2472/553/1865 2390/380/1791
f 2476/553/1869 2420/503/1821 2474/538/1867
f 2418/516/1819 2474/538/1867 2420/503/1821
f 1936/86/1435 2482/555/1874 1937/85/1436
f 2343/461/1747 2483/556/1875 2339/458/1743
f 2484/557/1876 2339/458/1743 2483/556/1875
f 2339/458/1743 2484/557/1876 2340/457/1744
f 2485/558/1877 2340/457/1744 2484/557/1876
f 2340/457/1744 2485/558/1877 2437/530/1833
f 2486/559/1878 2437/530/1833 2485/558/1877
f 2441/532/1836 2442/530/1837 2487/559/1879
f 2488/560/1880 1929/78/1429 1922/72/1423
f 2488/560/1880 1922/72/1423 2489/561/1881
f 2313/438/1721 2320/445/1728 2490/492/1781
f 2313/438/1721 2490/492/1781 2314/439/1722
f 2491/563/1882 2492/562/1883 2493/564/1788
f 2363/481/1767 2491/563/1882 2344/462/1748
f 2492/562/1883 2491/563/1882 2363/481/1767
f 2494/493/1884 2495/565/1885 2496/496/1886
f 2497/566/1409 2496/496/1886 2495/565/1885
f 2445/534/1839 2498/567/1887 2108/257/1586
f 2254/343/1646 2253/383/1683 2447/382/1841
f 2499/569/1888 2500/568/1889 2501/570/1890
f 2502/572/1891 2503/571/1892 2504/573/1893
f 2505/574/1894 2504/573/1893 2503/571/1892
f 2506/576/1877 2507/575/1895 2508/577/1896
f 2509/578/1897 2508/577/1896 2507/575/1895
f 2506/576/1877 2510/579/1876 2511/580/1898
f 2512/581/1899 2511/580/1898 2513/582/1900
f 2510/579/1876 2513/582/1900 2511/580/1898
f 2514/584/1901 2515/583/1902 2509/578/1897
f 2508/577/1896 2509/578/1897 2515/583/1902
f 2516/586/1903 2517/585/1904 2518/587/1905
f 2519/588/1906 2518/587/1905 2517/585/1904
f 2520/590/1907 2521/589/1908 2522/591/1909
f 2523/592/615 2522/591/1909 2521/589/1908
f 2524/594/1910 2525/593/1911 2526/595/1912
f 2523/592/615 2527/596/619 2522/591/1909
f 2528/597/1913 2522/591/1909 2527/596/619
f 2529/599/622 2530/598/1914 2531/600/623
f 2532/601/1915 2531/600/623 2530/598/1914
f 2533/602/1916 2524/594/1910 2526/595/1912
f 2526/595/1912 2534/603/1917 2533/602/1916
f 2535/605/628 2536/604/1918 2529/599/622
f 2530/598/1914 2529/599/622 2536/604/1918
f 2537/607/1919 2538/606/1920 2535/605/628
f 2536/604/1918 2535/605/628 2538/606/1920
f 2517/585/1904 2516/586/1903 2539/608/1921
f 2540/609/1920 2539/608/1921 2516/586/1903
f 2541/610/1922 2526/595/1912 2542/611/1923
f 2543/612/1924 2526/595/1912 2541/610/1922
f 2534/603/1917 2526/595/1912 2543/612/1924
f 2499/569/1888 2504/573/1893 2500/568/1889
f 2505/574/1894 2500/568/1889 2504/573/1893
f 2500/568/1889 2505/574/1894 2544/613/1925
f 2545/615/1926 2546/614/1927 2502/572/1891
f 2503/571/1892 2502/572/1891 2546/614/1927
s 0
f 2547/617/1351 2548/616/1351 2549/618/1351
f 2550/619/1351 2549/618/1351 2548/616/1351
s 1
f 2551/621/1928 2552/620/1929 2553/622/1930
f 2554/623/1931 2553/622/1930 2552/620/1929
f 2553/622/1930 2554/623/1931 2555/624/643
f 2556/625/1932 2555/624/643 2554/623/1931
f 2557/627/646 2558/626/1933 2559/628/647
f 2560/629/1934 2559/628/647 2558/626/1933
f 2560/629/1934 2561/630/1935 2559/628/647
f 2562/631/650 2559/628/647 2561/630/1935
f 2563/632/651 2562/631/650 2564/633/1936
f 2561/630/1935 2564/633/1936 2562/631/650
f 2565/635/1937 2566/634/1938 2567/636/654
f 2568/637/1939 2567/636/654 2566/634/1938
f 2569/638/1940 2568/637/1939 2570/639/1941
f 2566/634/1938 2570/639/1941 2568/637/1939
f 2549/618/1351 2550/619/1351 2571/640/1942
f 2572/641/1943 2571/640/1942 2550/619/1351
f 2573/640/1944 2574/641/1945 2575/642/1946
f 2576/643/1947 2577/642/1948 2578/641/1945
f 2579/645/1949 2580/644/1950 2545/615/1926
f 2546/614/1927 2545/615/1926 2580/644/1950
s 0
f 2581/647/1951 2582/646/1951 2583/648/1951
s 1
f 2584/650/1436 2585/649/1536 2586/229/1952
f 2587/652/1536 2588/651/1436 2589/653/1535
f 2546/614/1927 2588/651/1436 2503/571/1892
f 2590/654/1953 2503/571/1892 2588/651/1436
f 2589/653/1535 2588/651/1436 2580/644/1950
f 2546/614/1927 2580/644/1950 2588/651/1436
f 2591/655/1954 2503/571/1892 2590/654/1953
f 2592/657/1955 2593/656/1956 2594/658/1957
f 2595/660/1958 2596/659/1959 2597/661/1907
f 2598/663/1960 2599/662/1961 2600/664/1959
f 2596/659/1959 2595/660/1958 2601/665/1962
f 2602/667/1963 2603/666/1964 2604/668/1965
f 2605/669/1966 2604/668/1965 2603/666/1964
f 2606/670/1967 2604/668/1965 2605/669/1966
f 2604/668/1965 2606/670/1967 2607/671/1909
f 2601/665/1962 2595/660/1958 2608/672/1968
f 2603/666/1964 2602/667/1963 2609/673/1969
f 2610/675/1970 2611/674/1971 2612/676/1972
f 2609/673/1969 2612/676/1972 2611/674/1971
f 2609/673/1969 2602/667/1963 2612/676/1972
f 2611/674/1971 2610/675/1970 2613/677/1973
f 2614/679/1920 2615/678/1974 2616/680/1975
f 2617/539/1845 2618/681/1976 2619/544/1977
f 2620/683/1978 2621/682/1956 2622/684/1979
f 2623/685/1980 2593/656/1956 2592/657/1955
s 0
f 2624/687/1981 2625/686/1981 2626/688/1981
s 1
f 2627/690/1982 2628/689/1983 2629/691/701
f 2630/692/1984 2629/691/701 2628/689/1983
f 2631/693/704 2632/690/1982 2633/691/705
f 2628/689/1983 2627/690/1982 2634/694/1985
f 2634/694/1985 2627/690/1982 2635/695/1986
f 2636/697/1987 2637/696/1982 2638/698/1899
f 2632/690/1982 2631/693/704 2512/581/1899
f 2511/580/1898 2512/581/1899 2631/693/704
f 2639/699/1988 2638/698/1899 2640/700/1989
f 2636/697/1987 2638/698/1899 2639/699/1988
f 2507/575/1895 2506/576/1877 2631/693/704
f 2511/580/1898 2631/693/704 2506/576/1877
f 2641/56/1990 2642/57/1407 2643/701/1991
f 2644/59/1992 2641/56/1990 2643/701/1991
f 2645/703/1993 2646/702/1409 2647/581/1899
f 2647/581/1899 2648/582/1994 2645/703/1993
f 2649/704/1995 2645/703/1993 2648/582/1994
f 2650/706/1788 2651/705/1995 2652/707/1875
f 2653/709/1996 2654/708/1882 2652/707/1994
f 2655/564/1997 2656/556/1994 2657/563/1998
f 2658/462/1748 2657/563/1882 2659/461/1999
f 2446/535/1840 2109/258/1587 2454/540/1848
f 2202/343/1646 2454/540/1848 2109/258/1587
f 2660/262/2000 2245/252/1581 2246/344/1662
f 2661/710/1663 2246/344/1662 2245/252/1581
f 2241/382/2001 2454/540/1848 2202/343/1646
f 2063/212/1554 2004/153/1497 2024/173/1516
f 2245/252/1581 2243/384/1684 2661/710/1663
f 2662/711/2002 2108/257/1586 2498/567/1887
f 2447/382/1841 2449/537/1843 2453/541/1847
f 2456/542/1850 2455/541/1849 2462/548/1856
f 2463/537/1843 2462/548/1856 2455/541/1849
f 2663/543/2003 2664/542/1850 2466/550/1859
f 2467/548/1860 2466/550/1859 2664/542/1850
f 2594/658/1957 2593/656/1956 2665/712/1957
f 2066/216/1555 2026/176/1518 2031/179/1523
f 2067/215/1528 2089/239/1571 2026/176/1518
f 2450/538/1844 2451/539/1845 2458/545/1852
f 2459/544/1853 2458/545/1852 2451/539/1845
f 2479/554/1871 2478/381/1870 2470/552/1863
f 2471/379/1864 2470/552/1863 2478/381/1870
f 2480/554/1872 2477/552/1863 2481/546/1873
f 2475/545/1868 2481/546/1873 2477/552/1863
f 2230/370/1671 2238/379/1679 2240/381/1681
f 2045/194/1537 1981/131/1477 1971/121/1468
f 2666/714/2004 2667/713/2005 2668/715/2006
f 2669/716/2007 2668/715/2006 2667/713/2005
f 2670/718/2008 2671/717/2009 2672/719/2010
f 2673/720/2011 2672/719/2010 2671/717/2009
f 2674/722/2012 2675/721/2013 2676/723/2014
f 2677/724/2015 2676/723/2014 2675/721/2013
f 2678/726/2016 2679/725/2017 2680/727/2018
f 2681/728/2019 2680/727/2018 2679/725/2017
f 2682/730/2020 2683/729/2021 2684/731/2022
f 2685/733/2023 2686/732/2022 2687/734/2024
f 2688/736/2025 2689/735/2026 2690/737/2027
f 2691/738/2028 2690/737/2027 2689/735/2026
f 2692/740/2029 2693/739/2030 2694/741/2031
f 2695/742/2032 2694/741/2031 2693/739/2030
f 2696/744/2033 2697/743/2034 2698/745/2035
f 2699/746/2036 2698/745/2035 2697/743/2034
f 2700/748/2037 2701/747/2038 2702/749/2039
f 2703/750/2040 2702/749/2039 2701/747/2038
f 2704/752/2041 2705/751/2042 2706/753/2043
f 2707/755/2044 2708/754/2043 2709/756/2045
f 2710/758/2046 2711/757/2025 2712/759/2047
f 2713/760/2027 2712/759/2047 2711/757/2025
f 2714/740/2048 2715/741/2049 2716/761/2050
f 2717/762/2009 2716/761/2050 2715/741/2049
f 2718/764/2014 2719/763/2015 2720/744/2051
f 2721/743/2034 2720/744/2051 2719/763/2015
f 2722/749/2052 2723/750/2053 2724/765/2054
f 2725/766/2017 2724/765/2054 2723/750/2053
f 2726/768/2022 2727/767/2055 2728/752/2041
f 2729/751/2045 2728/752/2041 2727/767/2055
f 2730/769/2056 2699/746/2036 2731/770/2057
f 2697/743/2034 2731/770/2057 2699/746/2036
f 2732/770/2058 2721/743/2034 2733/771/2059
f 2719/763/2015 2733/771/2059 2721/743/2034
f 2734/773/2060 2735/772/2061 2675/721/2013
f 2677/724/2015 2675/721/2013 2735/772/2061
f 2730/769/2056 2731/770/2057 2736/774/2062
f 2737/775/2063 2736/774/2062 2731/770/2057
f 2732/770/2058 2733/771/2059 2738/775/2064
f 2739/776/2065 2738/775/2064 2733/771/2059
f 2735/772/2061 2734/773/2060 2740/777/2066
f 2741/778/2067 2740/777/2066 2734/773/2060
f 2698/745/2035 2742/779/2068 2696/744/2033
f 2743/780/2069 2696/744/2033 2742/779/2068
f 2720/744/2051 2744/780/2069 2718/764/2014
f 2745/781/2070 2718/764/2014 2744/780/2069
f 2676/723/2014 2746/782/2071 2674/722/2012
f 2747/783/2072 2674/722/2012 2746/782/2071
f 2748/785/2073 2749/784/2074 2750/786/2075
f 2751/788/2076 2752/787/2075 2753/789/2077
f 2754/789/2074 2755/790/2078 2756/791/2079
f 2757/792/2080 2756/791/2079 2755/790/2078
f 2708/754/2081 2758/793/2082 2759/794/2041
f 2760/790/2078 2704/752/2041 2761/711/2083
f 2762/769/2056 1962/112/1460 2763/746/2084
f 2764/774/2085 1971/121/1468 2762/769/2056
f 1962/112/1460 2762/769/2056 1971/121/1468
f 2108/257/1586 2662/711/2002 2104/254/1582
f 2765/753/2086 2104/254/1582 2662/711/2002
f 2766/795/2087 2689/735/2026 2767/796/2088
f 2688/736/2025 2767/796/2088 2689/735/2026
f 2710/758/2046 2768/797/2089 2711/757/2025
f 2769/798/2090 2711/757/2025 2768/797/2089
f 2770/620/1954 2771/799/2091 2772/800/2092
f 2773/801/2046 2772/800/2092 2771/799/2091
f 1936/86/1435 2045/194/1537 2774/802/2093
f 2775/803/2028 2774/802/2093 2045/194/1537
f 2776/742/2032 2045/194/1537 2777/804/2094
f 1971/121/1468 2777/804/2094 2045/194/1537
f 1962/112/1460 1964/113/1462 2763/746/2084
f 2778/745/2095 2763/746/2084 1964/113/1462
f 2779/779/2096 1964/113/1462 2780/748/2097
f 2781/805/2098 2105/253/1583 2765/753/2086
f 2104/254/1582 2765/753/2086 2105/253/1583
f 1964/113/1462 2040/189/1532 2111/261/1589
f 1964/113/1462 2111/261/1589 2780/748/2097
f 2782/747/2099 2111/261/1589 2105/253/1583
f 1936/86/1435 2774/802/2093 2482/555/1874
f 2783/623/1931 2784/620/1929 2785/800/2100
f 2786/806/2101 2783/623/1931 2785/800/2100
f 2787/808/2102 2788/807/1932 2789/809/2103
f 2790/811/2104 2791/810/2105 2792/812/2106
f 2793/813/1935 2792/812/2106 2791/810/2105
f 2794/814/2107 2793/813/1935 2791/810/2105
f 2795/816/2108 2796/815/1937 2797/817/2109
f 2798/819/2110 2799/818/2111 2800/820/1938
f 2801/822/2112 2802/821/2113 2803/823/2114
f 2804/825/1932 2805/824/2115 2806/826/2116
f 2807/827/2117 2788/807/1932 2808/828/2118
f 2809/830/1938 2810/829/2119 2811/831/2120
f 2812/832/2121 2809/830/1938 2811/831/2120
f 2813/633/1937 2814/630/1935 2815/833/2122
f 2816/834/2123 2796/815/1937 2817/835/2124
f 2818/837/2125 2819/836/2126 2820/838/2127
f 2821/839/2128 2820/838/2127 2819/836/2126
f 2822/841/2129 2823/840/2130 2590/654/1953
f 2591/655/1954 2590/654/1953 2823/840/2130
f 2751/788/2076 2753/789/2077 2824/842/2131
f 2825/791/2079 2824/842/2131 2753/789/2077
f 2754/789/2074 2726/768/2022 2755/790/2078
f 2728/752/2041 2755/790/2078 2726/768/2022
f 2760/790/2078 2761/711/2083 2826/792/2132
f 2827/567/1887 2826/792/2132 2761/711/2083
f 2828/843/2133 2801/822/2112 2803/823/2114
f 2829/845/2134 2830/844/2009 2831/846/2135
f 2832/848/2136 2833/847/2135 2671/717/2009
f 2694/741/2031 2695/742/2032 2834/849/2137
f 2835/804/2138 2834/849/2137 2695/742/2032
f 2717/762/2009 2715/741/2049 2836/850/2139
f 2837/849/2140 2836/850/2139 2715/741/2049
f 2668/715/2006 2669/716/2007 2672/719/2010
f 2670/718/2008 2672/719/2010 2669/716/2007
f 2838/852/2027 2839/851/2028 2840/853/2029
f 2841/854/2141 2840/853/2029 2839/851/2028
f 2712/759/2047 2713/760/2027 2716/761/2050
f 2714/740/2048 2716/761/2050 2713/760/2027
f 2842/739/2142 2775/803/2028 2045/194/1537
f 2842/739/2142 2045/194/1537 2776/742/2032
f 2736/774/2062 2737/775/2063 2835/804/2138
f 2834/849/2137 2835/804/2138 2737/775/2063
f 2739/776/2065 2836/850/2139 2738/775/2064
f 2837/849/2140 2738/775/2064 2836/850/2139
f 2741/778/2067 2843/855/2135 2740/777/2066
f 2844/856/2136 2740/777/2066 2843/855/2135
f 2777/804/2094 1971/121/1468 2764/774/2085
f 2742/779/2068 2700/748/2037 2743/780/2069
f 2702/749/2039 2743/780/2069 2700/748/2037
f 2744/780/2069 2722/749/2052 2745/781/2070
f 2724/765/2054 2745/781/2070 2722/749/2052
f 2747/783/2072 2746/782/2071 2845/857/2018
f 2846/858/2054 2845/857/2018 2746/782/2071
f 2679/725/2017 2847/859/2055 2681/728/2019
f 2683/729/2024 2681/728/2019 2847/859/2055
f 2848/860/2143 2707/755/2044 2849/861/2144
f 2709/756/2045 2849/861/2144 2707/755/2044
f 2723/750/2053 2729/751/2045 2725/766/2017
f 2727/767/2055 2725/766/2017 2729/751/2045
f 2781/805/2098 2782/747/2099 2105/253/1583
f 2780/748/2097 2111/261/1589 2782/747/2099
f 2778/745/2095 1964/113/1462 2779/779/2096
f 2792/812/2106 2788/807/1932 2787/808/2102
f 2790/811/2104 2792/812/2106 2787/808/2102
f 2789/809/2103 2788/807/1932 2807/827/2117
f 2806/826/2116 2805/824/2115 2850/862/2101
f 2811/831/2120 2810/829/2119 2851/863/2108
f 2797/817/2109 2796/815/1937 2816/834/2123
f 2506/576/1877 2508/577/1896 2852/864/1879
f 2515/583/1902 2514/584/1901 2501/570/1890
f 2499/569/1888 2501/570/1890 2514/584/1901
f 2515/583/1902 2501/570/1890 2853/865/2145
f 2515/583/1902 2853/865/2145 2854/866/1851
f 2855/868/2146 2856/867/2147 2857/869/2148
f 2858/870/2149 2859/869/2150 2860/871/2151
f 2861/869/2148 2862/867/2152 2863/871/2153
f 2864/872/2154 2860/871/2155 2865/873/2156
f 2866/874/2157 2867/873/2158 2868/875/2159
f 2869/873/2160 2870/871/2151 2871/875/2161
f 2872/876/2162 2873/875/2163 2874/877/2164
f 2875/878/2165 2876/877/2166 2877/879/2167
f 2878/877/2168 2879/875/2161 2880/879/2167
f 2881/875/2161 2882/871/2151 2883/879/2167
f 2884/871/2155 2885/867/2169 2886/879/2167
f 2887/880/2170 2888/879/2171 2889/881/2172
f 2890/882/2173 2891/881/2174 2892/883/2175
f 2893/881/2176 2894/879/2167 2895/883/2177
f 2896/879/2167 2897/867/2169 2898/883/2177
f 2899/867/2152 2900/884/2178 2901/883/2177
f 2902/884/2178 2903/885/2179 2904/883/2177
f 2905/887/2180 2906/886/2181 2907/888/2182
f 2908/889/2183 2909/888/2182 2910/886/2181
f 2911/891/2184 2912/890/2185 2913/892/2186
f 2914/893/2187 2915/892/2186 2916/890/2185
f 2917/892/2188 2918/893/2189 2919/894/2190
f 2920/895/2191 2921/894/2192 2922/893/2189
f 2923/894/2192 2924/895/2193 2925/896/2194
f 2926/897/2195 2927/896/2194 2928/895/2196
f 2929/896/2197 2930/897/2198 2931/898/2199
f 2932/899/2200 2933/898/2201 2934/897/2198
f 2935/901/2201 2936/900/2200 2937/902/2202
f 2938/903/2203 2939/902/2202 2940/900/2200
f 2941/902/2204 2942/903/2205 2943/904/2206
f 2944/905/2207 2945/904/2206 2946/903/2205
f 2947/904/2208 2948/905/2209 2949/906/2210
f 2950/907/2211 2951/906/2210 2952/905/2209
f 2953/906/2212 2954/907/2211 2955/908/2213
f 2956/909/2214 2957/908/2215 2958/907/2211
f 2959/908/2215 2960/909/2216 2961/910/2217
f 2962/911/2218 2963/910/2217 2964/909/2219
f 2965/913/2217 2966/912/2218 2967/914/2220
f 2968/915/2221 2969/914/2220 2970/912/2218
f 2971/917/2220 2972/916/2222 2973/918/2223
f 2974/919/2223 2975/918/2223 2976/916/2221
f 2977/918/2224 2978/919/2224 2979/920/2225
f 2980/921/2226 2981/920/2225 2982/919/2224
f 2983/920/2225 2984/921/2226 2985/922/2227
f 2986/923/2228 2987/922/2227 2988/921/2226
f 2989/922/2229 2990/923/2230 2991/924/2231
f 2992/925/2232 2993/924/2231 2994/923/2230
f 2995/927/2231 2996/926/2232 2997/928/2233
f 2998/929/2234 2999/928/2233 3000/926/2235
f 3001/931/2236 3002/930/2237 3003/932/2238
f 3004/933/2239 3005/932/2238 3006/930/2237
f 3007/932/2240 3008/933/2239 3009/934/2241
f 3010/935/2242 3011/934/2241 3012/933/2243
f 3013/934/2244 3014/935/2245 3015/887/2246
f 3016/886/2247 3017/887/2248 3018/935/2245
f 3019/937/959 3020/936/2249 3021/938/960
f 3022/940/2250 3023/939/2251 3024/941/2252
f 3025/943/2253 3026/942/2254 3027/944/2255
f 3028/941/2256 3029/939/2257 3030/945/2258
f 3031/946/2259 3032/944/2260 3033/947/971
f 3034/945/2261 3035/939/2262 3036/937/959
f 3037/937/974 3038/939/2262 3039/936/2263
f 3040/949/2250 3041/948/2264 3042/950/2265
f 3043/951/2266 3042/950/2265 3041/948/2264
f 3044/950/2265 3045/951/2266 3046/952/2267
f 3047/953/2268 3048/952/2267 3049/951/2269
f 3050/955/2270 3051/954/2271 3052/956/985
f 3053/957/987 3054/956/986 3055/954/2272
f 3056/947/971 3057/958/989 3058/946/2259
f 3059/959/2273 3060/946/2259 3061/958/989
f 3062/946/2259 3063/959/2274 3064/944/2255
f 3065/960/2275 3066/944/2255 3067/959/2274
f 3068/944/2255 3069/960/2275 3070/943/2276
f 3071/961/2277 3072/943/2253 3073/960/2275
f 3074/943/2276 3075/961/2277 3076/942/2278
f 3077/962/2279 3078/942/2254 3079/961/2277
f 3080/942/2254 3081/962/2279 3082/963/2280
f 3083/965/2252 3084/964/2281 3085/949/2282
f 3086/948/2264 3087/949/2250 3088/964/2281
f 3089/967/2283 3090/966/2284 3091/968/2285
f 3092/969/2286 3093/968/2285 3094/966/2287
f 3095/968/2288 3096/969/2286 3097/970/2289
f 3098/971/2290 3099/970/2289 3100/969/2286
f 3101/971/2290 3102/972/2291 3103/970/2289
f 3104/973/2292 3105/970/2289 3106/972/2293
f 3107/972/2291 3108/974/2294 3109/973/2295
f 3110/975/1015 3111/973/2295 3112/974/2294
f 3113/975/1016 3114/974/2294 3115/976/2296
f 3116/977/2297 3117/976/2296 3118/974/2294
f 3119/979/2298 3120/978/2299 3121/977/2297
f 3122/976/2300 3123/977/2297 3124/978/2299
f 3125/981/2301 3126/980/2302 3127/982/2303
f 3128/983/2304 3129/982/2303 3130/980/2302
f 3131/984/2305 3132/981/2306 3133/985/2307
f 3134/982/2308 3135/985/2309 3136/981/2310
f 3137/987/2311 3138/986/2312 3139/988/2313
f 3140/989/2314 3141/988/2313 3142/986/2312
f 3143/988/2315 3144/989/2314 3145/990/2316
f 3146/991/2317 3147/990/2318 3148/989/2314
f 3149/990/2316 3150/991/2319 3151/992/2320
f 3152/993/2320 3153/992/2321 3154/991/2322
f 3155/992/2321 3156/993/2320 3157/994/2323
f 3158/995/2324 3157/994/2323 3156/993/2320
f 3159/994/2325 3160/995/2324 3161/996/2326
f 3162/997/2327 3163/996/2326 3164/995/2324
f 3165/999/2328 3166/998/2329 3167/1000/2330
f 3168/1001/2331 3169/1000/2332 3170/998/2329
f 3171/1000/2330 3172/1001/2333 3173/1002/2334
f 3174/1003/2335 3175/1002/2336 3176/1001/2337
f 3177/1002/2334 3178/1003/2338 3179/1004/2339
f 3180/1005/2340 3181/1004/2341 3182/1003/2338
f 3183/1004/2341 3184/1005/2340 3185/1006/2342
f 3186/1007/2343 3187/1006/2344 3188/1005/2340
f 3189/1006/2345 3190/1007/2346 3191/1008/2347
f 3192/1009/2348 3193/1008/2347 3194/1007/2346
f 3195/1011/2349 3196/1010/2350 3197/1012/2351
f 3198/1013/2352 3199/1012/2351 3200/1010/2350
f 3201/1012/2351 3202/1013/2353 3203/1014/2354
f 3204/1015/2355 3205/1014/2356 3206/1013/2353
f 3207/1014/2357 3208/1015/2358 3209/1016/2359
f 3210/1017/2360 3211/1016/2359 3212/1015/2361
f 3213/1016/2362 3214/1017/2360 3215/1018/2363
f 3216/1019/2364 3217/1018/2365 3218/1017/2359
f 3219/1018/2365 3220/1019/2366 3221/1020/2367
f 3222/1021/2368 3223/1020/2367 3224/1019/2366
f 3225/1020/2369 3226/1021/2370 3227/1022/2371
f 3228/1023/2372 3229/1022/2371 3230/1021/2373
f 3231/1022/2374 3232/1023/2375 3233/1024/2376
f 3234/1025/2377 3235/1024/2378 3236/1023/2379
f 3237/1024/2380 3238/1025/2381 3239/987/2382
f 3240/986/2312 3241/987/2311 3242/1025/2377
f 3243/1027/2383 3244/1026/2384 3245/1028/2385
f 3246/1029/2386 3247/1028/2385 3248/1026/2384
f 3249/1028/2385 3250/1029/2387 3251/1030/2388
f 3252/1031/2389 3253/1030/2388 3254/1029/2387
f 3255/1030/2388 3256/1031/2390 3257/1032/2391
f 3258/1033/2392 3259/1032/2391 3256/1031/2390
f 3260/1032/2391 3261/1033/2392 3262/1034/2393
f 3263/1035/2394 3262/1034/2393 3261/1033/2392
f 3264/1034/2395 3265/1035/2396 3266/1036/2397
f 3267/1037/2398 3268/1036/2397 3269/1035/2396
f 3270/1036/2399 3271/1037/2400 3272/1038/2401
f 3273/1039/2402 3274/1038/2401 3275/1037/2400
f 3276/982/2403 3277/1000/2404 3278/985/2405
f 3279/1002/2406 3280/985/2407 3281/1000/2404
f 3282/985/2408 3283/1002/2406 3284/984/2409
f 3285/1004/2410 3286/984/2411 3287/1002/2406
f 3288/1041/2411 3289/1040/2410 3290/1042/2412
f 3291/1043/2413 3292/1042/2412 3293/1040/2414
f 3294/1045/2415 3295/1044/2416 3296/1046/2417
f 3297/1047/2418 3298/1046/2417 3299/1044/2419
f 3300/1046/2420 3301/1047/2421 3302/1048/2422
f 3303/1049/2423 3304/1048/2422 3305/1047/2421
f 3306/1048/2422 3307/1049/2423 3308/1050/2424
f 3309/1051/2425 3308/1050/2424 3307/1049/2423
f 3310/1050/2426 3311/1051/2425 3312/1052/2427
f 3313/1053/2428 3314/1052/2427 3315/1051/2425
f 3316/1052/2427 3317/1053/2429 3318/1054/2430
f 3319/1055/2431 3318/1054/2430 3317/1053/2429
f 3320/1054/2430 3321/1055/2432 3322/1056/2433
f 3323/1057/2434 3324/1056/2433 3325/1055/2432
f 3326/1059/2435 3327/1058/2436 3328/1060/2437
f 3329/1061/2438 3330/1060/2439 3331/1058/2436
f 3332/1063/2439 3333/1062/2438 3334/1064/2440
f 3335/1065/2441 3336/1064/2442 3337/1062/2443
f 3338/1067/2444 3339/1066/2445 3340/1027/2383
f 3341/1026/2384 3342/1027/2383 3343/1066/2441
f 3344/1069/2446 3345/1068/1161 3346/1070/2446
f 3347/1071/1161 3348/1070/1163 3349/1068/1161
f 3350/1073/2447 3351/1072/2448 3352/1074/2449
f 3353/1075/2450 3354/1074/2449 3355/1072/2451
f 3356/1077/2452 3357/1076/2453 3358/1073/2447
f 3359/1072/2448 3360/1073/2447 3361/1076/2453
f 3362/1079/2454 3363/1078/2455 3364/1077/2456
f 3365/1076/2453 3366/1077/2452 3367/1078/2455
f 3368/1080/2457 3369/302/1614 3370/1081/2458
f 3371/304/2459 3372/1081/2458 3373/302/1614
f 3374/1082/2460 3375/411/2461 3376/1083/2462
f 3377/409/2463 3378/1083/2462 3379/411/2461
f 3380/1074/2449 3381/1075/2450 3382/1084/2464
s 0
f 3383/1086/2465 3384/1085/2465 3385/1087/2465
s 1
f 3386/1089/1616 3387/1088/2466 3388/1090/2467
f 3389/1091/2468 3390/1090/2467 3391/1088/1617
f 3392/1092/2469 3393/1089/1616 3394/1093/2470
f 3395/1090/2467 3396/1093/2471 3397/1089/2472
f 3398/1095/1699 3399/1094/2473 3400/1093/1692
f 3401/1092/2474 3402/1093/1692 3403/1094/2473
f 3404/1097/2475 3405/1096/2476 3406/1095/2477
f 3407/1094/2478 3408/1095/1699 3409/1096/2476
f 3410/1098/2479 3411/1096/2480 3412/1099/1706
f 3413/1097/1698 3414/1099/1706 3415/1096/2476
f 3416/1100/2459 3417/1098/2481 3418/1101/2482
f 3419/1099/1706 3420/1101/2482 3421/1098/1621
f 3422/1091/1695 3423/1088/1617 3424/1102/2483
f 3425/1103/1611 3426/1102/2484 3427/1088/1617
f 3428/1105/1712 3429/1104/2485 3430/1106/2486
f 3431/1107/2487 3432/1106/2488 3433/1104/1711
f 3434/1109/2489 3435/1108/1206 3436/1110/2490
f 3437/1111/2491 3438/1110/2491 3439/1108/2492
f 3440/1112/2493 3441/1105/1712 3442/1113/2494
f 3443/1106/2486 3444/1113/2494 3445/1105/1712
f 3446/1114/1708 3447/1112/2493 3448/1115/2495
f 3449/1113/2496 3450/1115/2497 3451/1112/2493
f 3452/1117/2498 3453/1116/1707 3454/1118/2499
f 3455/1114/1708 3456/1115/2497 3457/1119/1707
f 3458/1121/1707 3459/1120/2500 3460/1122/1701
f 3461/1123/2501 3462/405/2502 3463/1124/2500
f 3464/1125/2503 3465/404/2504 3466/1126/2505
f 3467/405/1701 3468/1126/2506 3469/404/2504
f 3470/1128/1229 3471/1127/1228 3472/1129/1230
f 3473/1130/2507 3474/1129/1231 3475/1127/1228
f 3476/1083/2508 3477/1131/2509 3478/1132/1235
f 3479/1133/1236 3478/1132/1235 3477/1131/2509
f 3480/1125/2510 3481/1134/1237 3482/1131/2509
f 3479/1133/1236 3482/1131/2509 3481/1134/1237
f 3483/1081/2511 3484/1082/2512 3485/1135/1242
f 3486/1136/1243 3485/1135/1242 3484/1082/2512
f 3487/1068/1161 3488/1128/1229 3489/1071/1161
f 3490/1129/1231 3491/1071/1244 3492/1128/1229
f 3493/1127/1228 3494/1137/1245 3495/1130/1246
f 3496/1138/1245 3497/1130/1246 3498/1137/1245
f 3499/1140/2513 3500/1139/2514 3501/1141/2515
f 3502/1143/2516 3503/1142/2517 3504/1144/2518
f 3505/1144/2519 3506/1142/2520 3507/1145/1254
f 3508/1142/2520 3509/1146/2521 3510/1145/1254
f 3511/1146/2521 3512/1147/2522 3513/1145/1254
f 3514/1149/2523 3515/1148/1256 3516/1150/2524
f 3517/1151/2525 3518/1150/2526 3519/1148/1256
f 3520/1126/2527 3521/1152/2528 3522/1153/1262
f 3523/1154/1263 3524/1153/1262 3525/1152/2529
f 3526/1155/2530 3527/1150/2524 3528/1156/2531
f 3529/1157/2532 3530/1156/2533 3531/1158/2534
f 3532/1156/2533 3533/1150/2535 3534/1158/2536
f 3535/1158/2534 3536/1150/2535 3537/1159/1273
f 3538/1150/2535 3539/1151/2537 3540/1159/1273
f 3541/1161/2538 3542/1160/2539 3543/1079/2454
f 3544/1078/2455 3545/1079/2454 3546/1160/2539
f 3547/1163/2540 3548/1162/2541 3549/1161/2542
f 3550/1160/2543 3551/1161/2544 3552/1162/2541
f 3553/1080/2545 3554/1164/2546 3555/1165/2547
f 3556/1135/1242 3557/1166/1287 3558/1081/2548
f 3559/1080/2549 3558/1081/2548 3557/1166/1287
f 3560/1132/1235 3486/1136/1243 3476/1083/2508
f 3561/1082/2550 3476/1083/2508 3486/1136/1243
f 3562/1134/1292 3563/1125/2510 3564/1153/1262
f 3520/1126/2527 3564/1153/1262 3563/1125/2510
f 3565/407/2551 3566/1131/2552 3567/409/2463
f 3378/1083/2462 3377/409/2463 3568/1131/2552
f 3465/404/2504 3464/1125/2503 3569/407/2551
f 3566/1131/2552 3565/407/2551 3570/1125/2510
f 3371/304/2459 3571/411/2461 3372/1081/2458
f 3374/1082/2460 3572/1081/2458 3375/411/2461
f 3573/1167/1295 3574/1164/2553 3575/1166/1287
f 3559/1080/2554 3576/1166/2555 3577/1164/2553
f 3578/1123/2556 3579/1152/2528 3580/1126/2527
f 3467/405/1701 3581/1123/2557 3468/1126/2506
f 3582/1168/2558 3583/302/1614 3584/1169/2559
f 3585/1170/2560 3586/1169/2561 3587/1171/2562
f 3588/1169/2563 3589/302/1614 3590/1171/2562
f 3369/302/1614 3368/1080/2457 3591/1171/2562
f 3592/1171/2564 3593/1080/2545 3594/1165/2547
f 3595/1173/2565 3596/1172/2566 3597/1174/2567
f 3598/1175/2568 3597/1174/2567 3596/1172/2566
f 3599/1176/2569 3600/1173/2570 3601/1177/2571
f 3602/1174/2572 3601/1177/2571 3600/1173/2570
f 3603/1178/1314 3604/1176/2569 3605/1179/1314
f 3606/1177/2571 3607/1179/1314 3608/1176/2569
s 0
f 3609/1181/1315 3610/1180/1315 3611/1182/1315
f 3612/1183/1315 3611/1182/1315 3610/1180/1315
s 1
f 3613/1185/2573 3614/1184/2574 3615/1186/2575
f 3616/1187/2574 3615/1186/2575 3614/1184/2574
f 3617/1103/2576 3618/1185/2573 3619/1188/2577
f 3620/1186/2578 3619/1188/2577 3618/1185/2573
f 3621/1102/2484 3622/1103/1611 3623/1189/2579
f 3624/1188/2577 3623/1189/2579 3622/1103/1611
f 3625/1190/2580 3626/1102/2483 3627/1191/2581
f 3628/1189/2582 3629/1191/2581 3630/1102/2484
f 3631/1104/2583 3632/1190/2580 3633/1192/2584
f 3634/1191/2581 3635/1192/2584 3636/1190/2585
f 3637/1107/2586 3638/1104/2583 3639/1193/2587
f 3640/1192/2584 3639/1193/2587 3638/1104/2583
f 3641/1195/2588 3642/1194/2589 3643/1196/2590
f 3644/1197/2591 3645/1196/2590 3646/1194/2592
f 3647/1172/2566 3648/1195/2588 3649/1175/2593
f 3650/1196/2590 3649/1175/2593 3648/1195/2588
s 0
f 3651/1199/1337 3652/1198/1337 3653/1200/1337
f 3654/1201/1337 3653/1200/1337 3652/1198/1337
f 3655/1203/1338 3656/1202/1338 3657/1204/1338
f 3658/1205/1338 3657/1204/1338 3656/1202/1338
s 1
f 3659/1207/2594 3660/1206/2595 3661/1208/2596
f 3662/1209/2597 3661/1208/2596 3660/1206/2595
s 0
f 3663/1211/1343 3664/1210/1343 3665/1212/1343
f 3666/1213/1343 3665/1212/1343 3664/1210/1343
s 1
f 3667/1215/2598 3668/1214/2599 3669/1216/2600
f 3670/1217/2601 3669/1216/2600 3668/1214/2599
s 0
f 3671/1219/1348 3672/1218/1348 3673/1220/1348
f 3674/1221/1348 3673/1220/1348 3672/1218/1348
f 3675/1223/1349 3676/1222/1349 3677/1224/1349
f 3678/1225/1349 3677/1224/1349 3676/1222/1349
f 3679/1227/1351 3680/1226/1351 3681/1228/1351
f 3682/1229/1351 3681/1228/1351 3680/1226/1351
f 3683/1231/1350 3684/1230/1350 3685/1232/1350
f 3686/1233/1350 3685/1232/1350 3684/1230/1350
f 3687/1235/638 3688/1234/638 3689/1236/638
f 3690/1237/638 3689/1236/638 3688/1234/638
s 1
f 3691/1238/2602 3692/1239/2603 3693/1240/2604
f 3694/1240/2605 3695/1241/2606 3696/1238/2602
f 3697/1242/2607 3691/1238/2608 3695/1241/2606
f 3698/1241/2606 3699/1243/2609 3700/1242/2607
f 3701/1244/2610 3697/1242/2607 3699/1243/2609
f 3699/1243/2609 3702/1245/2611 3701/1244/2610
f 3703/1246/2612 3704/1247/2613 3692/1239/2614
f 3705/1239/2603 3706/1238/2615 3707/1246/2612
f 3708/1248/2616 3703/1246/2612 3691/1238/2608
f 3691/1238/2608 3697/1242/2607 3708/1248/2616
f 3709/1249/2617 3708/1248/2616 3697/1242/2607
f 3697/1242/2607 3701/1244/2610 3709/1249/2617
f 3710/1250/2618 3711/1251/2619 3712/1252/2620
f 3712/1252/2620 3704/1247/2613 3710/1250/2618
f 3713/1253/2621 3714/1254/1 3711/1251/2619
f 3711/1251/2619 3710/1250/2618 3713/1253/2621
f 3715/1255/2622 3716/1256/2623 3717/1257/2624
f 3717/1257/2624 3718/1258/2625 3715/1255/2622
f 3719/1259/2626 3715/1255/2622 3718/1258/2625
f 3718/1258/2625 3720/1260/2627 3719/1259/2626
f 3721/1261/2628 3719/1259/2626 3720/1260/2627
f 3720/1260/2627 3722/1262/2629 3721/1261/2628
f 3723/1263/2630 3721/1261/2628 3722/1262/2629
f 3722/1262/2629 3724/1264/2631 3723/1263/2630
f 3725/1265/2632 3726/1266/2633 3716/1256/2623
f 3716/1256/2623 3715/1255/2622 3725/1265/2632
f 3727/1267/2634 3728/1265/2635 3729/1255/2636
f 3715/1255/2622 3719/1259/2626 3727/1267/2637
f 3730/1268/2638 3727/1267/2637 3719/1259/2626
f 3719/1259/2626 3721/1261/2628 3730/1268/2638
f 3731/1269/2639 3730/1268/2638 3721/1261/2628
f 3721/1261/2628 3723/1263/2630 3731/1269/2639
f 3732/1270/2640 3733/1271/2641 3726/1266/2633
f 3726/1266/2633 3725/1265/2632 3732/1270/2640
f 3734/1272/2642 3732/1270/2640 3725/1265/2632
f 3725/1265/2632 3727/1267/2637 3734/1272/2642
f 3735/1273/2643 3734/1272/2642 3727/1267/2637
f 3727/1267/2637 3730/1268/2638 3735/1273/2643
f 3736/1274/2644 3735/1273/2643 3730/1268/2638
f 3730/1268/2638 3731/1269/2639 3736/1274/2644
f 3737/1275/2645 3738/17/17 3733/1271/2641
f 3733/1271/2641 3732/1270/2640 3737/1275/2645
f 3739/1276/2646 3737/1275/2645 3732/1270/2640
f 3732/1270/2640 3734/1272/2642 3739/1276/2646
f 3740/1277/2647 3739/1276/2646 3734/1272/2642
f 3734/1272/2642 3735/1273/2643 3740/1277/2647
f 3741/1278/2648 3740/1277/2647 3735/1273/2643
f 3735/1273/2643 3736/1274/2644 3741/1278/2648
f 3742/1279/2649 3743/1280/2650 3737/1275/2645
f 3737/1275/2645 3739/1276/2646 3742/1279/2649
f 3744/1281/2651 3742/1279/2649 3739/1276/2646
f 3739/1276/2646 3740/1277/2647 3744/1281/2651
f 3745/1282/2652 3744/1281/2651 3740/1277/2647
f 3740/1277/2647 3741/1278/2648 3745/1282/2652
f 3746/38/36 3747/1283/2605 3748/1284/2614
f 3749/1284/2653 3750/1285/2654 3751/38/36
f 3752/1286/2655 3753/1287/2656 3754/700/2657
f 3754/700/2657 3755/699/2658 3752/1286/2655
f 3756/1288/2659 3757/1289/2660 3758/1290/21
f 3759/1291/2661 3760/1292/2662 3758/1290/21
f 3758/1290/21 3757/1289/2660 3759/1291/2661
f 3761/1293/2663 3762/28/26 3763/1294/2664
f 3763/1294/2664 3764/1295/2665 3761/1293/2663
f 3762/28/26 3761/1293/2663 3765/1296/2666
f 3766/1297/2667 3767/34/2668 3762/28/26
f 3762/28/26 3765/1296/2666 3766/1297/2667
f 3768/1298/2669 3769/51/2670 3770/48/2671
f 3770/48/2671 3771/1299/2672 3768/1298/2669
f 3772/52/50 3769/51/2670 3768/1298/2669
f 3773/1300/2673 3774/1301/2674 3775/1302/2675
f 3775/1302/2675 3776/1303/2676 3773/1300/2673
f 3704/1247/2613 3712/1252/2620 3777/1304/13
f 3777/1304/13 3692/1239/2614 3704/1247/2613
f 3778/1305/2677 3779/1306/2678 3780/1307/2679
f 3780/1307/2679 3781/1308/2680 3778/1305/2677
f 3781/1308/2680 3780/1307/2679 3782/1309/2681
f 3782/1309/2681 3783/1310/2682 3781/1308/2680
f 3783/1310/2682 3782/1309/2681 3784/1311/2683
f 3784/1311/2683 3785/1312/2684 3783/1310/2682
f 3786/1313/2685 3787/1314/2686 3788/1315/2687
f 3788/1315/2687 3789/1316/2688 3786/1313/2685
f 3790/1317/2689 3788/1315/2687 3787/1314/2686
f 3781/1308/2680 3761/1293/2663 3764/1295/2665
f 3783/1310/2682 3765/1296/2666 3761/1293/2663
f 3761/1293/2663 3781/1308/2680 3783/1310/2682
f 3785/1312/2684 3766/1297/2667 3765/1296/2666
f 3765/1296/2666 3783/1310/2682 3785/1312/2684
f 3789/1316/2688 3768/1298/2669 3771/1299/2672
f 3771/1299/2672 3786/1313/2685 3789/1316/2688
f 3791/1318/2690 3792/1319/2691 3793/1320/2692
f 3791/1318/2690 3793/1320/2692 3794/1321/2693
f 3795/1322/2694 3796/1323/2695 3745/1282/2652
f 3745/1282/2652 3741/1278/2648 3795/1322/2694
f 3736/1274/2644 3797/1324/2696 3795/1322/2694
f 3795/1322/2694 3741/1278/2648 3736/1274/2644
f 3798/1325/2697 3797/1324/2696 3736/1274/2644
f 3736/1274/2644 3731/1269/2639 3798/1325/2697
f 3799/1326/2698 3800/1327/2699 3723/1263/2630
f 3723/1263/2630 3724/1264/2631 3799/1326/2698
f 3801/1328/2700 3802/1329/2701 3701/1244/2610
f 3701/1244/2610 3702/1245/2611 3801/1328/2700
f 3803/1330/2702 3724/1264/2631 3722/1262/2629
f 3722/1262/2629 3804/1331/2703 3803/1330/2702
f 3805/1332/2704 3806/1330/2702 3807/1331/2703
f 3804/1331/2703 3808/1333/2705 3805/1332/2704
f 3809/1334/2706 3810/1335/2707 3808/1333/2705
f 3808/1333/2705 3804/1331/2703 3809/1334/2706
f 3720/1260/2627 3809/1334/2706 3804/1331/2703
f 3804/1331/2703 3722/1262/2629 3720/1260/2627
f 3811/1336/2708 3812/1337/2709 3718/1258/2625
f 3718/1258/2625 3717/1257/2624 3811/1336/2708
f 3809/1334/2706 3720/1260/2627 3718/1258/2625
f 3718/1258/2625 3812/1337/2709 3809/1334/2706
f 3810/1335/2707 3809/1334/2706 3812/1337/2709
f 3812/1337/2709 3713/1253/2621 3810/1335/2707
f 3811/1336/2708 3714/1254/1 3713/1253/2621
f 3713/1253/2621 3812/1337/2709 3811/1336/2708
f 3813/37/35 3737/1275/2645 3743/1280/2650
f 3737/1275/2645 3813/37/35 3738/17/17
f 3814/1338/2710 3803/1330/2702 3805/1332/2704
f 3805/1332/2704 3815/1339/2711 3814/1338/2710
f 3814/1338/2710 3799/1326/2698 3724/1264/2631
f 3724/1264/2631 3803/1330/2702 3814/1338/2710
f 3798/1325/2697 3731/1269/2639 3723/1263/2630
f 3723/1263/2630 3800/1327/2699 3798/1325/2697
f 3816/1340/2712 3815/1339/2711 3805/1332/2704
f 3805/1332/2704 3817/1341/2713 3816/1340/2712
f 3818/1342/2714 3709/1249/2617 3701/1244/2610
f 3701/1244/2610 3802/1329/2701 3818/1342/2714
f 3817/1341/2713 3805/1332/2704 3808/1333/2705
f 3808/1333/2705 3819/1343/2715 3817/1341/2713
f 3819/1343/2715 3808/1333/2705 3810/1335/2707
f 3810/1335/2707 3820/1344/2716 3819/1343/2715
f 3810/1335/2707 3713/1253/2621 3710/1250/2618
f 3710/1250/2618 3820/1344/2716 3810/1335/2707
f 3710/1250/2618 3704/1247/2613 3703/1246/2612
f 3703/1246/2612 3820/1344/2716 3710/1250/2618
f 3693/1240/2717 3821/1345/2718 3695/1241/2719
f 3821/1345/2718 3822/1346/2720 3823/1243/2609
f 3699/1243/2721 3695/1241/2719 3821/1345/2718
f 3822/1346/2722 3824/1347/2723 3702/1245/2611
f 3702/1245/2611 3699/1243/2609 3822/1346/2722
f 3702/1245/2611 3824/1347/2723 3825/1348/2724
f 3825/1348/2724 3801/1328/2700 3702/1245/2611
f 3826/1349/2725 3747/1283/2605 3827/40/2726
f 3827/40/2726 3747/1283/2605 3746/38/36
f 3828/1350/2727 3773/1300/2673 3776/1303/2676
f 3776/1303/2676 3829/1351/2728 3828/1350/2727
f 3830/1352/2729 3828/1350/2727 3829/1351/2728
f 3829/1351/2728 3831/1353/2730 3830/1352/2729
f 3776/1303/2676 3790/1317/2689 3832/1354/2731
f 3832/1354/2731 3829/1351/2728 3776/1303/2676
f 3829/1351/2728 3832/1354/2731 3833/1355/2732
f 3833/1355/2732 3831/1353/2730 3829/1351/2728
f 3832/1354/2731 3834/1356/2733 3835/1357/2734
f 3835/1357/2734 3833/1355/2732 3832/1354/2731
f 3836/1358/2735 3768/1298/2669 3789/1316/2688
f 3789/1316/2688 3837/1359/2736 3836/1358/2735
f 3837/1359/2736 3789/1316/2688 3838/1360/2737
f 3838/1360/2737 3789/1316/2688 3839/1361/2738
f 3839/1361/2738 3789/1316/2688 3788/1315/2687
f 3788/1315/2687 3775/1302/2675 3839/1361/2738
f 3775/1302/2675 3788/1315/2687 3790/1317/2689
f 3790/1317/2689 3776/1303/2676 3775/1302/2675
f 3771/1299/2672 3766/1297/2667 3785/1312/2684
f 3785/1312/2684 3786/1313/2685 3771/1299/2672
f 3786/1313/2685 3785/1312/2684 3784/1311/2683
f 3784/1311/2683 3787/1314/2686 3786/1313/2685
f 3834/1356/2733 3840/1362/2739 3841/1363/2740
f 3841/1363/2740 3835/1357/2734 3834/1356/2733
f 3832/1354/2731 3790/1317/2689 3834/1356/2733
f 3834/1356/2733 3790/1317/2689 3787/1314/2686
f 3787/1314/2686 3784/1311/2683 3840/1362/2739
f 3840/1362/2739 3834/1356/2733 3787/1314/2686
f 3784/1311/2683 3782/1309/2681 3842/1364/2741
f 3842/1364/2741 3840/1362/2739 3784/1311/2683
f 3782/1309/2681 3780/1307/2679 3843/1365/2742
f 3843/1365/2742 3842/1364/2741 3782/1309/2681
f 3842/1364/2741 3844/1366/2743 3841/1363/2740
f 3841/1363/2740 3840/1362/2739 3842/1364/2741
f 3842/1364/2741 3843/1365/2742 3845/1367/2744
f 3845/1367/2744 3844/1366/2743 3842/1364/2741
f 3843/1365/2742 3780/1307/2679 3779/1306/2678
f 3779/1306/2678 3846/1368/2745 3843/1365/2742
f 3846/1368/2745 3847/1369/2746 3845/1367/2744
f 3845/1367/2744 3843/1365/2742 3846/1368/2745
f 3848/1370/2746 3849/1371/2747 3850/1372/2748
f 3850/1372/2748 3851/1373/2749 3848/1370/2746
f 3851/1373/2749 3850/1372/2748 3852/1374/2750
f 3852/1374/2750 3853/1375/2751 3851/1373/2749
f 3853/1375/2751 3852/1374/2750 3854/1376/2752
f 3854/1376/2752 3855/1377/2753 3853/1375/2751
f 3855/1377/2753 3854/1376/2752 3856/1378/2754
f 3856/1378/2754 3857/1379/2755 3855/1377/2753
f 3858/1380/2678 3859/1381/2756 3850/1372/2748
f 3850/1372/2748 3849/1371/2747 3858/1380/2678
f 3859/1381/2756 3860/1382/2757 3852/1374/2750
f 3852/1374/2750 3850/1372/2748 3859/1381/2756
f 3861/1383/2758 3862/1384/2759 3854/1376/2752
f 3854/1376/2752 3862/1384/2759 3856/1378/2754
f 3862/1384/2759 3863/1385/706 3864/1386/699
f 3864/1386/699 3856/1378/2754 3862/1384/2759
f 3856/1378/2754 3864/1386/699 3865/1387/1984
f 3865/1387/1984 3857/1379/2755 3856/1378/2754
f 3861/1383/2758 3791/1318/2690 3862/1384/2759
f 3791/1318/2690 3794/1321/2693 3862/1384/2759
f 3794/1321/2693 3793/1320/2692 3752/1286/2655
f 3794/1321/2693 3752/1286/2655 3866/697/707
f 3866/697/707 3752/1286/2655 3755/699/2658
f 3866/697/707 3863/1385/706 3862/1384/2759
f 3862/1384/2759 3794/1321/2693 3866/697/707
f 3867/1388/2760 3868/1389/2761 3860/1382/2757
f 3860/1382/2757 3859/1381/2756 3867/1388/2760
f 3859/1381/2756 3858/1380/2678 3869/1390/2677
f 3869/1390/2677 3867/1388/2760 3859/1381/2756
f 3870/1391/2762 3871/1392/2763 3868/1389/2761
f 3868/1389/2761 3867/1388/2760 3870/1391/2762
f 3759/1291/2661 3757/1289/2660 3872/1393/2764
f 3872/1393/2764 3873/1394/2680 3759/1291/2661
f 3874/1395/2765 3870/1391/2762 3867/1388/2760
f 3867/1388/2760 3869/1390/2677 3874/1395/2765
f 3875/1396/43 3871/1392/2763 3870/1391/2762
f 3876/1391/2762 3877/1397/40 3878/1396/2766
f 3875/1396/43 3879/1398/2767 3880/1399/2768
f 3880/1399/2768 3871/1392/2763 3875/1396/43
f 3766/1297/2667 3771/1299/2672 3770/48/2671
f 3770/48/2671 3767/34/2668 3766/1297/2667
f 3772/52/50 3837/1359/2736 3838/1360/2737
f 3837/1359/2736 3772/52/50 3836/1358/2735
f 3836/1358/2735 3772/52/50 3768/1298/2669
f 3880/1399/2768 3868/1389/2761 3871/1392/2763
f 3880/1399/2768 3791/1318/2690 3868/1389/2761
f 3868/1389/2761 3791/1318/2690 3861/1383/2758
f 3861/1383/2758 3860/1382/2757 3868/1389/2761
f 3860/1382/2757 3861/1383/2758 3854/1376/2752
f 3854/1376/2752 3852/1374/2750 3860/1382/2757
f 3791/1318/2690 3880/1399/2768 3792/1319/2691
f 3881/1400/2769 3772/52/50 3838/1360/2737
f 3838/1360/2737 3839/1361/2738 3881/1400/2769
f 3839/1361/2738 3882/1302/2770 3883/1301/2674
f 3883/1301/2674 3881/1400/2769 3839/1361/2738
f 3884/1401/70 3772/52/50 3881/1400/2769
f 3885/62/72 3772/52/50 3884/1401/70
f 3886/1402/2771 3877/1397/2772 3870/1391/2762
f 3870/1391/2762 3874/1395/2765 3886/1402/2771
f 3887/1403/2773 3744/1281/2651 3745/1282/2652
f 3745/1282/2652 3888/1404/2774 3887/1403/2773
f 3889/1405/2775 3890/1406/2776 3891/1407/2777
f 3744/1281/2651 3887/1403/2773 3892/1408/2775
f 3893/1409/2778 3894/80/81 3895/79/80
f 3896/1410/2779 3897/1146/2780 3898/1411/2781
f 3898/1411/2781 3899/1412/2782 3896/1410/2779
f 3897/1146/2780 3900/1147/2783 3901/1413/2784
f 3901/1413/2784 3898/1411/2781 3897/1146/2780
f 3902/1142/2785 3896/1410/2779 3899/1412/2782
f 3899/1412/2782 3903/1414/2786 3902/1142/2785
f 3904/1415/2787 3905/1416/2785 3906/1417/2786
f 3906/1417/2786 3907/1418/2788 3904/1415/2787
f 3908/1419/2789 3904/1415/2787 3907/1418/2788
f 3907/1418/2788 3909/1420/2790 3908/1419/2789
f 3910/1421/2791 3911/1422/77 3912/1423/76
f 3912/1423/76 3913/1424/2792 3910/1421/2791
f 3914/1425/2793 3915/1426/2794 3916/1427/81
f 3917/1428/2794 3893/1409/2793 3890/1406/2776
f 3890/1406/2776 3889/1405/2775 3917/1428/2794
f 3796/1323/2695 3918/1429/2795 3888/1404/2774
f 3888/1404/2774 3745/1282/2652 3796/1323/2695
f 3919/1430/2796 3908/1419/2789 3909/1420/2790
f 3909/1420/2790 3920/1431/2797 3919/1430/2796
f 3901/1413/2784 3921/1432/2798 3922/1433/2799
f 3922/1433/2799 3898/1411/2781 3901/1413/2784
f 3898/1411/2781 3922/1433/2799 3923/1434/2800
f 3923/1434/2800 3899/1412/2782 3898/1411/2781
f 3899/1412/2782 3923/1434/2800 3924/1435/2801
f 3924/1435/2801 3903/1414/2786 3899/1412/2782
f 3925/1436/2802 3926/1437/2803 3927/1438/2804
f 3927/1438/2804 3928/1439/2805 3925/1436/2802
f 3928/1439/2805 3927/1438/2804 3929/1440/2806
f 3929/1440/2806 3930/1441/2807 3928/1439/2805
f 3930/1441/2807 3929/1440/2806 3931/82/83
f 3931/82/83 3932/84/84 3930/1441/2807
f 3924/1435/2801 3926/1437/2803 3925/1436/2802
f 3925/1436/2802 3903/1414/2786 3924/1435/2801
f 3933/1442/2808 3934/1443/2809 3935/1444/2810
f 3935/1444/2810 3936/1445/2811 3933/1442/2808
f 3934/1443/2809 3937/1446/2812 3938/1447/2813
f 3938/1447/2813 3935/1444/2810 3934/1443/2809
f 3937/1446/2812 3939/1448/2814 3940/1449/2815
f 3940/1449/2815 3938/1447/2813 3937/1446/2812
f 3941/1450/2816 3942/1451/2817 3943/1452/2818
f 3944/174/169 3945/172/2819 3936/1445/2811
f 3941/1450/2816 3946/1453/2820 3947/1454/2821
f 3948/1455/2821 3949/1456/2822 3950/1457/2816
f 3935/1444/2810 3938/1447/2813 3951/1458/2823
f 3951/1458/2823 3952/1459/2824 3935/1444/2810
f 3938/1447/2813 3940/1449/2815 3953/1460/2825
f 3953/1460/2825 3951/1458/2823 3938/1447/2813
f 3954/1461/2826 3955/1462/2827 3956/178/2828
f 3956/178/2828 3957/241/224 3954/1461/2826
f 3954/1461/2826 3958/1463/2821 3959/1464/2829
f 3959/1464/2829 3955/1462/2827 3954/1461/2826
f 3958/1463/2821 3960/1465/2830 3961/1466/2831
f 3961/1466/2831 3959/1464/2829 3958/1463/2821
f 3960/1465/2830 3962/1467/2832 3963/1468/2833
f 3963/1468/2833 3961/1466/2831 3960/1465/2830
f 3955/1462/2827 3959/1464/2829 3964/1469/2834
f 3964/1469/2834 3965/1470/2835 3955/1462/2827
f 3959/1464/2829 3961/1466/2831 3966/1471/2836
f 3966/1471/2836 3964/1469/2834 3959/1464/2829
f 3961/1466/2831 3963/1468/2833 3967/1472/2837
f 3967/1472/2837 3966/1471/2836 3961/1466/2831
f 3933/1442/2808 3936/1445/2811 3945/172/2819
f 3945/172/2819 3968/173/2838 3933/1442/2808
f 3942/1451/2817 3969/1473/2839 3943/1452/2818
f 3955/1462/2827 3965/1470/2835 3970/175/2840
f 3970/175/2840 3956/178/2828 3955/1462/2827
f 3971/1474/2841 3972/1475/2842 3973/1476/2843
f 3973/1476/2843 3974/1477/2844 3971/1474/2841
f 3937/1446/2812 3975/1478/2845 3976/1479/2846
f 3976/1479/2846 3939/1448/2814 3937/1446/2812
f 3977/1480/2847 3978/154/2848 3979/142/2849
f 3979/142/2849 3980/1481/2850 3977/1480/2847
f 3968/173/2838 3981/212/2851 3982/1482/2852
f 3982/1482/2852 3933/1442/2808 3968/173/2838
f 3983/1483/2853 3984/1484/2854 3985/1485/2855
f 3985/1485/2855 3986/1486/2856 3983/1483/2853
f 3986/1486/2856 3985/1485/2855 3987/1487/2857
f 3987/1487/2857 3988/1488/2858 3986/1486/2856
f 3988/1488/2858 3987/1487/2857 3989/1489/2859
f 3989/1489/2859 3990/1490/2860 3988/1488/2858
f 3991/129/125 3992/110/2861 3984/1484/2854
f 3984/1484/2854 3983/1483/2853 3991/129/125
f 3931/82/83 3929/1440/2806 3992/110/2861
f 3987/1487/2857 3923/1434/2800 3922/1433/2799
f 3922/1433/2799 3989/1489/2859 3987/1487/2857
f 3987/1487/2857 3985/1485/2855 3924/1435/2801
f 3924/1435/2801 3923/1434/2800 3987/1487/2857
f 3985/1485/2855 3926/1437/2803 3924/1435/2801
f 3984/1484/2854 3927/1438/2804 3926/1437/2803
f 3926/1437/2803 3985/1485/2855 3984/1484/2854
f 3984/1484/2854 3992/110/2861 3929/1440/2806
f 3929/1440/2806 3927/1438/2804 3984/1484/2854
f 3982/1482/2852 3977/1480/2847 3993/1491/2862
f 3993/1491/2862 3994/1492/2863 3982/1482/2852
f 3977/1480/2847 3980/1481/2850 3995/1493/2864
f 3995/1493/2864 3993/1491/2862 3977/1480/2847
f 3993/1491/2862 3995/1493/2864 3972/1475/2842
f 3972/1475/2842 3971/1474/2841 3993/1491/2862
f 3994/1492/2863 3993/1491/2862 3971/1474/2841
f 3971/1474/2841 3975/1478/2845 3994/1492/2863
f 3980/1481/2850 3979/142/2849 3991/129/125
f 3991/129/125 3983/1483/2853 3980/1481/2850
f 3983/1483/2853 3986/1486/2856 3995/1493/2864
f 3995/1493/2864 3980/1481/2850 3983/1483/2853
f 3995/1493/2864 3986/1486/2856 3988/1488/2858
f 3988/1488/2858 3972/1475/2842 3995/1493/2864
f 3972/1475/2842 3988/1488/2858 3990/1490/2860
f 3990/1490/2860 3973/1476/2843 3972/1475/2842
f 3880/1399/2768 3879/1398/2767 3792/1319/2691
f 3792/1319/2691 3879/1398/2767 3752/1286/2655
f 3752/1286/2655 3793/1320/2692 3792/1319/2691
f 3879/1398/2767 3753/1287/2656 3752/1286/2655
f 3816/1340/2712 3817/1341/2713 3709/1249/2617
f 3709/1249/2617 3818/1342/2714 3816/1340/2712
f 3709/1249/2617 3817/1341/2713 3819/1343/2715
f 3819/1343/2715 3708/1248/2616 3709/1249/2617
f 3708/1248/2616 3819/1343/2715 3820/1344/2716
f 3820/1344/2716 3703/1246/2612 3708/1248/2616
f 3975/1478/2845 3971/1474/2841 3974/1477/2844
f 3974/1477/2844 3976/1479/2846 3975/1478/2845
f 3981/212/2851 3978/154/2848 3977/1480/2847
f 3977/1480/2847 3982/1482/2852 3981/212/2851
f 3994/1492/2863 3934/1443/2809 3933/1442/2808
f 3933/1442/2808 3982/1482/2852 3994/1492/2863
f 3975/1478/2845 3937/1446/2812 3934/1443/2809
f 3934/1443/2809 3994/1492/2863 3975/1478/2845
f 3939/1448/2814 3996/1494/2865 3997/1495/2866
f 3997/1495/2866 3940/1449/2815 3939/1448/2814
f 3940/1449/2815 3997/1495/2866 3998/1496/2867
f 3998/1496/2867 3953/1460/2825 3940/1449/2815
f 3962/1467/2832 3999/1497/2868 4000/1498/2869
f 4000/1498/2869 3963/1468/2833 3962/1467/2832
f 3963/1468/2833 4000/1498/2869 4001/1499/2870
f 4001/1499/2870 3967/1472/2837 3963/1468/2833
f 3974/1477/2844 3973/1476/2843 4002/1500/2871
f 4002/1500/2871 4003/1501/2872 3974/1477/2844
f 3939/1448/2814 3976/1479/2846 4004/1502/2873
f 4004/1502/2873 3996/1494/2865 3939/1448/2814
f 3990/1490/2860 3989/1489/2859 4005/1503/2874
f 4005/1503/2874 4006/1504/2875 3990/1490/2860
f 3989/1489/2859 3922/1433/2799 3921/1432/2798
f 3921/1432/2798 4005/1503/2874 3989/1489/2859
f 3973/1476/2843 3990/1490/2860 4006/1504/2875
f 4006/1504/2875 4002/1500/2871 3973/1476/2843
f 3976/1479/2846 3974/1477/2844 4003/1501/2872
f 4003/1501/2872 4004/1502/2873 3976/1479/2846
f 4007/1505/2876 4008/1506/2877 4009/1507/2878
f 4009/1507/2878 4010/1508/2879 4007/1505/2876
f 4011/1509/2880 4012/1510/2881 4008/1506/2877
f 4008/1506/2877 4007/1505/2876 4011/1509/2880
f 4013/1511/2882 4014/1512/2883 4012/1510/2881
f 4012/1510/2881 4011/1509/2880 4013/1511/2882
f 4015/1513/2884 4007/1505/2876 4010/1508/2879
f 4010/1508/2879 4016/1514/2885 4015/1513/2884
f 4017/1515/2886 4011/1509/2880 4007/1505/2876
f 4007/1505/2876 4015/1513/2884 4017/1515/2886
f 4018/1516/2887 4013/1511/2882 4011/1509/2880
f 4011/1509/2880 4017/1515/2886 4018/1516/2887
f 4019/1517/2888 4016/1514/2885 4020/1518/2889
f 4020/1518/2889 4021/1519/2890 4019/1517/2888
f 4022/1520/2891 4019/1517/2888 4021/1519/2890
f 4021/1519/2890 4023/1521/1353 4022/1520/2891
f 4024/1522/2892 4025/1523/2893 4026/1524/2894
f 4026/1524/2894 4027/1525/2895 4024/1522/2892
f 4028/1526/2896 4029/1527/2897 4025/1523/2893
f 4025/1523/2893 4024/1522/2892 4028/1526/2896
f 4030/1528/2898 4031/1529/2899 4029/1527/2897
f 4029/1527/2897 4028/1526/2896 4030/1528/2898
f 4032/1530/2900 4033/1531/2901 4031/1529/2899
f 4031/1529/2899 4030/1528/2898 4032/1530/2900
f 4034/1532/2902 4024/1522/2892 4027/1525/2895
f 4027/1525/2895 4035/1533/2903 4034/1532/2902
f 4036/1534/2904 4028/1526/2896 4024/1522/2892
f 4024/1522/2892 4034/1532/2902 4036/1534/2904
f 4037/1535/2905 4030/1528/2898 4028/1526/2896
f 4028/1526/2896 4036/1534/2904 4037/1535/2905
f 4038/1536/2906 4032/1530/2900 4030/1528/2898
f 4030/1528/2898 4037/1535/2905 4038/1536/2906
f 4039/1537/2907 4034/1532/2902 4035/1533/2903
f 4035/1533/2903 4040/1538/2908 4039/1537/2907
f 4041/1539/2909 4036/1534/2904 4034/1532/2902
f 4034/1532/2902 4039/1537/2907 4041/1539/2909
f 4042/1540/2910 4037/1535/2905 4036/1534/2904
f 4036/1534/2904 4041/1539/2909 4042/1540/2910
f 4043/1541/2911 4038/1536/2906 4037/1535/2905
f 4037/1535/2905 4042/1540/2910 4043/1541/2911
f 4044/1542/2912 4039/1537/2907 4040/1538/2908
f 4040/1538/2908 4045/1543/1369 4044/1542/2912
f 4046/1544/2913 4041/1539/2909 4039/1537/2907
f 4039/1537/2907 4044/1542/2912 4046/1544/2913
f 4047/1545/2914 4042/1540/2910 4041/1539/2909
f 4041/1539/2909 4046/1544/2913 4047/1545/2914
f 4048/1546/2915 4043/1541/2911 4042/1540/2910
f 4042/1540/2910 4047/1545/2914 4048/1546/2915
f 4049/1547/2916 4046/1544/2913 4044/1542/2912
f 4044/1542/2912 4050/1548/2917 4049/1547/2916
f 4051/1549/2918 4047/1545/2914 4046/1544/2913
f 4046/1544/2913 4049/1547/2916 4051/1549/2918
f 4052/1550/2919 4048/1546/2915 4047/1545/2914
f 4047/1545/2914 4051/1549/2918 4052/1550/2919
f 4053/1551/2920 4054/1552/2921 4055/1553/2922
f 4055/1553/2922 4056/1554/2923 4053/1551/2920
f 4057/1555/2924 4058/1556/2925 4059/1557/1989
f 4059/1557/1989 4060/1558/1405 4057/1555/2924
f 4061/1559/2926 4062/1560/2927 4063/1561/2928
f 4064/1562/2929 4063/1561/2928 4062/1560/2927
f 4062/1560/2927 4065/1563/2930 4064/1562/2929
f 4066/1564/2931 4067/1565/2932 4068/1566/2933
f 4068/1566/2933 4069/1567/1378 4066/1564/2931
f 4069/1567/1378 4070/1568/2934 4066/1564/2931
f 4071/1569/2935 4070/1568/2934 4069/1567/1378
f 4069/1567/1378 4072/1570/2936 4071/1569/2935
f 4073/1571/2937 4074/1572/2938 4075/1573/2939
f 4075/1573/2939 4076/1574/2940 4073/1571/2937
f 4077/1575/2941 4073/1571/2937 4076/1574/2940
f 4078/1576/2942 4079/1577/2943 4080/1578/2944
f 4080/1578/2944 4081/1579/2945 4078/1576/2942
f 4016/1514/2885 4010/1508/2879 4082/1580/2921
f 4082/1580/2921 4020/1518/2889 4016/1514/2885
f 4083/1581/2946 4084/1582/2947 4085/1583/2948
f 4085/1583/2948 4086/1584/2949 4083/1581/2946
f 4084/1582/2947 4087/1585/2950 4088/1586/2951
f 4088/1586/2951 4085/1583/2948 4084/1582/2947
f 4087/1585/2950 4089/1587/2952 4090/1588/2953
f 4090/1588/2953 4088/1586/2951 4087/1585/2950
f 4091/1589/2954 4092/1590/2955 4093/1591/2956
f 4093/1591/2956 4094/1592/2957 4091/1589/2954
f 4095/1593/2958 4094/1592/2957 4093/1591/2956
f 4084/1582/2947 4067/1565/2932 4066/1564/2931
f 4087/1585/2950 4084/1582/2947 4066/1564/2931
f 4066/1564/2931 4070/1568/2934 4087/1585/2950
f 4089/1587/2952 4087/1585/2950 4070/1568/2934
f 4070/1568/2934 4071/1569/2935 4089/1587/2952
f 4092/1590/2955 4091/1589/2954 4074/1572/2938
f 4074/1572/2938 4073/1571/2937 4092/1590/2955
f 4096/1594/2959 4097/1595/2960 4098/1596/2961
f 4096/1594/2959 4099/1597/2962 4097/1595/2960
f 3795/1322/2694 4048/1546/2915 4052/1550/2919
f 4052/1550/2919 3796/1323/2695 3795/1322/2694
f 4043/1541/2911 4048/1546/2915 3795/1322/2694
f 3795/1322/2694 3797/1324/2696 4043/1541/2911
f 3798/1325/2697 4038/1536/2906 4043/1541/2911
f 4043/1541/2911 3797/1324/2696 3798/1325/2697
f 3799/1326/2698 4033/1531/2901 4032/1530/2900
f 4032/1530/2900 3800/1327/2699 3799/1326/2698
f 3801/1328/2700 4014/1512/2883 4013/1511/2882
f 4013/1511/2882 3802/1329/2701 3801/1328/2700
f 4100/1598/2963 4101/1599/2964 4031/1529/2899
f 4031/1529/2899 4033/1531/2901 4100/1598/2963
f 4102/1600/2965 4103/1601/2966 4101/1599/2964
f 4101/1599/2964 4100/1598/2963 4102/1600/2965
f 4104/1602/2967 4101/1599/2964 4103/1601/2966
f 4103/1601/2966 4105/1603/2968 4104/1602/2967
f 4029/1527/2897 4031/1529/2899 4101/1599/2964
f 4101/1599/2964 4104/1602/2967 4029/1527/2897
f 4106/1604/2969 4026/1524/2894 4025/1523/2893
f 4025/1523/2893 4107/1605/2970 4106/1604/2969
f 4104/1602/2967 4107/1605/2970 4025/1523/2893
f 4025/1523/2893 4029/1527/2897 4104/1602/2967
f 4105/1603/2968 4022/1520/2891 4107/1605/2970
f 4107/1605/2970 4104/1602/2967 4105/1603/2968
f 4106/1604/2969 4107/1605/2970 4022/1520/2891
f 4022/1520/2891 4023/1521/1353 4106/1604/2969
f 4108/1606/1386 4050/1548/2917 4044/1542/2912
f 4044/1542/2912 4045/1543/1369 4108/1606/1386
f 3814/1338/2710 3815/1339/2711 4102/1600/2965
f 4102/1600/2965 4100/1598/2963 3814/1338/2710
f 3814/1338/2710 4100/1598/2963 4033/1531/2901
f 4033/1531/2901 3799/1326/2698 3814/1338/2710
f 3798/1325/2697 3800/1327/2699 4032/1530/2900
f 4032/1530/2900 4038/1536/2906 3798/1325/2697
f 3816/1340/2712 4109/1607/2971 4102/1600/2965
f 4102/1600/2965 3815/1339/2711 3816/1340/2712
f 3818/1342/2714 3802/1329/2701 4013/1511/2882
f 4013/1511/2882 4018/1516/2887 3818/1342/2714
f 4109/1607/2971 4110/1608/2972 4103/1601/2966
f 4103/1601/2966 4102/1600/2965 4109/1607/2971
f 4110/1608/2972 4111/1609/2973 4105/1603/2968
f 4105/1603/2968 4103/1601/2966 4110/1608/2972
f 4105/1603/2968 4111/1609/2973 4019/1517/2888
f 4019/1517/2888 4022/1520/2891 4105/1603/2968
f 4019/1517/2888 4111/1609/2973 4015/1513/2884
f 4015/1513/2884 4016/1514/2885 4019/1517/2888
f 4009/1507/2878 4008/1506/2877 4112/1610/2974
f 4112/1610/2974 4008/1506/2877 4012/1510/2881
f 4012/1510/2881 4113/1611/2975 4112/1610/2974
f 4113/1611/2975 4012/1510/2881 4014/1512/2883
f 4014/1512/2883 4114/1612/2976 4113/1611/2975
f 4014/1512/2883 3801/1328/2700 3825/1348/2724
f 3825/1348/2724 4114/1612/2976 4014/1512/2883
f 4115/1613/2974 4116/1614/2977 4056/1554/2923
f 4116/1614/2977 4053/1551/2920 4056/1554/2923
f 4117/1615/2978 4118/1616/2979 4079/1577/2943
f 4079/1577/2943 4078/1576/2942 4117/1615/2978
f 3830/1352/2729 3831/1353/2730 4118/1616/2979
f 4118/1616/2979 4117/1615/2978 3830/1352/2729
f 4079/1577/2943 4118/1616/2979 4119/1617/2980
f 4119/1617/2980 4095/1593/2958 4079/1577/2943
f 4118/1616/2979 3831/1353/2730 3833/1355/2732
f 3833/1355/2732 4119/1617/2980 4118/1616/2979
f 4119/1617/2980 3833/1355/2732 3835/1357/2734
f 3835/1357/2734 4120/1618/2981 4119/1617/2980
f 4121/1619/2982 4092/1590/2955 4073/1571/2937
f 4092/1590/2955 4121/1619/2982 4122/1620/2983
f 4122/1620/2983 4123/1621/2984 4092/1590/2955
f 4123/1621/2984 4124/1622/2985 4092/1590/2955
f 4124/1622/2985 4080/1578/2944 4093/1591/2956
f 4093/1591/2956 4092/1590/2955 4124/1622/2985
f 4080/1578/2944 4079/1577/2943 4095/1593/2958
f 4095/1593/2958 4093/1591/2956 4080/1578/2944
f 4074/1572/2938 4091/1589/2954 4089/1587/2952
f 4089/1587/2952 4071/1569/2935 4074/1572/2938
f 4091/1589/2954 4094/1592/2957 4090/1588/2953
f 4090/1588/2953 4089/1587/2952 4091/1589/2954
f 4120/1618/2981 3835/1357/2734 3841/1363/2740
f 3841/1363/2740 4125/1623/2986 4120/1618/2981
f 4119/1617/2980 4120/1618/2981 4095/1593/2958
f 4120/1618/2981 4094/1592/2957 4095/1593/2958
f 4094/1592/2957 4120/1618/2981 4125/1623/2986
f 4125/1623/2986 4090/1588/2953 4094/1592/2957
f 4090/1588/2953 4125/1623/2986 4126/1624/2987
f 4126/1624/2987 4088/1586/2951 4090/1588/2953
f 4088/1586/2951 4126/1624/2987 4127/1625/2988
f 4127/1625/2988 4085/1583/2948 4088/1586/2951
f 4126/1624/2987 4125/1623/2986 3841/1363/2740
f 3841/1363/2740 3844/1366/2743 4126/1624/2987
f 4126/1624/2987 3844/1366/2743 3845/1367/2744
f 3845/1367/2744 4127/1625/2988 4126/1624/2987
f 4127/1625/2988 4128/1626/2989 4086/1584/2949
f 4086/1584/2949 4085/1583/2948 4127/1625/2988
f 4128/1626/2989 4127/1625/2988 3845/1367/2744
f 3845/1367/2744 3847/1369/2746 4128/1626/2989
f 3848/1370/2746 3851/1373/2749 4129/1627/2990
f 4129/1627/2990 4130/1628/2991 3848/1370/2746
f 3851/1373/2749 3853/1375/2751 4131/1629/2992
f 4131/1629/2992 4129/1627/2990 3851/1373/2749
f 3853/1375/2751 3855/1377/2753 4132/1630/2993
f 4132/1630/2993 4131/1629/2992 3853/1375/2751
f 3855/1377/2753 3857/1379/2755 4133/1631/2994
f 4133/1631/2994 4132/1630/2993 3855/1377/2753
f 4134/1632/2995 4130/1628/2991 4129/1627/2990
f 4129/1627/2990 4135/1633/2996 4134/1632/2995
f 4135/1633/2996 4129/1627/2990 4131/1629/2992
f 4131/1629/2992 4136/1634/2997 4135/1633/2996
f 4137/1635/2998 4132/1630/2993 4138/1636/2999
f 4132/1630/2993 4133/1631/2994 4138/1636/2999
f 4138/1636/2999 4133/1631/2994 4139/1637/1983
f 4139/1637/1983 4140/1638/1985 4138/1636/2999
f 4133/1631/2994 3857/1379/2755 3865/1387/1984
f 3865/1387/1984 4139/1637/1983 4133/1631/2994
f 4137/1635/2998 4138/1636/2999 4096/1594/2959
f 4096/1594/2959 4138/1636/2999 4099/1597/2962
f 4099/1597/2962 4057/1555/2924 4097/1595/2960
f 4099/1597/2962 4141/1639/1986 4057/1555/2924
f 4141/1639/1986 4058/1556/2925 4057/1555/2924
f 4141/1639/1986 4099/1597/2962 4138/1636/2999
f 4138/1636/2999 4140/1638/1985 4141/1639/1986
f 4142/1640/3000 4135/1633/2996 4136/1634/2997
f 4136/1634/2997 4143/1641/3001 4142/1640/3000
f 4135/1633/2996 4142/1640/3000 4144/1642/3002
f 4144/1642/3002 4134/1632/2995 4135/1633/2996
f 4145/1643/3003 4142/1640/3000 4143/1641/3001
f 4143/1641/3001 4146/1644/3004 4145/1643/3003
f 4064/1562/2929 4147/1645/2947 4148/1646/3002
f 4148/1646/3002 4063/1561/2928 4064/1562/2929
f 4149/1647/3005 4144/1642/3002 4142/1640/3000
f 4142/1640/3000 4145/1643/3003 4149/1647/3005
f 4150/1648/1394 4151/1649/3006 4145/1643/3003
f 4145/1643/3003 4146/1644/3004 4150/1648/1394
f 4150/1648/1394 4146/1644/3004 4152/1650/3007
f 4152/1650/3007 4153/1651/3008 4150/1648/1394
f 4071/1569/2935 4072/1570/2936 4075/1573/2939
f 4075/1573/2939 4074/1572/2938 4071/1569/2935
f 4077/1575/2941 4123/1621/2984 4122/1620/2983
f 4122/1620/2983 4121/1619/2982 4077/1575/2941
f 4121/1619/2982 4073/1571/2937 4077/1575/2941
f 4152/1650/3007 4146/1644/3004 4143/1641/3001
f 4152/1650/3007 4143/1641/3001 4096/1594/2959
f 4143/1641/3001 4136/1634/2997 4137/1635/2998
f 4137/1635/2998 4096/1594/2959 4143/1641/3001
f 4136/1634/2997 4131/1629/2992 4132/1630/2993
f 4132/1630/2993 4137/1635/2998 4136/1634/2997
f 4096/1594/2959 4098/1596/2961 4152/1650/3007
f 4154/1652/3009 4123/1621/2984 4077/1575/2941
f 4123/1621/2984 4154/1652/3009 4124/1622/2985
f 4124/1622/2985 4154/1652/3009 4081/1579/2945
f 4081/1579/2945 4080/1578/2944 4124/1622/2985
f 4155/1653/1422 4154/1652/3009 4077/1575/2941
f 4156/1654/3010 4155/1653/1422 4077/1575/2941
f 4157/1655/3011 4145/1643/3003 4151/1649/3006
f 4145/1643/3003 4157/1655/3011 4149/1647/3005
f 4158/1656/3012 4159/1657/3013 4052/1550/2919
f 4052/1550/2919 4051/1549/2918 4158/1656/3012
f 4160/1658/3014 4158/1656/3012 4051/1549/2918
f 4161/1659/3015 4162/1660/3016 4163/1661/3014
f 4164/1662/3017 4165/1663/1880 4166/1664/1430
f 4167/1665/3018 4168/1666/3019 4169/1667/3020
f 4169/1667/3020 4170/1668/3021 4167/1665/3018
f 4170/1668/3021 4169/1667/3020 3901/1413/2784
f 3901/1413/2784 3900/1147/2783 4170/1668/3021
f 4171/1669/3022 4172/1670/3023 4168/1666/3019
f 4168/1666/3019 4167/1665/3018 4171/1669/3022
f 4173/1671/3024 4174/1672/3025 4175/1673/3023
f 4175/1673/3023 4176/1674/3022 4173/1671/3024
f 4177/1675/3026 4178/1676/3027 4174/1672/3025
f 4174/1672/3025 4173/1671/3024 4177/1675/3026
f 4179/1677/3028 4180/1678/3029 4181/1679/1425
f 4181/1679/1425 4182/1680/1427 4179/1677/3028
f 4183/1681/2917 4184/1682/1430 4185/1683/3030
f 4186/1684/3030 4163/1661/3014 4162/1660/3016
f 4162/1660/3016 4187/1685/2917 4186/1684/3030
f 3796/1323/2695 4052/1550/2919 4159/1657/3013
f 4159/1657/3013 3918/1429/2795 3796/1323/2695
f 4180/1678/3029 4179/1677/3028 4188/1686/3027
f 4188/1686/3027 4189/1687/3026 4180/1678/3029
f 3901/1413/2784 4169/1667/3020 4190/1688/3031
f 4190/1688/3031 3921/1432/2798 3901/1413/2784
f 4169/1667/3020 4168/1666/3019 4191/1689/3032
f 4191/1689/3032 4190/1688/3031 4169/1667/3020
f 4168/1666/3019 4172/1670/3023 4192/1690/3033
f 4192/1690/3033 4191/1689/3032 4168/1666/3019
f 4193/1691/3034 4194/1692/3035 4195/1693/3036
f 4195/1693/3036 4196/1694/3037 4193/1691/3034
f 4194/1692/3035 4197/1695/3038 4198/1696/3039
f 4198/1696/3039 4195/1693/3036 4194/1692/3035
f 4197/1695/3038 4199/1697/1434 4200/1698/1433
f 4200/1698/1433 4198/1696/3039 4197/1695/3038
f 4192/1690/3033 4172/1670/3023 4193/1691/3034
f 4193/1691/3034 4196/1694/3037 4192/1690/3033
f 4201/1699/3040 4202/1700/3041 4203/1701/3042
f 4203/1701/3042 4204/1702/3043 4201/1699/3040
f 4204/1702/3043 4203/1701/3042 4205/1703/3044
f 4205/1703/3044 4206/1704/3045 4204/1702/3043
f 4206/1704/3045 4205/1703/3044 4207/1705/3046
f 4207/1705/3046 4208/1706/3047 4206/1704/3045
f 4202/1700/3041 4209/1707/1515 4210/1708/1517
f 4211/1709/3048 4212/1710/3049 4213/1711/3050
f 4214/1712/3050 4215/1713/3051 4216/1714/3052
f 4217/1715/3052 4218/1716/3053 4213/1711/3050
f 4203/1701/3042 4219/1717/3052 4220/1718/3054
f 4220/1718/3054 4205/1703/3044 4203/1701/3042
f 4205/1703/3044 4220/1718/3054 4221/1719/3055
f 4221/1719/3055 4207/1705/3046 4205/1703/3044
f 4222/1720/3056 4223/1721/1570 4224/1722/3057
f 4224/1722/3057 4225/1723/3058 4222/1720/3056
f 4222/1720/3056 4225/1723/3058 4226/1724/3059
f 4226/1724/3059 4227/1725/3052 4222/1720/3056
f 4227/1725/3052 4226/1724/3059 4228/1726/3060
f 4228/1726/3060 4229/1727/3061 4227/1725/3052
f 4229/1727/3061 4228/1726/3060 4230/1728/3062
f 4230/1728/3062 4231/1729/3063 4229/1727/3061
f 4225/1723/3058 4232/1730/3064 4233/1731/3065
f 4233/1731/3065 4226/1724/3059 4225/1723/3058
f 4226/1724/3059 4233/1731/3065 4234/1732/3066
f 4234/1732/3066 4228/1726/3060 4226/1724/3059
f 4228/1726/3060 4234/1732/3066 4235/1733/3067
f 4235/1733/3067 4230/1728/3062 4228/1726/3060
f 4201/1699/3040 4236/1734/1516 4209/1707/1515
f 4209/1707/1515 4202/1700/3041 4201/1699/3040
f 4212/1710/3049 4211/1709/3048 4237/1735/3068
f 4225/1723/3058 4224/1722/3057 4238/1736/1519
f 4238/1736/1519 4232/1730/3064 4225/1723/3058
f 4239/1737/3069 4240/1738/3070 4241/1739/3071
f 4241/1739/3071 4242/1740/3072 4239/1737/3069
f 4206/1704/3045 4208/1706/3047 4243/1741/3073
f 4243/1741/3073 4244/1742/3074 4206/1704/3045
f 4245/1743/3075 4246/1744/3076 4247/1745/3077
f 4247/1745/3077 4248/1746/3078 4245/1743/3075
f 4236/1734/1516 4201/1699/3040 4249/1747/3079
f 4249/1747/3079 4250/1748/3080 4236/1734/1516
f 4251/1749/3081 4252/1750/3082 4253/1751/3083
f 4253/1751/3083 4254/1752/3084 4251/1749/3081
f 4252/1750/3082 4255/1753/3085 4256/1754/3086
f 4256/1754/3086 4253/1751/3083 4252/1750/3082
f 4255/1753/3085 4257/1755/3087 4258/1756/3088
f 4259/1756/3088 4260/1754/3089 4261/1753/3090
f 4262/1757/1476 4251/1749/3081 4263/1752/3091
f 4263/1752/3091 4264/1758/3092 4262/1757/1476
f 4200/1698/1433 4264/1758/3093 4198/1696/3039
f 4256/1754/3089 4258/1756/3088 4190/1688/3031
f 4190/1688/3031 4191/1689/3032 4256/1754/3089
f 4256/1754/3086 4265/1690/3033 4253/1751/3083
f 4192/1690/3033 4256/1754/3089 4191/1689/3032
f 4253/1751/3083 4192/1690/3033 4196/1694/3037
f 4254/1752/3084 4196/1694/3037 4195/1693/3036
f 4196/1694/3037 4254/1752/3084 4253/1751/3083
f 4254/1752/3084 4195/1693/3036 4198/1696/3039
f 4198/1696/3039 4264/1758/3093 4254/1752/3084
f 4249/1747/3079 4266/1759/3094 4267/1760/3095
f 4267/1760/3095 4245/1743/3075 4249/1747/3079
f 4245/1743/3075 4267/1760/3095 4268/1761/3096
f 4268/1761/3096 4246/1744/3076 4245/1743/3075
f 4267/1760/3095 4239/1737/3069 4242/1740/3072
f 4242/1740/3072 4268/1761/3096 4267/1760/3095
f 4266/1759/3094 4244/1742/3074 4239/1737/3069
f 4239/1737/3069 4267/1760/3095 4266/1759/3094
f 4246/1744/3076 4251/1749/3081 4262/1757/1476
f 4262/1757/1476 4247/1745/3077 4246/1744/3076
f 4251/1749/3081 4246/1744/3076 4268/1761/3096
f 4268/1761/3096 4252/1750/3082 4251/1749/3081
f 4268/1761/3096 4242/1740/3072 4255/1753/3085
f 4255/1753/3085 4252/1750/3082 4268/1761/3096
f 4242/1740/3072 4241/1739/3071 4257/1755/3087
f 4257/1755/3087 4255/1753/3085 4242/1740/3072
f 4152/1650/3007 4098/1596/2961 4153/1651/3008
f 4098/1596/2961 4097/1595/2960 4057/1555/2924
f 4057/1555/2924 4153/1651/3008 4098/1596/2961
f 4153/1651/3008 4057/1555/2924 4060/1558/1405
f 3816/1340/2712 3818/1342/2714 4018/1516/2887
f 4018/1516/2887 4109/1607/2971 3816/1340/2712
f 4018/1516/2887 4017/1515/2886 4110/1608/2972
f 4110/1608/2972 4109/1607/2971 4018/1516/2887
f 4017/1515/2886 4015/1513/2884 4111/1609/2973
f 4111/1609/2973 4110/1608/2972 4017/1515/2886
f 4244/1742/3074 4243/1741/3073 4240/1738/3070
f 4240/1738/3070 4239/1737/3069 4244/1742/3074
f 4250/1748/3080 4249/1747/3079 4245/1743/3075
f 4245/1743/3075 4248/1746/3078 4250/1748/3080
f 4266/1759/3094 4249/1747/3079 4201/1699/3040
f 4201/1699/3040 4204/1702/3043 4266/1759/3094
f 4244/1742/3074 4266/1759/3094 4204/1702/3043
f 4204/1702/3043 4206/1704/3045 4244/1742/3074
f 4208/1706/3047 4207/1705/3046 3997/1495/2866
f 3997/1495/2866 3996/1494/2865 4208/1706/3047
f 4207/1705/3046 4221/1719/3055 3998/1496/2867
f 3998/1496/2867 3997/1495/2866 4207/1705/3046
f 4231/1729/3063 4230/1728/3062 4000/1498/2869
f 4000/1498/2869 3999/1497/2868 4231/1729/3063
f 4230/1728/3062 4235/1733/3067 4001/1499/2870
f 4001/1499/2870 4000/1498/2869 4230/1728/3062
f 4240/1738/3070 4003/1501/2872 4002/1500/2871
f 4002/1500/2871 4241/1739/3071 4240/1738/3070
f 4208/1706/3047 3996/1494/2865 4004/1502/2873
f 4004/1502/2873 4243/1741/3073 4208/1706/3047
f 4257/1755/3087 4006/1504/2875 4005/1503/2874
f 4005/1503/2874 4258/1756/3088 4257/1755/3087
f 4258/1756/3088 4005/1503/2874 3921/1432/2798
f 3921/1432/2798 4190/1688/3031 4258/1756/3088
f 4241/1739/3071 4002/1500/2871 4006/1504/2875
f 4006/1504/2875 4257/1755/3087 4241/1739/3071
f 4243/1741/3073 4004/1502/2873 4003/1501/2872
f 4003/1501/2872 4240/1738/3070 4243/1741/3073
f 4269/1762/3097 4270/1763/3098 4271/1764/3098
f 4271/1764/3098 4272/1765/3097 4269/1762/3097
f 4273/1766/3098 4274/1767/3099 4275/1768/3099
f 4275/1768/3099 4276/1769/3098 4273/1766/3098
f 4274/1767/3099 4277/1770/3100 4278/1771/3100
f 4278/1771/3100 4275/1768/3099 4274/1767/3099
f 4277/1770/3100 4279/1772/3101 4280/1773/3101
f 4280/1773/3101 4278/1771/3100 4277/1770/3100
f 4281/1774/3102 4282/1775/3103 4283/1776/3103
f 4283/1776/3103 4284/1777/3101 4281/1774/3102
f 4282/1775/3103 4285/1778/3104 4286/1779/3104
f 4286/1779/3104 4283/1776/3103 4282/1775/3103
f 4287/1780/3104 4288/1781/3105 4289/1782/3105
f 4289/1782/3105 4290/1783/3104 4287/1780/3104
f 4288/1781/3105 4291/1784/3106 4292/1785/3106
f 4292/1785/3106 4289/1782/3105 4288/1781/3105
f 4291/1784/3106 4293/1786/3107 4294/1787/3107
f 4294/1787/3107 4292/1785/3106 4291/1784/3106
f 4295/1788/3108 4269/1762/3097 4272/1765/3097
f 4272/1765/3097 4296/1789/3107 4295/1788/3108
s 0
f 4297/1790/1351 4298/1791/1351 4299/1792/1351
f 4299/1792/1351 4300/1793/1351 4301/1794/1351
f 4301/1794/1351 4302/1795/1351 4303/1796/1351
f 4303/1796/1351 4304/1797/1351 4305/1798/1351
f 4301/1794/1351 4303/1796/1351 4305/1798/1351
f 4299/1792/1351 4301/1794/1351 4305/1798/1351
f 4297/1790/1351 4299/1792/1351 4305/1798/1351
f 4306/1799/1351 4297/1790/1351 4305/1798/1351
f 4307/1800/638 4308/1801/638 4309/1802/638
f 4309/1802/638 4310/1803/638 4311/1804/638
f 4311/1804/638 4312/1805/638 4313/1806/638
f 4313/1806/638 4314/1807/638 4315/1808/638
f 4311/1804/638 4313/1806/638 4315/1808/638
f 4309/1802/638 4311/1804/638 4315/1808/638
f 4307/1800/638 4309/1802/638 4315/1808/638
f 4316/1809/638 4307/1800/638 4315/1808/638
f 4317/1810/638 4318/1811/638 4319/1812/638
f 4319/1812/638 4320/1813/638 4317/1810/638
f 4318/1811/638 4321/1814/638 4322/1815/638
f 4322/1815/638 4319/1812/638 4318/1811/638
f 4321/1814/638 4323/1816/638 4324/1817/638
f 4324/1817/638 4322/1815/638 4321/1814/638
f 4323/1816/638 4325/1818/638 4326/1819/638
f 4326/1819/638 4324/1817/638 4323/1816/638
f 4325/1818/638 4327/1820/638 4328/1821/638
f 4328/1821/638 4326/1819/638 4325/1818/638
f 4327/1820/638 4329/1822/638 4330/1823/638
f 4330/1823/638 4328/1821/638 4327/1820/638
f 4329/1822/638 4331/1824/638 4332/1825/638
f 4332/1825/638 4330/1823/638 4329/1822/638
f 4331/1824/638 4333/1826/638 4334/1827/638
f 4334/1827/638 4332/1825/638 4331/1824/638
f 4333/1826/638 4335/1828/638 4336/1829/638
f 4336/1829/638 4334/1827/638 4333/1826/638
f 4335/1828/638 4317/1810/638 4320/1813/638
f 4320/1813/638 4336/1829/638 4335/1828/638
s 1
f 4337/1830/3109 4338/1831/3110 4339/1832/3110
f 4339/1832/3110 4340/1833/3109 4337/1830/3109
f 4341/1834/3110 4342/1835/3111 4343/1836/3111
f 4343/1836/3111 4344/1837/3112 4341/1834/3110
f 4345/1835/3113 4346/1838/3114 4347/1839/3115
f 4347/1839/3115 4348/1836/3116 4345/1835/3113
f 4349/1838/3117 4350/1840/3118 4351/1841/3118
f 4351/1841/3118 4352/1839/3119 4349/1838/3117
f 4353/1842/3118 4354/1843/3120 4355/1844/3120
f 4355/1844/3120 4356/1845/3121 4353/1842/3118
f 4357/1843/3120 4358/1846/3122 4359/1847/3123
f 4359/1847/3123 4360/1844/3120 4357/1843/3120
f 4361/1848/3122 4362/1849/3124 4363/1850/3124
f 4363/1850/3124 4364/1851/3122 4361/1848/3122
f 4365/1849/3125 4366/1852/3126 4367/1853/3127
f 4367/1853/3127 4368/1850/3125 4365/1849/3125
f 4369/1852/3128 4370/1854/3129 4371/1855/3129
f 4371/1855/3129 4372/1853/3130 4369/1852/3128
f 4373/1856/3129 4374/1830/3109 4375/1833/3109
f 4375/1833/3109 4376/1857/3131 4373/1856/3129
f 4377/1763/3132 4378/1762/3133 4379/1764/3134
f 4380/1765/3133 4379/1764/3134 4378/1762/3133
f 4381/1767/3135 4382/1766/3134 4383/1768/3135
f 4384/1769/3134 4383/1768/3135 4382/1766/3134
f 4385/1770/3136 4381/1767/3135 4386/1771/3136
f 4383/1768/3135 4386/1771/3136 4381/1767/3135
f 4387/1772/3137 4385/1770/3136 4388/1773/3137
f 4386/1771/3136 4388/1773/3137 4385/1770/3136
f 4389/1775/3138 4390/1774/3137 4391/1776/3138
f 4392/1777/3139 4391/1776/3138 4390/1774/3137
f 4393/1778/3140 4389/1775/3138 4394/1779/3141
f 4391/1776/3138 4394/1779/3141 4389/1775/3138
f 4395/1781/3142 4396/1780/3141 4397/1782/3142
f 4398/1783/3141 4397/1782/3142 4396/1780/3141
f 4399/1784/3143 4395/1781/3142 4400/1785/3143
f 4397/1782/3142 4400/1785/3143 4395/1781/3142
f 4401/1786/3144 4399/1784/3143 4402/1787/3144
f 4400/1785/3143 4402/1787/3144 4399/1784/3143
f 4378/1762/3133 4403/1788/3144 4380/1765/3133
f 4404/1789/3144 4380/1765/3133 4403/1788/3144
s 0
f 4405/1791/638 4406/1790/638 4407/1792/638
f 4408/1793/638 4407/1792/638 4409/1794/638
f 4410/1795/638 4409/1794/638 4411/1796/638
f 4412/1797/638 4411/1796/638 4413/1798/638
f 4411/1796/638 4409/1794/638 4413/1798/638
f 4409/1794/638 4407/1792/638 4413/1798/638
f 4407/1792/638 4406/1790/638 4413/1798/638
f 4406/1790/638 4414/1799/638 4413/1798/638
f 4415/1801/1351 4416/1800/1351 4417/1802/1351
f 4418/1803/1351 4417/1802/1351 4419/1804/1351
f 4420/1805/1351 4419/1804/1351 4421/1806/1351
f 4422/1807/1351 4421/1806/1351 4423/1808/1351
f 4421/1806/1351 4419/1804/1351 4423/1808/1351
f 4419/1804/1351 4417/1802/1351 4423/1808/1351
f 4417/1802/1351 4416/1800/1351 4423/1808/1351
f 4416/1800/1351 4424/1809/1351 4423/1808/1351
f 4425/1811/1351 4426/1810/1351 4427/1812/1351
f 4428/1813/1351 4427/1812/1351 4426/1810/1351
f 4429/1814/1351 4425/1811/1351 4430/1815/1351
f 4427/1812/1351 4430/1815/1351 4425/1811/1351
f 4431/1816/1351 4429/1814/1351 4432/1817/1351
f 4430/1815/1351 4432/1817/1351 4429/1814/1351
f 4433/1818/1351 4431/1816/1351 4434/1819/1351
f 4432/1817/1351 4434/1819/1351 4431/1816/1351
f 4435/1820/1351 4433/1818/1351 4436/1821/1351
f 4434/1819/1351 4436/1821/1351 4433/1818/1351
f 4437/1822/1351 4435/1820/1351 4438/1823/1351
f 4436/1821/1351 4438/1823/1351 4435/1820/1351
f 4439/1824/1351 4437/1822/1351 4440/1825/1351
f 4438/1823/1351 4440/1825/1351 4437/1822/1351
f 4441/1826/1351 4439/1824/1351 4442/1827/1351
f 4440/1825/1351 4442/1827/1351 4439/1824/1351
f 4443/1828/1351 4441/1826/1351 4444/1829/1351
f 4442/1827/1351 4444/1829/1351 4441/1826/1351
f 4426/1810/1351 4443/1828/1351 4428/1813/1351
f 4444/1829/1351 4428/1813/1351 4443/1828/1351
s 1
f 4445/1831/3145 4446/1830/3146 4447/1832/3145
f 4448/1833/3146 4447/1832/3145 4446/1830/3146
f 4449/1835/3147 4450/1834/3145 4451/1836/3148
f 4452/1837/3149 4451/1836/3148 4450/1834/3145
f 4453/1838/3150 4454/1835/3151 4455/1839/3152
f 4456/1836/3153 4455/1839/3152 4454/1835/3151
f 4457/1840/3154 4458/1838/3155 4459/1841/3156
f 4460/1839/3155 4459/1841/3156 4458/1838/3155
f 4461/1843/3157 4462/1842/3154 4463/1844/3158
f 4464/1845/3154 4463/1844/3158 4462/1842/3154
f 4465/1846/3159 4466/1843/3157 4467/1847/3160
f 4468/1844/3157 4467/1847/3160 4466/1843/3157
f 4469/1849/3161 4470/1848/3159 4471/1850/3161
f 4472/1851/3159 4471/1850/3161 4470/1848/3159
f 4473/1852/3162 4474/1849/3163 4475/1853/3162
f 4476/1850/3164 4475/1853/3162 4474/1849/3163
f 4477/1854/3165 4478/1852/3166 4479/1855/3167
f 4480/1853/3166 4479/1855/3167 4478/1852/3166
f 4481/1830/3146 4482/1856/3165 4483/1833/3146
f 4484/1857/3165 4483/1833/3146 4482/1856/3165
f 4485/1762/3138 4486/1763/3137 4487/1764/3137
f 4487/1764/3137 4488/1765/3138 4485/1762/3138
f 4489/1766/3137 4490/1767/3136 4491/1768/3136
f 4491/1768/3136 4492/1769/3137 4489/1766/3137
f 4490/1767/3136 4493/1770/3135 4494/1771/3135
f 4494/1771/3135 4491/1768/3136 4490/1767/3136
f 4493/1770/3135 4495/1772/3134 4496/1773/3134
f 4496/1773/3134 4494/1771/3135 4493/1770/3135
f 4497/1774/3132 4498/1775/3133 4499/1776/3133
f 4499/1776/3133 4500/1777/3134 4497/1774/3132
f 4498/1775/3133 4501/1778/3144 4502/1779/3144
f 4502/1779/3144 4499/1776/3133 4498/1775/3133
f 4503/1780/3144 4504/1781/3143 4505/1782/3143
f 4505/1782/3143 4506/1783/3144 4503/1780/3144
f 4504/1781/3143 4507/1784/3142 4508/1785/3142
f 4508/1785/3142 4505/1782/3143 4504/1781/3143
f 4507/1784/3142 4509/1786/3141 4510/1787/3141
f 4510/1787/3141 4508/1785/3142 4507/1784/3142
f 4511/1788/3140 4485/1762/3138 4488/1765/3138
f 4488/1765/3138 4512/1789/3141 4511/1788/3140
s 0
f 4513/1790/638 4514/1791/638 4515/1792/638
f 4515/1792/638 4516/1793/638 4517/1794/638
f 4517/1794/638 4518/1795/638 4519/1796/638
f 4519/1796/638 4520/1797/638 4521/1798/638
f 4517/1794/638 4519/1796/638 4521/1798/638
f 4515/1792/638 4517/1794/638 4521/1798/638
f 4513/1790/638 4515/1792/638 4521/1798/638
f 4522/1799/638 4513/1790/638 4521/1798/638
f 4523/1800/1351 4524/1801/1351 4525/1802/1351
f 4525/1802/1351 4526/1803/1351 4527/1804/1351
f 4527/1804/1351 4528/1805/1351 4529/1806/1351
f 4529/1806/1351 4530/1807/1351 4531/1808/1351
f 4527/1804/1351 4529/1806/1351 4531/1808/1351
f 4525/1802/1351 4527/1804/1351 4531/1808/1351
f 4523/1800/1351 4525/1802/1351 4531/1808/1351
f 4532/1809/1351 4523/1800/1351 4531/1808/1351
f 4533/1810/1351 4534/1811/1351 4535/1812/1351
f 4535/1812/1351 4536/1813/1351 4533/1810/1351
f 4534/1811/1351 4537/1814/1351 4538/1815/1351
f 4538/1815/1351 4535/1812/1351 4534/1811/1351
f 4537/1814/1351 4539/1816/1351 4540/1817/1351
f 4540/1817/1351 4538/1815/1351 4537/1814/1351
f 4539/1816/1351 4541/1818/1351 4542/1819/1351
f 4542/1819/1351 4540/1817/1351 4539/1816/1351
f 4541/1818/1351 4543/1820/1351 4544/1821/1351
f 4544/1821/1351 4542/1819/1351 4541/1818/1351
f 4543/1820/1351 4545/1822/1351 4546/1823/1351
f 4546/1823/1351 4544/1821/1351 4543/1820/1351
f 4545/1822/1351 4547/1824/1351 4548/1825/1351
f 4548/1825/1351 4546/1823/1351 4545/1822/1351
f 4547/1824/1351 4549/1826/1351 4550/1827/1351
f 4550/1827/1351 4548/1825/1351 4547/1824/1351
f 4549/1826/1351 4551/1828/1351 4552/1829/1351
f 4552/1829/1351 4550/1827/1351 4549/1826/1351
f 4551/1828/1351 4533/1810/1351 4536/1813/1351
f 4536/1813/1351 4552/1829/1351 4551/1828/1351
s 1
f 4553/1830/3157 4554/1831/3154 4555/1832/3154
f 4555/1832/3154 4556/1833/3158 4553/1830/3157
f 4557/1834/3154 4558/1835/3155 4559/1836/3155
f 4559/1836/3155 4560/1837/3154 4557/1834/3154
f 4561/1835/3150 4562/1838/3151 4563/1839/3151
f 4563/1839/3151 4564/1836/3152 4561/1835/3150
f 4565/1838/3147 4566/1840/3145 4567/1841/3149
f 4567/1841/3149 4568/1839/3148 4565/1838/3147
f 4569/1842/3145 4570/1843/3146 4571/1844/3146
f 4571/1844/3146 4572/1845/3149 4569/1842/3145
f 4573/1843/3146 4574/1846/3165 4575/1847/3165
f 4575/1847/3165 4576/1844/3146 4573/1843/3146
f 4577/1848/3165 4578/1849/3166 4579/1850/3168
f 4579/1850/3168 4580/1851/3165 4577/1848/3165
f 4581/1849/3162 4582/1852/3163 4583/1853/3163
f 4583/1853/3163 4584/1850/3162 4581/1849/3162
f 4585/1852/3161 4586/1854/3159 4587/1855/3169
f 4587/1855/3169 4588/1853/3170 4585/1852/3161
f 4589/1856/3159 4590/1830/3157 4591/1833/3157
f 4591/1833/3157 4592/1857/3159 4589/1856/3159
f 4593/1763/3102 4594/1762/3103 4595/1764/3101
f 4596/1765/3103 4595/1764/3101 4594/1762/3103
f 4597/1767/3100 4598/1766/3101 4599/1768/3100
f 4600/1769/3101 4599/1768/3100 4598/1766/3101
f 4601/1770/3099 4597/1767/3100 4602/1771/3099
f 4599/1768/3100 4602/1771/3099 4597/1767/3100
f 4603/1772/3098 4601/1770/3099 4604/1773/3098
f 4602/1771/3099 4604/1773/3098 4601/1770/3099
f 4605/1775/3097 4606/1774/3098 4607/1776/3097
f 4608/1777/3171 4607/1776/3097 4606/1774/3098
f 4609/1778/3107 4605/1775/3097 4610/1779/3107
f 4607/1776/3097 4610/1779/3107 4605/1775/3097
f 4611/1781/3106 4612/1780/3107 4613/1782/3106
f 4614/1783/3107 4613/1782/3106 4612/1780/3107
f 4615/1784/3105 4611/1781/3106 4616/1785/3105
f 4613/1782/3106 4616/1785/3105 4611/1781/3106
f 4617/1786/3104 4615/1784/3105 4618/1787/3104
f 4616/1785/3105 4618/1787/3104 4615/1784/3105
f 4594/1762/3103 4619/1788/3104 4596/1765/3103
f 4620/1789/3104 4596/1765/3103 4619/1788/3104
s 0
f 4621/1791/1351 4622/1790/1351 4623/1792/1351
f 4624/1793/1351 4623/1792/1351 4625/1794/1351
f 4626/1795/1351 4625/1794/1351 4627/1796/1351
f 4628/1797/1351 4627/1796/1351 4629/1798/1351
f 4627/1796/1351 4625/1794/1351 4629/1798/1351
f 4625/1794/1351 4623/1792/1351 4629/1798/1351
f 4623/1792/1351 4622/1790/1351 4629/1798/1351
f 4622/1790/1351 4630/1799/1351 4629/1798/1351
f 4631/1801/638 4632/1800/638 4633/1802/638
f 4634/1803/638 4633/1802/638 4635/1804/638
f 4636/1805/638 4635/1804/638 4637/1806/638
f 4638/1807/638 4637/1806/638 4639/1808/638
f 4637/1806/638 4635/1804/638 4639/1808/638
f 4635/1804/638 4633/1802/638 4639/1808/638
f 4633/1802/638 4632/1800/638 4639/1808/638
f 4632/1800/638 4640/1809/638 4639/1808/638
f 4641/1811/638 4642/1810/638 4643/1812/638
f 4644/1813/638 4643/1812/638 4642/1810/638
f 4645/1814/638 4641/1811/638 4646/1815/638
f 4643/1812/638 4646/1815/638 4641/1811/638
f 4647/1816/638 4645/1814/638 4648/1817/638
f 4646/1815/638 4648/1817/638 4645/1814/638
f 4649/1818/638 4647/1816/638 4650/1819/638
f 4648/1817/638 4650/1819/638 4647/1816/638
f 4651/1820/638 4649/1818/638 4652/1821/638
f 4650/1819/638 4652/1821/638 4649/1818/638
f 4653/1822/638 4651/1820/638 4654/1823/638
f 4652/1821/638 4654/1823/638 4651/1820/638
f 4655/1824/638 4653/1822/638 4656/1825/638
f 4654/1823/638 4656/1825/638 4653/1822/638
f 4657/1826/638 4655/1824/638 4658/1827/638
f 4656/1825/638 4658/1827/638 4655/1824/638
f 4659/1828/638 4657/1826/638 4660/1829/638
f 4658/1827/638 4660/1829/638 4657/1826/638
f 4642/1810/638 4659/1828/638 4644/1813/638
f 4660/1829/638 4644/1813/638 4659/1828/638
s 1
f 4661/1831/3118 4662/1830/3120 4663/1832/3121
f 4664/1833/3120 4663/1832/3121 4662/1830/3120
f 4665/1835/3117 4666/1834/3118 4667/1836/3119
f 4668/1837/3121 4667/1836/3119 4666/1834/3118
f 4669/1838/3113 4670/1835/3114 4671/1839/3116
f 4672/1836/3114 4671/1839/3116 4670/1835/3114
f 4673/1840/3110 4674/1838/3111 4675/1841/3112
f 4676/1839/3172 4675/1841/3112 4674/1838/3111
f 4677/1843/3109 4678/1842/3110 4679/1844/3109
f 4680/1845/3110 4679/1844/3109 4678/1842/3110
f 4681/1846/3129 4682/1843/3109 4683/1847/3129
f 4684/1844/3109 4683/1847/3129 4682/1843/3109
f 4685/1849/3128 4686/1848/3129 4687/1850/3130
f 4688/1851/3129 4687/1850/3130 4686/1848/3129
f 4689/1852/3125 4690/1849/3126 4691/1853/3125
f 4692/1850/3126 4691/1853/3125 4690/1849/3126
f 4693/1854/3122 4694/1852/3124 4695/1855/3173
f 4696/1853/3174 4695/1855/3173 4694/1852/3124
f 4697/1830/3120 4698/1856/3122 4699/1833/3120
f 4700/1857/3122 4699/1833/3120 4698/1856/3122
s 0
f 4701/1858/3175 4702/1859/3175 4703/1860/3175
f 4703/1860/3175 4704/1861/3175 4701/1858/3175
s 1
f 4705/1862/3176 4706/1863/3176 4707/1864/3177
f 4707/1864/3177 4708/1865/3177 4705/1862/3176
s 0
f 4709/1866/1351 4710/1867/1351 4711/1868/1351
f 4711/1868/1351 4712/1869/1351 4709/1866/1351
s 1
f 4713/1870/3178 4714/1871/3178 4715/1872/3179
f 4715/1872/3179 4716/1873/3179 4713/1870/3178
s 0
f 4717/1874/638 4718/1875/638 4719/1876/638
f 4719/1876/638 4720/1877/638 4717/1874/638
s 1
f 4721/1878/3176 4722/1879/3176 4723/1880/3177
f 4723/1880/3177 4724/1881/3177 4721/1878/3176
s 0
f 4725/1882/1351 4726/1883/1351 4727/1884/1351
f 4727/1884/1351 4728/1885/1351 4725/1882/1351
s 1
f 4729/1886/3178 4730/1887/3178 4731/1888/3179
f 4731/1888/3179 4732/1889/3179 4729/1886/3178
s 0
f 4733/1890/638 4734/1891/638 4735/1892/638
f 4735/1892/638 4736/1893/638 4733/1890/638
f 4737/1859/1348 4738/1858/1348 4739/1860/1348
f 4740/1861/1348 4739/1860/1348 4738/1858/1348
s 1
f 4741/1863/3176 4742/1862/3176 4743/1864/1349
f 4744/1865/1349 4743/1864/1349 4742/1862/3176
s 0
f 4745/1867/1351 4746/1866/1351 4747/1868/1351
f 4748/1869/1351 4747/1868/1351 4746/1866/1351
s 1
f 4749/1871/3178 4750/1870/3178 4751/1872/1350
f 4752/1873/1350 4751/1872/1350 4750/1870/3178
s 0
f 4753/1875/638 4754/1874/638 4755/1876/638
f 4756/1877/638 4755/1876/638 4754/1874/638
s 1
f 4757/1879/3176 4758/1878/3176 4759/1880/1349
f 4760/1881/1349 4759/1880/1349 4758/1878/3176
s 0
f 4761/1883/1351 4762/1882/1351 4763/1884/1351
f 4764/1885/1351 4763/1884/1351 4762/1882/1351
s 1
f 4765/1887/3178 4766/1886/3178 4767/1888/1350
f 4768/1889/1350 4767/1888/1350 4766/1886/3178
s 0
f 4769/1891/638 4770/1890/638 4771/1892/638
f 4772/1893/638 4771/1892/638 4770/1890/638
f 4773/1858/638 4774/1859/638 4775/1860/638
f 4775/1860/638 4776/1861/638 4773/1858/638
f 4777/1862/1349 4778/1863/1349 4779/1864/1349
f 4779/1864/1349 4780/1865/1349 4777/1862/1349
f 4781/1866/3175 4782/1867/3175 4783/1868/3175
f 4783/1868/3175 4784/1869/3175 4781/1866/3175
f 4785/1870/1350 4786/1871/1350 4787/1872/1350
f 4787/1872/1350 4788/1873/1350 4785/1870/1350
f 4789/1874/1348 4790/1875/1348 4791/1876/1348
f 4791/1876/1348 4792/1877/1348 4789/1874/1348
f 4793/1878/1349 4794/1879/1349 4795/1880/1349
f 4795/1880/1349 4796/1881/1349 4793/1878/1349
f 4797/1882/3175 4798/1883/3175 4799/1884/3175
f 4799/1884/3175 4800/1885/3175 4797/1882/3175
f 4801/1886/1350 4802/1887/1350 4803/1888/1350
f 4803/1888/1350 4804/1889/1350 4801/1886/1350
f 4805/1890/1348 4806/1891/1348 4807/1892/1348
f 4807/1892/1348 4808/1893/1348 4805/1890/1348
f 4809/1859/1351 4810/1858/1351 4811/1860/1351
f 4812/1861/1351 4811/1860/1351 4810/1858/1351
f 4813/1863/1349 4814/1862/1349 4815/1864/1349
f 4816/1865/1349 4815/1864/1349 4814/1862/1349
f 4817/1867/3175 4818/1866/3175 4819/1868/3175
f 4820/1869/3175 4819/1868/3175 4818/1866/3175
f 4821/1871/1350 4822/1870/1350 4823/1872/1350
f 4824/1873/1350 4823/1872/1350 4822/1870/1350
f 4825/1875/1348 4826/1874/1348 4827/1876/1348
f 4828/1877/1348 4827/1876/1348 4826/1874/1348
f 4829/1879/1349 4830/1878/1349 4831/1880/1349
f 4832/1881/1349 4831/1880/1349 4830/1878/1349
f 4833/1883/3175 4834/1882/3175 4835/1884/3175
f 4836/1885/3175 4835/1884/3175 4834/1882/3175
f 4837/1887/1350 4838/1886/1350 4839/1888/1350
f 4840/1889/1350 4839/1888/1350 4838/1886/1350
f 4841/1891/1348 4842/1890/1348 4843/1892/1348
f 4844/1893/1348 4843/1892/1348 4842/1890/1348
